recipe_id,energy_ev,dose_s,ion_s,temperature_k,epc_nm,data_origin
0,61.906546322234554,3.951076810841178,2.013094304754034,465.5875437093767,0.12987012815397503,synthetic_uncalibrated_model
1,65.4069811829662,4.949961872100913,1.5436546083394183,379.9138344367283,0.14825555299349535,synthetic_uncalibrated_model
2,83.14919686065004,3.714829766349223,3.1186065165178296,396.8252225836068,0.1981721894323627,synthetic_uncalibrated_model
3,36.84088658808427,3.2490345963090097,4.17433687896165,479.8461932327166,0.08781681591749912,synthetic_uncalibrated_model
4,14.80416511062101,4.756817255417232,0.15066332423956147,382.6613852129378,0.0,synthetic_uncalibrated_model
5,20.050186167503114,2.2831807365205163,0.422698457435564,430.18152181477274,0.017434366488686195,synthetic_uncalibrated_model
6,77.65718686590546,1.9146610428768736,1.410118736835452,490.6519441336735,0.10117006099832665,synthetic_uncalibrated_model
7,84.06173959794293,4.401579592572234,4.535450659980504,409.92850289523057,0.23897686022546816,synthetic_uncalibrated_model
8,76.94025997181599,5.261966378841405,5.8783275441195,474.1011514406742,0.23051710592180952,synthetic_uncalibrated_model
9,51.68919840626135,0.7936018898767742,0.2754055749122558,404.627109599895,0.037604763386430956,synthetic_uncalibrated_model
10,48.40401418137106,1.2237761715437645,4.150920028295456,340.0320506198476,0.10159039672407139,synthetic_uncalibrated_model
11,6.435365702363625,4.11908005134052,4.459622528702081,364.3643964397303,0.0,synthetic_uncalibrated_model
12,33.249997041543494,1.0490418604362075,1.6654591166028803,302.55819831558955,0.06536413980901817,synthetic_uncalibrated_model
13,43.499294782205155,1.6042913525259053,1.1461766416665295,281.46197256181034,0.08435693615678785,synthetic_uncalibrated_model
14,32.154783241962704,0.5111436589218452,5.632489061941174,420.77021566987844,0.04044181744770964,synthetic_uncalibrated_model
15,44.47709612994331,4.112358528414003,5.219913356194278,310.3593018191818,0.1435425932974126,synthetic_uncalibrated_model
16,62.843273667675774,5.294832490609404,1.4215089545292,290.08133080527983,0.14457726518821612,synthetic_uncalibrated_model
17,41.04550304786663,4.798052579932502,1.9996176636792886,334.27981535604994,0.1262449572415688,synthetic_uncalibrated_model
18,67.8607081881768,1.3369921281819812,0.3462294955625085,390.6831287948621,0.06274763060580052,synthetic_uncalibrated_model
19,10.493174934226033,2.385008469864041,5.809060915600876,426.4276226547843,0.0,synthetic_uncalibrated_model
20,19.346565759050826,0.7101568158001718,1.0019768749341968,431.2947426654347,0.023497199864479207,synthetic_uncalibrated_model
21,81.34596422699795,2.511149589263043,0.6088716015213577,417.69003589095325,0.1069404166921597,synthetic_uncalibrated_model
22,15.51789352997611,3.2250107021061747,0.7897464254379865,377.66279529235425,0.004102379909743437,synthetic_uncalibrated_model
23,59.65138591713286,5.068933587589363,3.0740529977231517,477.9983734935337,0.13438229346889585,synthetic_uncalibrated_model
24,27.13482566604076,2.7617878089541104,0.9612069739202853,354.123140262158,0.06647137713672685,synthetic_uncalibrated_model
25,61.59247330109615,4.829363214821904,5.740339689264499,359.4401321281698,0.20651894990777908,synthetic_uncalibrated_model
26,67.09443510086984,2.8847583857138583,4.630944523226892,332.13869796298684,0.1926956873659813,synthetic_uncalibrated_model
27,35.482618839896716,5.12723990377451,4.939187236301265,402.8797558739612,0.1297316581710093,synthetic_uncalibrated_model
28,26.409666427477344,4.0761920421248155,5.724623300923012,463.7528185687255,0.09936675310906057,synthetic_uncalibrated_model
29,39.826788535147465,5.666224406386692,2.3738160769202463,298.4965800915638,0.12930345294105483,synthetic_uncalibrated_model
30,18.455896404453718,2.0277992932252995,1.2479008248303893,330.35852596960996,0.03362523861306449,synthetic_uncalibrated_model
31,23.613638377739683,5.292037464396108,0.7145883346795011,416.7939952828246,0.04454223477847666,synthetic_uncalibrated_model
32,45.982961608335835,1.0282306877500371,2.159568725948641,325.33605311864187,0.077735446711787,synthetic_uncalibrated_model
33,5.299221143341178,2.608728874060851,3.0621126949707667,372.70385330770836,0.0,synthetic_uncalibrated_model
34,6.411992789764277,1.6448863304985444,1.576753384316217,418.1937986816448,0.0,synthetic_uncalibrated_model
35,24.351473154755556,5.786109577327467,3.3338542050575315,422.24956538781186,0.11162662813791424,synthetic_uncalibrated_model
36,63.90496909201908,1.0992736434540424,1.9245468122352734,494.60094044713287,0.0807858045445281,synthetic_uncalibrated_model
37,7.916917120574725,0.8806817599435317,3.4650939642693492,472.3444444897938,0.0,synthetic_uncalibrated_model
38,56.44118135435428,0.5284499967658983,1.0202781745916263,297.4199480418778,0.05095050208442467,synthetic_uncalibrated_model
39,89.4753650215756,5.12038803868538,3.566067073187429,393.71848084760205,0.2262743529272242,synthetic_uncalibrated_model
40,52.24996143056488,3.2546619946566624,4.719126400745537,311.6337327240335,0.15831183033396856,synthetic_uncalibrated_model
41,74.2585052588139,0.8355252828430693,5.892212949344609,284.0923302431997,0.18241031324435886,synthetic_uncalibrated_model
42,79.82496171731204,1.6355658919846408,0.8284383751843197,465.70475767372295,0.09320372070016236,synthetic_uncalibrated_model
43,28.153867911938907,3.361224937240408,4.31301972995026,389.08450187102875,0.11952473399039487,synthetic_uncalibrated_model
44,71.89526776120599,0.19219848246388443,5.112851343781517,458.97834624895495,0.11698185989300297,synthetic_uncalibrated_model
45,37.29230533161019,2.9075509435609823,0.6322116053890918,367.3707264669427,0.0709639757377245,synthetic_uncalibrated_model
46,7.121430406071916,2.9093252437859647,1.1913074754393667,460.0876995441959,0.0,synthetic_uncalibrated_model
47,53.93836007886605,0.9667606159560682,2.087883984963831,332.03295568200656,0.0848227126554344,synthetic_uncalibrated_model
48,33.19935683001587,0.9616202234459138,0.4008290094072059,341.8116603936048,0.03576076337791015,synthetic_uncalibrated_model
49,70.16944640203143,3.437656270497817,1.1368264246758506,496.9218087871001,0.0932606824696206,synthetic_uncalibrated_model
50,53.33591811248767,5.802701714864805,3.73636367846714,414.53816956773403,0.15960923929292015,synthetic_uncalibrated_model
51,73.64717173231075,1.3182727122614764,1.1239556271765283,377.87864137983524,0.09997920228137769,synthetic_uncalibrated_model
52,86.63565533132486,2.313211097022324,4.859620080964284,437.34183455712196,0.23169667550033513,synthetic_uncalibrated_model
53,54.59302223379123,5.68770890266004,2.083881615706852,328.67612878885217,0.14812919970855232,synthetic_uncalibrated_model
54,18.880336936308012,1.3659594366597811,5.400885591052017,430.5841144524801,0.06561651154344189,synthetic_uncalibrated_model
55,5.574809414355132,3.070902674348737,0.786130151646654,499.8412507039672,0.0,synthetic_uncalibrated_model
56,88.49991505632691,0.8304061597331688,5.135706379150591,338.0854141676485,0.20308846008134784,synthetic_uncalibrated_model
57,67.26345510632498,5.387664845048309,1.8744072256780575,446.2128405394899,0.146839101070535,synthetic_uncalibrated_model
58,63.93624762877633,4.809346520736308,2.18583866283998,443.2917579586341,0.14869683866543948,synthetic_uncalibrated_model
59,70.67023255953804,4.156560033117532,3.27036004955433,375.1699190236112,0.1848307786133152,synthetic_uncalibrated_model
60,19.38464320501342,4.945898139447969,3.83469907705625,288.6189528051924,0.09304030136656605,synthetic_uncalibrated_model
61,24.556515784970824,1.605439536174981,0.7055521649833255,393.09307476922845,0.041751797530849316,synthetic_uncalibrated_model
62,21.656053309646094,3.7091033436744136,2.948230861071553,307.1848515773961,0.09562246048643042,synthetic_uncalibrated_model
63,81.79355926880457,2.451864684223288,4.573633713881424,471.6542668111198,0.20238815556162448,synthetic_uncalibrated_model
64,70.80824991579809,1.4279245262033353,3.6520037360214763,477.2483458481381,0.13827116519134042,synthetic_uncalibrated_model
65,50.630511541563386,3.352742793280349,5.68697974253512,342.2432490661002,0.16161652233048174,synthetic_uncalibrated_model
66,8.05217712642543,1.9708797272548493,5.0575488651157725,367.2183117805317,0.0,synthetic_uncalibrated_model
67,16.431929527487412,0.49464727214443727,3.486370402120589,409.43397921786965,0.02229081283239316,synthetic_uncalibrated_model
68,68.3131012050114,0.28496392858519176,1.1706991660868855,423.76303742663504,0.0441352787051312,synthetic_uncalibrated_model
69,48.489494813661885,3.2523738513675706,5.570931999716996,388.3429567973875,0.15171831307353423,synthetic_uncalibrated_model
70,56.775220854426,1.4753489158650832,2.747168751284298,493.9172692220012,0.0905466037451983,synthetic_uncalibrated_model
71,75.79380986928757,2.1721787235567263,5.013234716965925,365.32661252186006,0.21128299513740822,synthetic_uncalibrated_model
72,70.48229516585913,5.079418978460173,2.5936236803058224,359.8116622044379,0.17497887885390195,synthetic_uncalibrated_model
73,43.5171846780111,5.510111140738447,5.523443092721087,470.08823640340233,0.11661122602340118,synthetic_uncalibrated_model
74,60.49114660452884,3.613493175611911,2.863061787722034,485.4098275584182,0.1236188295725873,synthetic_uncalibrated_model
75,59.37470344479024,3.8218764995044836,3.2609709957490014,401.94991967005814,0.16176568885029252,synthetic_uncalibrated_model
76,19.197291593688863,2.9355394247419433,2.621637688469973,309.9363515821113,0.06881959654327868,synthetic_uncalibrated_model
77,69.38778091260069,2.083270353118987,1.6837843076375147,314.513741293679,0.13049215798221758,synthetic_uncalibrated_model
78,69.99029090699587,3.3879716016407038,3.3332368858754946,480.7001833437083,0.1512118399507718,synthetic_uncalibrated_model
79,30.973570691704886,5.1909311802397,3.5306758859375074,325.65704376370184,0.12882520455076274,synthetic_uncalibrated_model
80,19.21682383260236,5.567178376092048,3.9786041672095886,410.1665537954681,0.09048715628141474,synthetic_uncalibrated_model
81,13.283171962513244,1.4890746422584706,1.735169455130643,379.06806667462536,0.0,synthetic_uncalibrated_model
82,44.85136767615045,5.881469697723712,0.7212070630718675,498.5926442845489,0.057892191201396326,synthetic_uncalibrated_model
83,30.51048392554942,4.231352968138886,2.132256004213848,325.94356358815446,0.11383925984596399,synthetic_uncalibrated_model
84,86.36643478061535,3.764848212351856,1.2032474340842143,439.0415266696792,0.14289746151786842,synthetic_uncalibrated_model
85,62.91584968895186,0.18936587073953526,2.8299010701565184,434.4407690329632,0.057913317731576375,synthetic_uncalibrated_model
86,87.78405199001624,5.383791216418457,3.7299605567210397,407.4961561675184,0.2274546014308998,synthetic_uncalibrated_model
87,25.324668835179335,4.203647268001555,3.610880034758266,458.2574013459716,0.09757442522285203,synthetic_uncalibrated_model
88,13.164545702642783,4.295147133781055,1.7803102264642119,346.09009301986987,0.0,synthetic_uncalibrated_model
89,44.62037756636949,0.3019493301202585,3.825682689459987,495.08009996163696,0.03197893151042583,synthetic_uncalibrated_model
90,59.91109495116366,1.8269027274970324,5.9508567111721655,315.92790625424306,0.17275109386197263,synthetic_uncalibrated_model
91,38.33473672382118,4.299689992926107,0.7874100350695222,458.82136940651174,0.07487386900400611,synthetic_uncalibrated_model
92,28.401279489878444,0.5826903411549236,3.2462404932451867,397.6661333771972,0.04479236219241403,synthetic_uncalibrated_model
93,67.6010848824437,5.551573438505077,1.2017016824397249,376.6180389790138,0.14266125974270405,synthetic_uncalibrated_model
94,54.536237589261006,2.333475675337043,1.0270845734974643,297.4705735215066,0.10689180502557016,synthetic_uncalibrated_model
95,89.49047743883142,1.6687199155463022,1.9685537649379727,426.3365572988019,0.14315525769515247,synthetic_uncalibrated_model
96,51.93310777459817,3.9762155453820673,1.6920813512225534,296.2770354430662,0.1342330247640906,synthetic_uncalibrated_model
97,52.70628157249428,1.6457963504132753,0.9950296054893681,460.67704522235505,0.0815123646047205,synthetic_uncalibrated_model
98,10.300292497559234,2.1516240311147166,1.1169256382210102,310.9130981563464,0.0,synthetic_uncalibrated_model
99,34.26387720740925,4.256654634216423,2.2167711343548313,414.1998757060657,0.11674616944696381,synthetic_uncalibrated_model
100,36.18391996380063,3.575874314652456,4.8177222571266975,435.70206800526876,0.11652786414707311,synthetic_uncalibrated_model
101,46.08892872414155,0.4228302538712364,5.792169174857569,315.8339557501159,0.05959889697716253,synthetic_uncalibrated_model
102,20.41649275873802,4.775636055197803,2.4743096826310964,382.06957336342214,0.08069317432070927,synthetic_uncalibrated_model
103,50.73542786577303,2.7001239020865504,3.588678931379662,307.1647992742263,0.13936120585163936,synthetic_uncalibrated_model
104,45.069053501125694,0.9905070969604287,0.7551100085594346,382.4315575170975,0.05932624679152665,synthetic_uncalibrated_model
105,61.39018972940848,0.660275058595723,5.082438467768223,312.8146082173479,0.11974692936803027,synthetic_uncalibrated_model
106,37.983031337866194,1.517668763993147,4.863157357997632,410.95535401722583,0.08815202731124455,synthetic_uncalibrated_model
107,84.97683966921069,4.1536558381991,3.132208497793453,321.5845058965325,0.20496274971886919,synthetic_uncalibrated_model
108,37.37931145834029,4.7744277140405105,5.37047439143864,416.25381053116257,0.12708268119281063,synthetic_uncalibrated_model
109,62.29355016778785,5.067315250770962,2.284058444834683,360.04916928569173,0.1590426613000634,synthetic_uncalibrated_model
110,47.669104945439514,4.346163145347802,3.5358070643451134,338.212287810549,0.14575184953184428,synthetic_uncalibrated_model
111,80.61449841458447,1.2657254790737404,0.6603556620530024,429.92809091960083,0.0843807774171138,synthetic_uncalibrated_model
112,45.174650262018,2.794156195575544,1.9350464188832224,405.9583710799559,0.11716389422580858,synthetic_uncalibrated_model
113,50.411300255314075,3.17938929338528,0.2626364370277435,289.60440007071446,0.05271621199663329,synthetic_uncalibrated_model
114,41.855883225033665,4.884446897512084,0.7110532037121059,399.09667728631257,0.08796219570486352,synthetic_uncalibrated_model
115,89.65609005914392,4.078257746947626,5.363407826104494,399.9203380421989,0.27472250223709027,synthetic_uncalibrated_model
116,86.79220423258212,4.130754717267315,2.8646898252890756,457.84010479244796,0.18490386754354637,synthetic_uncalibrated_model
117,74.55746647603925,5.773120292686319,5.973490282493806,391.4247272655063,0.2527577999205304,synthetic_uncalibrated_model
118,27.55489905035967,5.517262900830506,0.11256331891598892,436.33617309257147,0.011170659842552347,synthetic_uncalibrated_model
119,55.08633501631765,2.759593548211056,2.432581955128719,379.50424843817166,0.13664770120578762,synthetic_uncalibrated_model
120,38.464417342699846,4.093998044846799,3.55474340652695,468.9917604979273,0.10068885659780713,synthetic_uncalibrated_model
121,64.53660520363438,1.5455887304051452,4.921875638968986,376.56014882055547,0.16406615491902188,synthetic_uncalibrated_model
122,81.5628274110558,4.5299467641082645,0.9387593230301389,385.0775027670693,0.1401878809416891,synthetic_uncalibrated_model
123,43.41907792729388,3.295857992310605,3.9952280639380575,305.160934627834,0.13129550122823452,synthetic_uncalibrated_model
124,54.899494495461354,0.21145178866270697,4.152849639093443,356.1882806069791,0.059923208796160005,synthetic_uncalibrated_model
125,16.875581058710697,1.3274097224043777,1.2452553131191306,446.58427752843255,0.0168865597489522,synthetic_uncalibrated_model
126,15.9669864783318,2.4121779210391834,1.732994321513357,342.0448671582725,0.01564588264258715,synthetic_uncalibrated_model
127,25.28515575196436,5.044828233722271,3.9285583132403,464.61297888026644,0.09575167672742507,synthetic_uncalibrated_model
128,61.859198419693094,2.611705173956741,3.1402657794826765,404.7612161186664,0.15300158215747228,synthetic_uncalibrated_model
129,84.28669899012863,5.924027859828204,1.8645052175837395,460.3168998648939,0.1567415921921813,synthetic_uncalibrated_model
130,33.97270347119047,1.1956307755659596,4.7840560751698105,397.80952517340137,0.07708084589201275,synthetic_uncalibrated_model
131,16.597858357605343,5.809337640568759,5.089708317341964,435.9230951699296,0.0539514825816963,synthetic_uncalibrated_model
132,26.690520284237028,2.7744300114969405,4.591709662160625,428.79511977529137,0.10750175489417191,synthetic_uncalibrated_model
133,53.55152183982204,0.19846649342186076,1.8832365007067002,431.61474787966495,0.034117156452754455,synthetic_uncalibrated_model
134,9.803556517150337,3.21109225275998,3.533745397822151,428.94922193751927,0.0,synthetic_uncalibrated_model
135,20.83396574579392,4.273564399505525,0.3191771212372554,406.4897776449825,0.01621186648119488,synthetic_uncalibrated_model
136,6.013907311882728,1.888368005586377,1.181197221918099,467.1783176654292,0.0,synthetic_uncalibrated_model
137,12.060741439285266,2.44583513274873,3.304280022238349,481.9450322133206,0.0,synthetic_uncalibrated_model
138,34.422514949843844,3.6853633028880077,0.5162198658142216,352.81952453547666,0.05974656770615927,synthetic_uncalibrated_model
139,81.19511107346759,4.1627460533446845,3.5345800716501987,444.3289736829377,0.19951000897203008,synthetic_uncalibrated_model
140,56.006555223770185,4.0493072172903,1.297222370246558,382.3925123256579,0.13041804324664819,synthetic_uncalibrated_model
141,61.22432185809047,5.839146924021833,1.690575896530192,332.84844143897004,0.1495745583547865,synthetic_uncalibrated_model
142,31.20210895685565,2.9555949189775284,2.301929469421032,422.5571813105168,0.10481374255194997,synthetic_uncalibrated_model
143,28.979243490422384,4.441788353814011,2.569109645617774,299.95335592621126,0.11760111077799024,synthetic_uncalibrated_model
144,75.80754103009544,5.022542961120808,4.621724458407441,362.37428467406494,0.22638151119625438,synthetic_uncalibrated_model
145,86.3165528707336,5.665054852260272,1.501386870038138,365.8086714962221,0.1657196845346528,synthetic_uncalibrated_model
146,81.65943024849442,0.6147651586381465,3.016614431436431,424.73277630863424,0.12002340331967853,synthetic_uncalibrated_model
147,10.12175628519987,5.36329432214902,0.3709052693590885,302.15854355170495,0.0,synthetic_uncalibrated_model
148,33.61056140596783,1.4905930138109886,3.775966026540008,415.3366296720087,0.0860748965455207,synthetic_uncalibrated_model
149,58.73296927622451,2.8042140523288315,0.3074480822532957,405.32800813082895,0.06471285365619334,synthetic_uncalibrated_model
150,9.617776367368565,4.989161998993461,3.9489673744031775,320.4056266825493,0.0,synthetic_uncalibrated_model
151,78.40042164208943,4.49506498278629,2.76786764441266,466.1022698008642,0.16696458224399902,synthetic_uncalibrated_model
152,54.395201379942755,3.108423700359568,2.812972824112738,397.48439879636567,0.14285925934046517,synthetic_uncalibrated_model
153,67.3187416296582,4.051120847001844,5.767675647790923,451.7818784742587,0.20928999398323334,synthetic_uncalibrated_model
154,19.718323095526245,5.341224534208558,4.225212199298902,440.43237101287525,0.08939983856817257,synthetic_uncalibrated_model
155,11.977276814980474,2.246975286016426,1.6211145783691359,432.19182271475523,0.0,synthetic_uncalibrated_model
156,65.45089771894011,1.5340751224577773,2.2234905457303946,334.08235833986606,0.12236981555702864,synthetic_uncalibrated_model
157,20.344918397128488,4.9876630486466755,5.537730532266456,389.4724198535313,0.11446679757412043,synthetic_uncalibrated_model
158,56.132045285202125,3.5219240859829815,0.5507843454622433,407.4501850331921,0.0914414345552016,synthetic_uncalibrated_model
159,24.077782964248843,2.11125287515668,4.908480236321232,281.5648436424384,0.10172496921430424,synthetic_uncalibrated_model
160,59.043493243452026,4.309222377345354,5.713283963406261,376.8282232096931,0.1956752752787433,synthetic_uncalibrated_model
161,74.77591276593337,0.22696217302312344,2.1137142210114397,463.5563431505699,0.06302102530294396,synthetic_uncalibrated_model
162,70.18858168238623,2.8166077434067733,4.5186601567896565,423.8434961733632,0.1937259227345337,synthetic_uncalibrated_model
163,37.027078347472475,1.7705561073379328,0.33788295686893843,328.85826003096923,0.042520116534512514,synthetic_uncalibrated_model
164,81.49474260325995,4.289779353627539,1.4819621851854956,376.65836747682994,0.15773811684494465,synthetic_uncalibrated_model
165,70.63272457780415,1.6212571558552702,1.8484114251163473,452.56868687742383,0.11637729547936754,synthetic_uncalibrated_model
166,42.678451223199126,0.8321450022043249,3.960628943731626,353.3154971822718,0.0679025911507537,synthetic_uncalibrated_model
167,37.657424127234876,4.247849888302814,4.699094910756744,329.7591621522175,0.12918853809923014,synthetic_uncalibrated_model
168,13.072559984578284,2.4353673833106173,1.6461641221292878,499.6566598631731,0.0,synthetic_uncalibrated_model
169,67.69340810678119,5.7716963359577225,3.6230974695340463,476.72353924269925,0.15989063115046054,synthetic_uncalibrated_model
170,29.71418233231151,2.3755879696478606,3.2718007212383062,283.5205757857349,0.10672941469915659,synthetic_uncalibrated_model
171,6.646988300165795,2.6303404722831947,2.09871087586624,377.70238622069684,0.0,synthetic_uncalibrated_model
172,38.04225662467435,3.3560324574809632,2.858012990438682,338.7115870860034,0.12122234584867997,synthetic_uncalibrated_model
173,71.81641033815067,5.469453241672351,1.9251553998034439,333.682495299765,0.16408045586441378,synthetic_uncalibrated_model
174,10.836646233959833,2.6170201674107507,2.423912282389366,475.4917323427409,0.0,synthetic_uncalibrated_model
175,47.86852621454143,0.8125481677616467,4.915132542668923,362.39932881827053,0.08540640545895206,synthetic_uncalibrated_model
176,69.03464941666839,2.4557341827570696,2.7089178102762856,451.6180563222503,0.14660322354085054,synthetic_uncalibrated_model
177,34.645443644536215,4.282321797333823,0.7165115380081258,322.7176729870763,0.07579268141571538,synthetic_uncalibrated_model
178,81.2880263018396,2.365936262593166,1.7827278369058224,404.3308741562769,0.14719109983164824,synthetic_uncalibrated_model
179,44.271781124910234,1.0635006895683214,2.531945253772772,347.62446853657195,0.07847571554588145,synthetic_uncalibrated_model
180,45.78769965198596,4.811021841379902,2.6163790350992757,280.1095824231171,0.13868592222299148,synthetic_uncalibrated_model
181,36.14654413375219,5.674403719079469,2.590148488035186,347.94081623645945,0.12852070947016792,synthetic_uncalibrated_model
182,84.88557494711792,0.5241833696222127,3.365003866528499,366.1496066147055,0.12952737352627275,synthetic_uncalibrated_model
183,43.36804540251436,1.1264725156664697,3.7053083208349915,325.0796870752846,0.08314833863233495,synthetic_uncalibrated_model
184,50.98203204442637,2.8061322699570743,0.36447135202994374,398.0879750685363,0.06502845901908794,synthetic_uncalibrated_model
185,44.90597139644718,5.554745797073025,2.760671310809065,420.5614572085565,0.13493282057469191,synthetic_uncalibrated_model
186,28.999464300477516,5.969045883340236,3.6876305528442477,404.85476270887887,0.12627694059796835,synthetic_uncalibrated_model
187,73.8802857918238,5.506161352083333,0.8068759627914673,312.96119436108086,0.13166926642138088,synthetic_uncalibrated_model
188,27.988132069700338,4.280876173324401,2.444035345627396,411.04242782407175,0.11044874724344045,synthetic_uncalibrated_model
189,39.980929556134114,4.512136408876032,4.006375351853004,475.6979078825311,0.09658377308421146,synthetic_uncalibrated_model
190,17.12512635900007,4.559353594075149,5.935112425117668,304.00136592242177,0.08034201711189554,synthetic_uncalibrated_model
191,46.00754395228269,4.418394865060365,3.6705539307491732,441.39968692069374,0.13278825062007638,synthetic_uncalibrated_model
192,40.73256750372491,0.9806496873068588,2.7644468580171973,463.60712239963505,0.060635588310703425,synthetic_uncalibrated_model
193,27.08858237120725,3.570211995003606,5.11845020160689,480.88678191380484,0.08203913559196863,synthetic_uncalibrated_model
194,57.03305050723967,2.7703222200761672,2.0693944505395514,462.1415507472671,0.11962212637318992,synthetic_uncalibrated_model
195,40.107028223603734,2.8297312298053408,4.177201831338193,377.50665200684733,0.11749294857005355,synthetic_uncalibrated_model
196,52.37702753653381,0.6353190764492258,5.679053310512613,432.3608281723823,0.09427433718782174,synthetic_uncalibrated_model
197,62.65309249282458,2.5320204272164824,2.7486385501460378,433.1076450828531,0.14379656653346873,synthetic_uncalibrated_model
198,60.13134789332986,3.152157998164264,4.625787103236429,360.60150749409434,0.17751708674843725,synthetic_uncalibrated_model
199,17.762056176131715,4.700494048396061,0.9012747603532666,304.3467333808959,0.0224558326338902,synthetic_uncalibrated_model
200,60.95269059256619,2.1680001944068197,5.802819552051515,406.8870501170492,0.18037760642838374,synthetic_uncalibrated_model
201,43.948800722888556,2.584534194310892,1.16347918383328,463.1987188315387,0.08741287650207163,synthetic_uncalibrated_model
202,35.889130888761116,4.490441535789068,0.21666903201466634,400.68758604579654,0.03152287942941773,synthetic_uncalibrated_model
203,82.94447944593162,0.21871353292934775,1.9781375076036236,309.0094222451304,0.06926506938207427,synthetic_uncalibrated_model
204,80.29056827990458,0.5011075238190047,5.021052594488237,484.6777096723315,0.15419423125224363,synthetic_uncalibrated_model
205,42.954273883254,3.390525403102428,4.073720933681666,307.4106453539391,0.13116226513038665,synthetic_uncalibrated_model
206,31.067851357414156,2.1497052863259047,2.4715296115061904,385.26101520538793,0.09889869331999396,synthetic_uncalibrated_model
207,15.108818231855023,3.5307381297390834,0.1956290176303494,357.31401880253424,0.00021966211616212,synthetic_uncalibrated_model
208,12.670001427611076,4.434717294310245,2.2135053611218702,485.3064633020092,0.0,synthetic_uncalibrated_model
209,82.86634133540998,4.506298300598545,2.739703684792819,378.58564251186164,0.19264198092318718,synthetic_uncalibrated_model
210,32.82811036630249,1.658838728397893,5.618977207667096,367.6880489466115,0.09403404153553063,synthetic_uncalibrated_model
211,57.23071383865659,0.32486597341604373,0.7764329729696682,423.58638477743995,0.03427273995410762,synthetic_uncalibrated_model
212,82.69221269450897,4.742560267867605,0.30716484218878204,322.79689959999075,0.0872887453639064,synthetic_uncalibrated_model
213,28.888424427942528,5.965555605910537,1.1497676587635774,301.2442978038578,0.08612299615819274,synthetic_uncalibrated_model
214,29.492835188748085,0.9385052837330362,4.926333884057441,302.63824602365554,0.06607862153323563,synthetic_uncalibrated_model
215,58.794422388941854,2.4223599359711305,4.898383919734582,283.7828648827878,0.16815914373939334,synthetic_uncalibrated_model
216,33.30349309491494,1.1660562884726122,4.827683867680177,443.4532271885058,0.07101475411013825,synthetic_uncalibrated_model
217,82.09143351793001,3.944212415901909,4.515286317833463,484.2077414988262,0.20123183765794617,synthetic_uncalibrated_model
218,83.44281394192745,1.597503624605933,1.411195326184381,420.6749839747394,0.12115582404750846,synthetic_uncalibrated_model
219,35.45567784655938,5.885746366776675,3.9868428777684333,315.25688045355844,0.13296968897117767,synthetic_uncalibrated_model
220,55.792290796362764,5.895422248276461,5.619819641093642,495.94656229090384,0.13632087782193858,synthetic_uncalibrated_model
221,86.50958909048735,4.177313106616452,1.018426457227222,411.7458877166831,0.1432988587709102,synthetic_uncalibrated_model
222,11.637245098255093,2.094009053654047,3.867675068664592,394.0307427621562,0.0,synthetic_uncalibrated_model
223,42.01642926675891,5.452494224956026,2.109754473407788,462.4624443526802,0.1085109247823276,synthetic_uncalibrated_model
224,66.31625008902977,5.285255781298899,2.8739999950693997,407.3205950424071,0.17235880430082295,synthetic_uncalibrated_model
225,15.200240377317877,5.466667310777553,2.6754232125512116,491.97120896121294,0.002806647455342365,synthetic_uncalibrated_model
226,22.12120526134057,3.4739868497840725,2.8116153592079813,442.2010858749301,0.08539185165797136,synthetic_uncalibrated_model
227,26.037241922681467,4.5389796957269315,0.6664276511327191,477.55545010366257,0.03868465637374749,synthetic_uncalibrated_model
228,43.974209092394254,1.7954079700222951,5.660083993303146,352.67342289814235,0.11294360430138739,synthetic_uncalibrated_model
229,12.199437284681947,1.6554655806001042,0.27241299987641393,313.2173736289321,0.0,synthetic_uncalibrated_model
230,84.70623947252442,5.765432079577384,2.495986606089708,389.70231441198575,0.19113571136280438,synthetic_uncalibrated_model
231,72.95921595154145,5.132496531421152,2.2128794333624526,356.9757262464075,0.17050941011984833,synthetic_uncalibrated_model
232,29.08089370895869,1.571060238373446,2.398499366725789,434.0230284228127,0.07934228313717168,synthetic_uncalibrated_model
233,64.1554168281308,5.864945290934255,4.571421659514824,364.1002199765495,0.19866372607140015,synthetic_uncalibrated_model
234,14.422599901654605,5.649801790407491,4.1391144725863525,287.6215607807512,0.0,synthetic_uncalibrated_model
235,9.767459500989291,2.4726088321868165,3.5034768058528223,401.7404821911894,0.0,synthetic_uncalibrated_model
236,49.35834032214472,3.7914680107566316,3.0014427620390913,484.32439120535435,0.10601559147583878,synthetic_uncalibrated_model
237,88.77823757644343,2.5410395506201553,2.913834956707447,479.4153687966674,0.16710229958596823,synthetic_uncalibrated_model
238,51.707566478849664,4.987145654548137,3.0745737030850186,343.6534771625261,0.15250246279262258,synthetic_uncalibrated_model
239,50.65891711654471,0.45936176685166075,2.9700696809810743,332.3397109261328,0.05867160671025584,synthetic_uncalibrated_model
240,24.059910087608873,2.5380215033692104,2.188433263302231,340.2569223516526,0.08751393079749864,synthetic_uncalibrated_model
241,54.28687958353348,4.872889652958603,3.211395529151138,313.7753938200449,0.15818344597341416,synthetic_uncalibrated_model
242,57.96823110182534,5.0029234541516665,3.438551321001918,311.7415498028986,0.16794923152959917,synthetic_uncalibrated_model
243,89.81076390834646,2.502756492772214,5.345581776208558,388.14116493490695,0.26101726866567354,synthetic_uncalibrated_model
244,62.618523876655495,4.188803060950453,3.521694792983657,473.6178729082482,0.14839324035093393,synthetic_uncalibrated_model
245,41.29540250698873,1.9396904256774044,0.7960997250163292,460.7121271861955,0.06747994814168612,synthetic_uncalibrated_model
246,13.89941539175275,5.652970720565476,4.520186966870715,410.13891028522136,0.0,synthetic_uncalibrated_model
247,32.883519454948996,0.5597931405078307,3.206109867774553,321.8542030057022,0.04437291993755563,synthetic_uncalibrated_model
248,19.92493676571575,3.6215452802232972,5.9669799019616825,410.9237407928119,0.1068030799718066,synthetic_uncalibrated_model
249,53.08976656245424,0.7914029243754244,1.8616550600242614,379.4038581042695,0.07269154536875183,synthetic_uncalibrated_model
250,23.343438631822288,4.754808655750716,2.3900973444000555,418.2437715145911,0.09442951617798107,synthetic_uncalibrated_model
251,88.97003319357725,1.6349320625951504,4.396914323863302,296.2572718679654,0.21397763297157935,synthetic_uncalibrated_model
252,88.92658073464047,2.0640819124419156,1.6489517303035495,333.9472819876764,0.14547069521240674,synthetic_uncalibrated_model
253,73.22261068415905,4.078538730356865,1.0660346654071646,314.63403520256963,0.13870036032839894,synthetic_uncalibrated_model
254,35.63656298945928,1.1618184949678427,1.6685699470054578,285.1320998067742,0.07088173169191136,synthetic_uncalibrated_model
255,33.12112757479897,1.811591125524501,0.7280391441583652,437.66676976597864,0.05842617588460286,synthetic_uncalibrated_model
256,5.027807706030738,4.426615079673166,1.746486704092278,413.02231596497006,0.0,synthetic_uncalibrated_model
257,19.863824850933014,5.254717156444262,0.2792444502716378,327.33438668024786,0.012447113444730214,synthetic_uncalibrated_model
258,12.418637841089144,5.416759812175594,1.4418764951589909,488.2562607920919,0.0,synthetic_uncalibrated_model
259,58.844213670207395,2.6460917665179293,3.579444263760113,384.08503966210236,0.15472574027685093,synthetic_uncalibrated_model
260,57.70805749201171,2.5564115745735925,3.1801348743515083,342.37650387277193,0.14695058825958107,synthetic_uncalibrated_model
261,69.7041796514028,2.679339202545956,4.389314678198528,476.0568375700782,0.1693870886763128,synthetic_uncalibrated_model
262,21.127159769502278,2.37984486957382,5.169350510244823,350.3543799275486,0.1008062258620206,synthetic_uncalibrated_model
263,44.58901661018649,3.5899614107598206,5.460870905145767,425.78895457997635,0.13614086897065136,synthetic_uncalibrated_model
264,88.79824761050641,0.6773205853987421,0.9245853842025857,383.40959325139806,0.07450273222282522,synthetic_uncalibrated_model
265,76.71972695072722,4.407446446081779,2.0514147629655612,318.58456904430636,0.16890219488839153,synthetic_uncalibrated_model
266,66.89642535431088,0.27864766662473606,5.659482888379525,380.08037253452943,0.12005441828284918,synthetic_uncalibrated_model
267,57.08692032604993,2.5956883880536634,3.607626187764013,288.45355223687125,0.1513628877979436,synthetic_uncalibrated_model
268,53.40509395865633,1.4958686447151686,1.9007474346144364,335.1438263065818,0.10257313725802175,synthetic_uncalibrated_model
269,84.40642416646153,3.128518075412367,1.7815112317503232,448.7955311331223,0.15121968789494766,synthetic_uncalibrated_model
270,12.154356097396217,5.320242977581053,2.7303342628058984,428.3580246496905,0.0,synthetic_uncalibrated_model
271,64.30953433188111,1.4817393920893311,5.372311636560421,368.5283765087325,0.1685684523335531,synthetic_uncalibrated_model
272,44.045202234221165,2.6877946611455976,5.834004556877618,472.787631781553,0.10736703344979837,synthetic_uncalibrated_model
273,52.88950385459748,5.914643293550478,1.6173688544660239,480.48090914906993,0.1048223872949472,synthetic_uncalibrated_model
274,9.457128219788197,4.507979802124306,2.835576815790079,417.0075942640798,0.0,synthetic_uncalibrated_model
275,23.365322730032226,0.9925822346644719,1.2267076870286826,306.11215374741903,0.04583738394142936,synthetic_uncalibrated_model
276,10.268125495371127,4.405769389204839,1.5373821644074401,432.034713435099,0.0,synthetic_uncalibrated_model
277,65.53347612090428,5.257901297398178,2.0357157262848613,373.3269003727636,0.1588764623659351,synthetic_uncalibrated_model
278,9.531818402171035,4.81750387826752,4.985965125791346,331.9884470361206,0.0,synthetic_uncalibrated_model
279,47.45563237573863,1.0884361928598667,3.102906071850977,414.5520833024679,0.08659523231180488,synthetic_uncalibrated_model
280,65.74795079910535,1.7721777626137587,3.4233125188522826,287.51005898349564,0.14941528011685512,synthetic_uncalibrated_model
281,27.382569065295957,2.4038921164359133,1.7168812206348698,400.3293564840246,0.08610627364997858,synthetic_uncalibrated_model
282,26.215703522347685,2.4205436894939907,0.4312996608241155,317.14022923130375,0.03493603897155406,synthetic_uncalibrated_model
283,41.396950214259846,2.242310967904318,0.24983830125452203,317.7416914537895,0.039827080620883054,synthetic_uncalibrated_model
284,44.294628233570265,2.6676742715194313,5.018993317135769,332.6006107971511,0.12945859406099158,synthetic_uncalibrated_model
285,86.90062653708964,2.219178213657147,0.7599586161024992,416.43538311204793,0.11451132416440585,synthetic_uncalibrated_model
286,23.253072116739894,4.455396211053412,5.7310014544433505,416.86613630970567,0.11979093915629502,synthetic_uncalibrated_model
287,57.76202224537518,4.477619901607601,0.871863022141879,413.4781750167175,0.11664598619612881,synthetic_uncalibrated_model
288,79.51826950810484,0.3878647947802436,3.1126099472465047,411.10477195663054,0.10511532946942709,synthetic_uncalibrated_model
289,19.172488133882077,0.6747306980980035,4.419220149342726,450.11464422512586,0.03791963721108996,synthetic_uncalibrated_model
290,78.46119109868803,1.0900760937797491,0.42867274141290157,365.6599218294221,0.0681663117410563,synthetic_uncalibrated_model
291,15.103153462534223,2.348711248597568,1.7120955968753162,432.080427932476,0.0016606797880104269,synthetic_uncalibrated_model
292,30.985197268129884,5.198987485142382,5.8366632224228905,456.6693565765763,0.11050562909413608,synthetic_uncalibrated_model
293,84.12185463463317,2.8890286277843855,0.6840882192954332,334.36888219791297,0.11954344421381002,synthetic_uncalibrated_model
294,41.51379448993705,1.1711497471661845,1.8598893514704047,481.24369056271587,0.05975493578213359,synthetic_uncalibrated_model
295,72.36599689480016,5.152856061754541,3.6044415781577994,292.5051796630115,0.1982553912801137,synthetic_uncalibrated_model
296,28.54982801428868,0.3941024572816014,1.0097775417288826,280.859891244966,0.028309868910756292,synthetic_uncalibrated_model
297,14.895834239035107,5.517955106208107,3.1703497304461705,306.8880756838688,0.0,synthetic_uncalibrated_model
298,81.93008248122081,4.262876949631253,3.2489624346052817,376.72306978774714,0.20329843078867238,synthetic_uncalibrated_model
299,49.19707816813897,3.2305491123323584,5.129564064176839,282.592373161921,0.15204446068865818,synthetic_uncalibrated_model
300,36.48971050895537,0.4074584077797624,2.556179583286976,300.4257038062052,0.034002294564044244,synthetic_uncalibrated_model
301,34.259702365716606,0.4038594216530368,2.838830762971316,439.44165960531325,0.031981414086976134,synthetic_uncalibrated_model
302,9.331758863353478,3.6097241037804793,0.8580147287889346,382.27493785971075,0.0,synthetic_uncalibrated_model
303,87.70563868145248,5.391583574234117,3.857691135035933,305.4309516446364,0.23324588545359004,synthetic_uncalibrated_model
304,62.932921455669444,0.5356376559305228,0.10046575950761552,320.81676332363224,0.020256177081186003,synthetic_uncalibrated_model
305,85.37229230114087,1.8685418859572362,0.9283990190828758,357.0941933672094,0.11607233189578048,synthetic_uncalibrated_model
306,23.216646330587242,5.634288926422178,2.8174138818242933,341.63458491541274,0.10614979945111935,synthetic_uncalibrated_model
307,56.21715794305991,5.360363532352568,1.07198008988762,286.57498298546534,0.12821127295509038,synthetic_uncalibrated_model
308,65.15585538249158,1.7310280250599777,5.733212122923074,423.8325648111495,0.18176243866207442,synthetic_uncalibrated_model
309,54.01181793491956,2.2499526047846183,3.7008205039147657,368.0249921275676,0.13985482284552442,synthetic_uncalibrated_model
310,31.7729189549979,1.0862328262936465,4.6238700009154154,343.21480481198967,0.07303639467892908,synthetic_uncalibrated_model
311,15.659087788574785,4.230770907630323,5.695189975122726,395.7897495445586,0.03226734207990187,synthetic_uncalibrated_model
312,42.77087132238517,4.69507201341225,3.6173854972565085,355.72665316152745,0.13663138593526092,synthetic_uncalibrated_model
313,34.11259698553725,1.9659044290497485,2.562959077907999,378.03038962159553,0.09817087138300562,synthetic_uncalibrated_model
314,35.24069504912848,0.8103913886075185,2.4500234967996515,397.84197534508445,0.05782905336921079,synthetic_uncalibrated_model
315,56.89971804595941,5.107796029470532,5.825241399817692,398.865062985909,0.19130576448687975,synthetic_uncalibrated_model
316,74.92211103967962,4.731260613599579,2.5744128386126506,442.5304444551616,0.16999783716412342,synthetic_uncalibrated_model
317,62.76308975549695,4.4609099938354495,4.739665961938862,383.05083957044246,0.19378342512367464,synthetic_uncalibrated_model
318,68.16069589182442,0.4520629782845339,1.3025743382807053,388.10287137748765,0.05847400883038176,synthetic_uncalibrated_model
319,44.40394953432426,3.7859107977229662,5.200754332720373,347.5904167830693,0.14127947513179273,synthetic_uncalibrated_model
320,48.032107620293,5.322409387371469,2.8534799897163685,424.82439140134966,0.13964480819935976,synthetic_uncalibrated_model
321,64.10308217815513,3.0904288574814514,2.697971239580266,369.62586969211145,0.1570513598652793,synthetic_uncalibrated_model
322,29.830727794795962,0.7848264619239433,5.603216619707629,392.4353208617774,0.057731937547114504,synthetic_uncalibrated_model
323,59.06808498120428,2.549708930242799,0.23058110064599624,407.8654076139494,0.052463816247328154,synthetic_uncalibrated_model
324,64.39012588371554,1.8527637281417868,5.205281647599449,347.064062188346,0.17679603240976627,synthetic_uncalibrated_model
325,6.074649459797946,0.8626172443304709,3.0863628702879415,400.513517353585,0.0,synthetic_uncalibrated_model
326,23.037041713876093,4.964435478839896,0.8942566826851719,455.43770300659713,0.04509554431913965,synthetic_uncalibrated_model
327,80.68128199238832,4.39543980289135,2.5222373877118742,298.6417826933301,0.18451541519925196,synthetic_uncalibrated_model
328,10.217477273045954,4.879339050070025,0.32465151420995897,471.71150094305483,0.0,synthetic_uncalibrated_model
329,64.54642900850202,5.239414906889766,4.241604879450388,421.8585273500598,0.18902510406476347,synthetic_uncalibrated_model
330,84.34516711767398,3.7781865310307357,0.5580487569965518,445.97825611895786,0.10840331375104778,synthetic_uncalibrated_model
331,43.0937229331852,0.8376746324812704,3.2626462262044456,482.99699288565944,0.05471979608557637,synthetic_uncalibrated_model
332,38.197514879883556,3.7570196603895876,3.360016612150891,347.1657104723276,0.12538488426099847,synthetic_uncalibrated_model
333,42.300878546504165,0.2973886830748188,1.6413122262006565,308.8505270344789,0.028133093768443695,synthetic_uncalibrated_model
334,34.920423147000726,1.1189682107186576,5.831645246629524,387.56289500341336,0.07433158920440985,synthetic_uncalibrated_model
335,18.341407708958855,3.5241736618351522,4.6525042956657625,298.07027187751976,0.08670286880525813,synthetic_uncalibrated_model
336,29.15564397822583,4.691215198378927,1.2186017142638113,339.49184654274256,0.08844663718623591,synthetic_uncalibrated_model
337,78.88903866213975,0.23234898569561668,2.6570583427014984,418.09953669218726,0.08200187640726814,synthetic_uncalibrated_model
338,84.45332671961945,0.7837665038943803,4.803183942355377,394.9401187797324,0.18141674554103404,synthetic_uncalibrated_model
339,22.088808866523387,2.3435215608602,0.4187813115379607,286.3828256411052,0.02410721059972537,synthetic_uncalibrated_model
340,44.76762497242002,2.9759954270882667,4.889977925490429,338.54276833443066,0.13443591940347144,synthetic_uncalibrated_model
341,78.53534013384748,2.8403854296204845,1.9664881528865128,457.9905475576369,0.14436334686231367,synthetic_uncalibrated_model
342,73.74730949322363,3.0927171795994695,4.04375703616189,453.0057591906591,0.1873478115049637,synthetic_uncalibrated_model
343,35.84974987909493,2.6901677439807643,4.491906967522866,393.7017183199217,0.11450346298424652,synthetic_uncalibrated_model
344,25.34414260137342,3.846742843356501,3.7419331095799797,440.8949253548099,0.1064546588065079,synthetic_uncalibrated_model
345,87.25179651113301,3.660690477678847,3.3747670545818833,299.71226087419603,0.2123457786571744,synthetic_uncalibrated_model
346,12.554567836985445,2.692715245251424,0.8508876459176236,484.30019817610514,0.0,synthetic_uncalibrated_model
347,22.952452617666133,4.898006304443436,5.988568931347201,433.1386121426676,0.11587695542159215,synthetic_uncalibrated_model
348,25.93628225769251,4.465856210060993,0.28029180292491973,360.50432942196915,0.024615524143450432,synthetic_uncalibrated_model
349,89.20032559985279,3.0645256604830364,3.495715834016128,317.41518766447166,0.2139716554388641,synthetic_uncalibrated_model
350,77.39432950081479,1.6440497091535273,5.153072353833976,322.36124415998097,0.20627469999532588,synthetic_uncalibrated_model
351,82.21408791582222,5.2275176564744,3.1494409663452494,452.138490495174,0.19104613743962018,synthetic_uncalibrated_model
352,36.35895489295835,2.0968563772028883,4.744190157920645,281.9348883157029,0.10539001667343117,synthetic_uncalibrated_model
353,77.3445841929397,0.4328208115545559,2.8236696977502285,478.6340152626131,0.09381500136324006,synthetic_uncalibrated_model
354,30.01553163232498,2.424070648434822,5.264086026049734,496.9937019433344,0.06261704344558922,synthetic_uncalibrated_model
355,41.4880587750345,2.4990602205815713,2.175001762021089,291.9030773631374,0.11149902281332658,synthetic_uncalibrated_model
356,73.59845314513827,1.8178686791098784,0.622746693337895,475.9333408352643,0.08008875155474093,synthetic_uncalibrated_model
357,86.51824000568136,5.156706096174749,5.6356711331830045,366.0657498481712,0.27905367556313165,synthetic_uncalibrated_model
358,75.41064698279159,4.438347317452692,2.578683023247369,419.3274751158775,0.17556584205848835,synthetic_uncalibrated_model
359,11.158791538275661,2.765492441774878,0.8188663467049128,471.7492718748581,0.0,synthetic_uncalibrated_model
360,63.53635482494931,1.8846216323002625,3.3810775754853584,390.8559735680384,0.14680883025174618,synthetic_uncalibrated_model
361,69.74204454089531,2.1085804293660275,0.9687052129154922,474.51216109511404,0.09595441939366406,synthetic_uncalibrated_model
362,83.26337668156265,0.6456320759803476,0.46471595621045514,306.33888829104706,0.0549426693829381,synthetic_uncalibrated_model
363,37.956920988652,4.628784625407389,1.849620943706796,321.4062677263482,0.1205795590661416,synthetic_uncalibrated_model
364,54.15668848598073,2.860673030947879,1.3705372088511318,383.21210249977486,0.12152220149444065,synthetic_uncalibrated_model
365,13.86584088790001,3.116921676639696,1.645317731507436,335.41246056978275,0.0,synthetic_uncalibrated_model
366,53.50451139887038,5.788728067619961,1.5801354779037664,372.47795360532575,0.13888550438685454,synthetic_uncalibrated_model
367,85.56485300872593,2.231592687757443,1.7508236447309562,460.24381377261034,0.1372365983635787,synthetic_uncalibrated_model
368,5.495819933876766,4.191543915663097,3.8847008440847546,343.4053216696164,0.0,synthetic_uncalibrated_model
369,6.713350406105029,4.955695945344801,1.2991774766565538,485.6335087285736,0.0,synthetic_uncalibrated_model
370,46.47440182731183,3.0311781562615385,5.536767957977592,328.2201775122341,0.14323331177084386,synthetic_uncalibrated_model
371,29.453321102705207,4.046704121722291,1.0910424355719257,307.74336398501396,0.08291461545824963,synthetic_uncalibrated_model
372,18.15888080893916,4.482542526630353,3.568467785197855,434.9118928271141,0.0672259836171284,synthetic_uncalibrated_model
373,65.76901962475057,4.155123933940262,4.342889110792308,454.74112644440083,0.17988638426780612,synthetic_uncalibrated_model
374,57.65068860709895,0.850995291476332,4.615246270887321,303.5972274143651,0.11355246866804547,synthetic_uncalibrated_model
375,25.239963963371046,4.50056946702178,1.0040555706305918,330.08947314725265,0.0658577016037008,synthetic_uncalibrated_model
376,26.710441784252712,5.833622070884526,1.2527231979371627,453.35421482368656,0.07225964592715661,synthetic_uncalibrated_model
377,5.140791726793438,0.6534920159491192,3.4113589317631376,380.26765419775955,0.0,synthetic_uncalibrated_model
378,18.600273407339685,3.0129128682077315,3.7343557962567093,404.97071068617396,0.07589952232172303,synthetic_uncalibrated_model
379,13.60976280225072,5.946767413258988,0.8934543222120775,399.8721956210703,0.0,synthetic_uncalibrated_model
380,89.12237231358583,4.646673972414854,3.080417804970801,283.0743847351073,0.21161669306693787,synthetic_uncalibrated_model
381,20.964308253887545,4.475773055334387,5.495334392693847,432.4596559854153,0.1072631500405144,synthetic_uncalibrated_model
382,79.22667695164886,3.949874698427113,2.7268996176993845,413.1962888760663,0.18275741232254827,synthetic_uncalibrated_model
383,58.341852936081004,5.046860433017701,1.9609344246519256,455.8237678021514,0.13333441704303473,synthetic_uncalibrated_model
384,47.504519543066955,4.253121791562299,3.0171364913897243,319.02377613786683,0.14202001582323942,synthetic_uncalibrated_model
385,15.172180822259671,4.649970594941366,0.17150176213077067,284.28740277665725,0.00030473744504141086,synthetic_uncalibrated_model
386,46.16217378275112,5.781930382291931,5.773505500491493,461.9859883408128,0.13394435362698087,synthetic_uncalibrated_model
387,32.842608160246705,3.9786841929814796,4.060993102306637,361.2947898500009,0.1263900854247857,synthetic_uncalibrated_model
388,36.76495312659883,2.857890939999045,4.579396390661753,397.74709614068354,0.11654124804752675,synthetic_uncalibrated_model
389,18.220446707879603,0.9750640141768911,2.869020095044504,307.50713430154946,0.04465758412427795,synthetic_uncalibrated_model
390,89.12844225606119,1.9918408820166247,0.791565014928568,395.3760024867573,0.1142835300586239,synthetic_uncalibrated_model
391,83.03167153894931,4.161347779490398,4.31458036899353,359.5987604437996,0.23226487294794573,synthetic_uncalibrated_model
392,17.27525340482689,2.1202108262334343,0.6770255278104513,354.30542069890527,0.014107369206750195,synthetic_uncalibrated_model
393,52.178482951713654,1.697671870863747,1.8096335261452035,448.4254054964494,0.09891712471578629,synthetic_uncalibrated_model
394,41.11269398847374,1.3677973052937942,5.407990853793856,382.80956038974483,0.08840353218829244,synthetic_uncalibrated_model
395,51.61117152939425,0.5273548210787313,4.282429247158043,405.23950714769035,0.0749476695284102,synthetic_uncalibrated_model
396,87.87071888455898,1.2581936153345163,1.5917887252855425,287.81187978710597,0.12035804058497762,synthetic_uncalibrated_model
397,72.76973011020787,4.225146040076841,5.545983497405779,310.2898564512211,0.23541903771516082,synthetic_uncalibrated_model
398,71.24128663343365,1.9172419458764174,1.4729684293791963,308.59133484277544,0.12391806883188805,synthetic_uncalibrated_model
399,70.9664762454297,3.022379094908492,4.559841130276144,329.8832430233554,0.20245144846290997,synthetic_uncalibrated_model
400,41.08944598617806,3.260100994412191,2.134350956829765,392.0509804070491,0.11837019598677112,synthetic_uncalibrated_model
401,39.56787187670524,2.4633472599012713,1.793996420549751,323.1693819645566,0.10526796270796113,synthetic_uncalibrated_model
402,35.62096036395471,2.154870155761687,1.9477068102967325,440.12434715844336,0.09220060953202519,synthetic_uncalibrated_model
403,49.74594550923475,4.400578106375996,3.8136652240802307,416.6828914830157,0.14853222250614873,synthetic_uncalibrated_model
404,71.40616064674518,4.581794461075163,4.120247788364876,295.3055415653902,0.20493243955848506,synthetic_uncalibrated_model
405,79.80647464934931,1.2199068368186834,5.775566735755609,281.92881122043053,0.21354106635199066,synthetic_uncalibrated_model
406,19.435157483991823,5.19228326483796,4.880250950944922,356.4742324188221,0.10459753126084165,synthetic_uncalibrated_model
407,49.96542550162874,0.47392107230400426,2.9211111912252554,339.2505861396681,0.05802029792198832,synthetic_uncalibrated_model
408,21.42221888291546,4.791925446403408,4.283032318283188,288.5179185652182,0.11261469847607342,synthetic_uncalibrated_model
409,47.07659054583101,2.1556035773658246,3.7381712241300464,326.2596290639193,0.1230499878631951,synthetic_uncalibrated_model
410,62.48800324298131,1.1355280885778984,5.100497420582619,467.440399476638,0.1374287721009363,synthetic_uncalibrated_model
411,32.99053786665327,3.0435701694697928,2.312083096856861,369.11739909705136,0.11180042391379463,synthetic_uncalibrated_model
412,55.63668300396285,3.315323229596875,3.8072828168582844,457.070236922214,0.1437127831083268,synthetic_uncalibrated_model
413,7.650963889218754,5.043360174617497,2.7735184544990696,313.97742907334117,0.0,synthetic_uncalibrated_model
414,83.16794467643155,1.9900646095708012,2.6259386591099414,357.3955747806533,0.16475205810539317,synthetic_uncalibrated_model
415,10.10161986487519,1.6878731501445068,1.7841750143755828,419.4759752037433,0.0,synthetic_uncalibrated_model
416,69.81006381223447,0.9154978312967998,1.094114881238047,455.0317174188731,0.07637066238933399,synthetic_uncalibrated_model
417,11.57732042015741,3.8049761233195936,1.0358388131470808,450.98238242093305,0.0,synthetic_uncalibrated_model
418,80.56284248410289,4.105650163519234,0.7946027963155121,418.5775213571847,0.12858088119005862,synthetic_uncalibrated_model
419,74.42091995310341,1.3539787074667884,2.9867987302200603,465.4892478811973,0.13362492627439104,synthetic_uncalibrated_model
420,69.87590197049208,4.250136478254696,3.6985543989540957,382.1427421697435,0.19173419468910002,synthetic_uncalibrated_model
421,77.31811114951734,3.730979932294132,1.806184823699174,496.6427829778065,0.11605340010320908,synthetic_uncalibrated_model
422,16.546746882399475,2.6633957273336106,1.0826800148558215,371.9040786559872,0.015530227144826214,synthetic_uncalibrated_model
423,11.448737395130431,2.1227428010291893,0.8955810464038048,498.73655275638635,0.0,synthetic_uncalibrated_model
424,59.117181379424,3.65527542228378,4.162068433817088,499.80009668137416,0.12340655844877318,synthetic_uncalibrated_model
425,34.51098190924971,0.3376936784513689,4.213360083257321,441.79677510213776,0.027477741732523403,synthetic_uncalibrated_model
426,75.15251848566913,4.572553440037478,0.6025748373628795,488.5911322067516,0.08520241185750344,synthetic_uncalibrated_model
427,6.911762495413864,1.7992978753095443,4.26026660697784,309.68158879496787,0.0,synthetic_uncalibrated_model
428,41.06731001565169,5.552194134268823,2.453228078586375,290.43226501831583,0.13153634937475678,synthetic_uncalibrated_model
429,79.16049003754253,5.224175405088556,0.9993200594400586,381.3616916528323,0.14311665802583173,synthetic_uncalibrated_model
430,62.606914472296154,1.3384524092876469,1.2729247277630684,492.66504513863936,0.07529607867994281,synthetic_uncalibrated_model
431,75.62936366414866,2.2749693020643122,1.050181926828022,301.7064643430126,0.12277834152868128,synthetic_uncalibrated_model
432,58.33187844454393,2.49054224272738,1.4584042053473494,430.4953140230469,0.11865390612836518,synthetic_uncalibrated_model
433,54.955145266396784,5.276533224014777,3.3368376484107163,414.82809205191137,0.15814658297384765,synthetic_uncalibrated_model
434,16.997000747186775,0.2437319442715956,3.4367102960807063,357.19447280576503,0.016840672465743556,synthetic_uncalibrated_model
435,49.777616094200546,3.8087740714841125,3.8926122132354406,438.7180484949525,0.14126158155932111,synthetic_uncalibrated_model
436,24.886388809862147,5.607287644997886,1.483181257601587,317.94507938424977,0.083801456903275,synthetic_uncalibrated_model
437,69.4456856995135,2.2916864647893975,3.3558890157833474,344.12003474253265,0.1662180315794678,synthetic_uncalibrated_model
438,41.5257605007138,3.287942055910597,1.695492571946395,328.41618797722197,0.11580652988796941,synthetic_uncalibrated_model
439,66.02856754870709,2.7576326067229475,3.400164290318111,419.921187145647,0.164854026205151,synthetic_uncalibrated_model
440,82.3771401711292,3.337842310846299,2.310754527401257,418.8916503159107,0.17170857669197892,synthetic_uncalibrated_model
441,85.20380629795932,4.723676587707106,1.8069238388407451,429.04387385489713,0.16613893153896553,synthetic_uncalibrated_model
442,89.60296238357401,2.8788376947963905,4.882831196953422,319.16738970092644,0.25276320721409085,synthetic_uncalibrated_model
443,53.131438593588705,0.5927966716516258,4.751668223043503,444.81082335926794,0.08532069237568873,synthetic_uncalibrated_model
444,9.426127020515207,5.735756929385847,2.3797017147082187,435.4680460108547,0.0,synthetic_uncalibrated_model
445,82.04848005397135,5.978686578807169,2.2386625604712203,285.5776911767104,0.1827523822661321,synthetic_uncalibrated_model
446,12.465590834826276,1.2410477993419298,3.0437626495009704,286.03248755583706,0.0,synthetic_uncalibrated_model
447,40.571827436863835,5.233579420523717,2.5000943251976198,337.88386562436443,0.13023753198561305,synthetic_uncalibrated_model
448,81.98525075660262,5.280233271833625,1.269758837872528,289.4372792417195,0.15524189963227897,synthetic_uncalibrated_model
449,42.07193582190975,0.547556147150461,5.677985770274466,332.2273413948379,0.05216442279125222,synthetic_uncalibrated_model
450,5.257109739246298,5.981816669047634,1.5748054270571088,330.3973196036843,0.0,synthetic_uncalibrated_model
451,8.49307769035832,3.3212579907419246,5.294082759701865,438.3158436168625,0.0,synthetic_uncalibrated_model
452,5.634822268988309,2.707052832579713,1.6596650461976097,472.0466279836437,0.0,synthetic_uncalibrated_model
453,12.787317618081559,1.6236331381215312,3.1654796082837557,397.22166122488704,0.0,synthetic_uncalibrated_model
454,12.994473671083815,4.305374003832596,4.276527039567873,316.7587064781095,0.0,synthetic_uncalibrated_model
455,63.68801818806297,0.8065425551195469,1.0311965138000883,443.35633805371674,0.06793279929039753,synthetic_uncalibrated_model
456,6.5825955110668195,1.243597676518709,0.8439593369415822,434.28565670175163,0.0,synthetic_uncalibrated_model
457,17.307533392661085,0.1597871853455629,1.1105070578235605,360.6221474615533,0.007492718316282936,synthetic_uncalibrated_model
458,81.23332543959812,4.663020698696557,3.7583789538270134,324.4138327005776,0.21680209421690289,synthetic_uncalibrated_model
459,26.83104289770825,1.702576054834008,1.4802640304615091,427.93423764223246,0.0685350867310972,synthetic_uncalibrated_model
460,48.05963557801191,4.066122339079296,5.602219172255874,499.7346101604863,0.10243599265191777,synthetic_uncalibrated_model
461,51.52240575562262,5.3667487374549765,1.0228455062654376,429.6579239522187,0.11544032459560377,synthetic_uncalibrated_model
462,65.0683491258058,2.0593305922830547,4.308603269814592,491.7335756329001,0.13938950166854824,synthetic_uncalibrated_model
463,11.588740766554775,0.41580543223351907,4.709591453093441,298.9063129164038,0.0,synthetic_uncalibrated_model
464,72.97875112754505,0.15576350946288467,0.6210748156221391,374.57084187180783,0.025972610295160098,synthetic_uncalibrated_model
465,17.065549852775675,1.759384330349961,4.97298763654447,366.23147214089363,0.05932197412986526,synthetic_uncalibrated_model
466,50.16374089041199,4.855060101023477,4.262938401512481,387.4109254545868,0.15702322735035412,synthetic_uncalibrated_model
467,81.89577000806638,3.9202603177191158,4.3603542743525034,331.1091899440074,0.22992529260368744,synthetic_uncalibrated_model
468,13.446343312102412,4.40834673449447,3.522596184037228,289.24910677835396,0.0,synthetic_uncalibrated_model
469,62.269805641464494,3.2843278770905777,5.317888435360569,482.88980199648347,0.16306232287896527,synthetic_uncalibrated_model
470,71.02222467293815,3.33572842904016,5.4635719956461095,331.5222611536598,0.2230860021654445,synthetic_uncalibrated_model
471,53.44888873443587,2.5770627455366255,0.4253538493224702,311.3033406527816,0.07375715629859414,synthetic_uncalibrated_model
472,69.08513323371379,4.976652083545502,0.6628797802879244,479.1193713276355,0.09218612536846027,synthetic_uncalibrated_model
473,16.09079873151991,4.661810346565576,4.027596061377372,449.9318993382699,0.030967041382565577,synthetic_uncalibrated_model
474,15.009582716507923,0.3963323527490922,2.0603312534186187,361.53025251522865,0.0001535288460863506,synthetic_uncalibrated_model
475,86.60535966300623,0.18495406045198876,5.111472687141723,426.94477847503987,0.15599288700286051,synthetic_uncalibrated_model
476,70.87486373571981,5.6983096534752775,1.7616179628966633,292.77934683317403,0.16009714625714744,synthetic_uncalibrated_model
477,21.25287257293261,2.437971433188466,5.078109131265242,447.5685320022819,0.08757464432243695,synthetic_uncalibrated_model
478,14.776164097644624,4.381605954024531,5.288211612912192,385.7996548096743,0.0,synthetic_uncalibrated_model
479,63.921850871396444,3.1958797804562367,0.9907625443919382,407.9419695694383,0.12158733167185931,synthetic_uncalibrated_model
480,32.423829246506045,1.5500801747359276,3.250972735798619,382.62228354868,0.08869076649900626,synthetic_uncalibrated_model
481,44.61082144753971,4.017902543171116,2.999077623605461,461.02135984948825,0.11565662107823838,synthetic_uncalibrated_model
482,25.813826363954007,5.065968956731465,1.8419922716141226,349.7377224355424,0.09734202730383562,synthetic_uncalibrated_model
483,58.108883028063836,1.3246381674017598,0.5800783534317812,384.83822863936723,0.07228330874863204,synthetic_uncalibrated_model
484,64.0502009502587,1.8535741955202205,3.9412722559499573,373.8844332519819,0.1560630852608923,synthetic_uncalibrated_model
485,16.740965532891977,4.593485381599067,3.6284564968548776,480.27859698830764,0.030190409271052973,synthetic_uncalibrated_model
486,68.6083800485527,2.262192004066029,4.315847667216208,301.27331395473027,0.1815795413804575,synthetic_uncalibrated_model
487,9.73107466271243,0.13755925815698952,2.570406157260382,412.0208370581388,0.0,synthetic_uncalibrated_model
488,14.384800624944818,4.847699172539511,5.866175580300043,450.6949325597014,0.0,synthetic_uncalibrated_model
489,28.874077759281178,2.218759491888349,1.533443907161365,335.6652728964165,0.0847512190253159,synthetic_uncalibrated_model
490,26.27874691815039,2.071347217700643,4.51697415340296,388.21929014858426,0.10119300946405801,synthetic_uncalibrated_model
491,21.54470692083542,0.6875872553434146,2.769505442742784,325.82354119800357,0.045697306147521405,synthetic_uncalibrated_model
492,44.66792972715015,5.918601562705143,2.231386214792422,420.0260544706007,0.13170096823536503,synthetic_uncalibrated_model
493,71.86833115714415,2.7815485760584786,0.33453824131377574,429.78801086174695,0.0760241883071982,synthetic_uncalibrated_model
494,31.53212075334,5.556430382431188,3.1886641934960966,421.30191561899426,0.12294949225728519,synthetic_uncalibrated_model
495,79.52317805265122,1.323820463113829,5.349139365019961,394.39131496299905,0.2058301699266084,synthetic_uncalibrated_model
496,6.128519005855813,5.160335118193438,1.7532418030629953,356.28602445070095,0.0,synthetic_uncalibrated_model
497,20.709491803540928,3.3205838550061686,4.771186139278532,477.8348820941558,0.0686917111500866,synthetic_uncalibrated_model
498,64.57180723741243,1.3357860492147309,2.922557543177365,404.6763111451363,0.12498611060039799,synthetic_uncalibrated_model
499,63.36932729393669,3.1071345760309375,0.9313501888516073,359.356832075025,0.11982869227705556,synthetic_uncalibrated_model
500,48.54086127506139,0.2722085698233282,2.724530626598339,464.4084045874663,0.03730352281181731,synthetic_uncalibrated_model
501,45.629919090929654,4.483393054533559,2.245535482269067,464.97286118824366,0.11214112195678749,synthetic_uncalibrated_model
502,49.03247591274987,0.10909266352120404,0.34336438042243556,451.4836302177048,0.010244698112500825,synthetic_uncalibrated_model
503,27.76199171260011,4.292455479288392,2.0310193634631917,335.9387664024337,0.10621545232117535,synthetic_uncalibrated_model
504,51.727595437506416,1.4265895856500657,2.7336609184500595,384.7699663182046,0.10561029103705921,synthetic_uncalibrated_model
505,54.43838782351248,0.7998923009942028,4.311796560938419,346.5882263831702,0.09905796303395958,synthetic_uncalibrated_model
506,18.396287470103882,3.5362976014043963,4.604496878643527,405.71701067340763,0.08431365080952685,synthetic_uncalibrated_model
507,25.72019348138031,1.2514888325206524,2.3427175768528543,459.68912857839206,0.059841015866881314,synthetic_uncalibrated_model
508,55.233322593493924,4.851370714659831,2.5212178477414255,403.8153758485247,0.15029848424752068,synthetic_uncalibrated_model
509,66.15720108366241,2.89872280614216,0.18267868669419263,420.89647321904215,0.04858545960988636,synthetic_uncalibrated_model
510,71.1928201550207,2.828479839367507,0.7674485120118356,453.0604453664307,0.10582728335036445,synthetic_uncalibrated_model
511,75.22500356226439,1.3905640034002462,4.200262418752427,308.92081608562813,0.17198657922800686,synthetic_uncalibrated_model
512,82.33948408817805,2.252957986718867,0.411150605482968,308.7881907469738,0.09027933992322018,synthetic_uncalibrated_model
513,67.84827559224132,4.519464926204067,4.350241450817861,467.4791123851059,0.17857798674463543,synthetic_uncalibrated_model
514,85.49728176552931,5.801977106119335,4.496002823305258,345.2023001151937,0.24695974770816354,synthetic_uncalibrated_model
515,37.12515615023013,2.0211503233549015,3.0996889704470876,359.2724720731104,0.10236635792614668,synthetic_uncalibrated_model
516,73.47265364129717,4.914016693710065,3.5822352937835884,497.8531128580575,0.14935377119923943,synthetic_uncalibrated_model
517,73.18554662373897,3.981231245870544,1.9669992110176577,281.53354113330033,0.1614997667430954,synthetic_uncalibrated_model
518,88.76983485674964,4.633240404139608,1.2359374150716924,293.7214943544841,0.15681539601147731,synthetic_uncalibrated_model
519,45.13476445296746,5.479736266738511,1.3037650723250371,357.6106359101525,0.12181159276824582,synthetic_uncalibrated_model
520,62.30876313346134,2.4922653607811402,4.8509979965530015,419.8535423044608,0.1753487806108952,synthetic_uncalibrated_model
521,21.151767801768923,1.2937366931088095,0.2132822789987024,412.70098892982173,0.010849283009486566,synthetic_uncalibrated_model
522,9.052508813778342,4.365880760582882,0.6309981290275315,449.7344782719266,0.0,synthetic_uncalibrated_model
523,25.61557231367688,3.774228124549429,3.9216038724265028,358.3995646813654,0.11898564776218323,synthetic_uncalibrated_model
524,40.028487976784504,4.453706508466443,4.9814376868844725,496.7108245562457,0.07424204789990685,synthetic_uncalibrated_model
525,39.26672255269081,1.2161446690188185,3.005624762958084,355.46725595620387,0.0782045521904356,synthetic_uncalibrated_model
526,36.613389836783526,2.701833222843522,2.2365697849124873,495.48866754135753,0.0675092573763243,synthetic_uncalibrated_model
527,33.0080491327424,3.8203952994012864,5.927230691727052,351.9977258402922,0.12679144442422685,synthetic_uncalibrated_model
528,5.930145859007526,5.520894202741195,5.523197427752072,340.32126781041507,0.0,synthetic_uncalibrated_model
529,24.314577926363572,1.1010416491138912,0.8085354805408443,313.3952991287545,0.04042018582852802,synthetic_uncalibrated_model
530,12.527274896403439,3.235768169190177,1.8353153824726702,449.60877754345006,0.0,synthetic_uncalibrated_model
531,30.600053032511738,0.5128485132689453,0.5849364878736434,280.30465252578693,0.029589795579534534,synthetic_uncalibrated_model
532,63.76766915073047,3.989123850295888,3.2686541810617866,299.8861174623946,0.1724502757535994,synthetic_uncalibrated_model
533,80.03925321531449,0.5999320545818266,5.221441676221271,463.9851071171213,0.16686613983746446,synthetic_uncalibrated_model
534,85.38653822427538,3.7748617571562595,0.8003876795754876,420.1402002151689,0.1300133710395427,synthetic_uncalibrated_model
535,60.88717824974079,1.5311614598231131,4.04135142435258,449.1461406932775,0.13525499272425168,synthetic_uncalibrated_model
536,68.80585471974797,4.610087273134854,1.1067244592613348,413.4182765577598,0.13605306682967666,synthetic_uncalibrated_model
537,58.19202692601477,3.299059985756491,0.5758369738955519,385.4327345042958,0.09561573112488964,synthetic_uncalibrated_model
538,45.305062038402646,2.916329244326712,1.1924184031998928,320.23718035004356,0.1081030568220489,synthetic_uncalibrated_model
539,14.33634763700726,5.6394951292314355,3.370619226714503,487.96646954354924,0.0,synthetic_uncalibrated_model
540,42.261206453260854,3.395321103664291,3.1344196443917482,393.307245464102,0.12603047120315491,synthetic_uncalibrated_model
541,78.38140869205408,5.897340085027804,3.732916727426898,424.8892300751321,0.208474692844841,synthetic_uncalibrated_model
542,27.882601646421147,2.4673425729758116,5.1596277623560685,335.57699660427926,0.11132115436216727,synthetic_uncalibrated_model
543,82.58112115658992,2.0544444262145594,3.1517635774746497,448.9979311893891,0.17131586691180423,synthetic_uncalibrated_model
544,60.79342292461593,5.8144382121752445,3.467354819728258,488.6149048468401,0.13215298520486296,synthetic_uncalibrated_model
545,38.78864712603214,4.3003396487174355,5.115809324786744,285.47088308992005,0.12959521894535042,synthetic_uncalibrated_model
546,59.96099875300196,1.3774162907043326,5.948406361967651,371.97546004081534,0.1593070115677676,synthetic_uncalibrated_model
547,33.798243849677654,0.7310096108557514,2.23599130915172,476.98143317168854,0.042820684645024726,synthetic_uncalibrated_model
548,80.89568153145834,2.9922980453197607,5.594378088233419,462.9493412433101,0.23508740728012079,synthetic_uncalibrated_model
549,47.187319379461535,1.3049017984547049,0.5130308868771783,451.19486245621624,0.05509146417433808,synthetic_uncalibrated_model
550,80.34787900971638,4.414177587050547,1.2150442142011435,495.8542689520575,0.10541329627556772,synthetic_uncalibrated_model
551,79.26453183589575,4.469417225012096,5.157754744192836,374.02407609293573,0.24529407406943127,synthetic_uncalibrated_model
552,34.07024297793782,3.6029749770963293,2.676929048953175,326.43550354816466,0.12037064538260617,synthetic_uncalibrated_model
553,78.2570397464166,5.902796382219894,0.553847189924946,399.9855207362769,0.1157443263908065,synthetic_uncalibrated_model
554,63.746413175961074,5.3706335864483465,4.009401804451718,486.931338418349,0.14796245746216774,synthetic_uncalibrated_model
555,51.103469478663456,5.024177378812127,1.0587267202362314,487.5288549932834,0.08519303804217399,synthetic_uncalibrated_model
556,30.194980003018838,3.643092159461874,2.770981174996114,406.3245180055904,0.11516478351609111,synthetic_uncalibrated_model
557,37.55901028730959,1.326304440969677,3.328955030869218,316.5419430990238,0.0826481968930804,synthetic_uncalibrated_model
558,61.50561723579484,1.4583974308736565,3.1785604894153643,437.2185598654137,0.12476253085189748,synthetic_uncalibrated_model
559,36.166601563209525,3.4125271118856286,0.16861005113065983,290.015093265959,0.025623687482032892,synthetic_uncalibrated_model
560,85.69818510222946,3.7946148141164753,2.915508695691809,493.80957010517136,0.15703114554216124,synthetic_uncalibrated_model
561,88.18657145757462,0.5188813326900736,1.5227672879370286,472.62745861452754,0.07807393628850912,synthetic_uncalibrated_model
562,25.07983567481955,4.38766167919441,0.24183348553880324,296.71635514673204,0.02020084926451285,synthetic_uncalibrated_model
563,14.309764703054302,0.43621426635593763,4.124609229616779,490.41141708371435,0.0,synthetic_uncalibrated_model
564,9.83707695458887,5.769828450077365,4.05965663080524,462.5941401973332,0.0,synthetic_uncalibrated_model
565,69.33731516975858,2.0330757811808,4.036034077119665,434.1991179687725,0.1690186212487218,synthetic_uncalibrated_model
566,61.724177055700544,3.692249334381463,0.9214028404771367,352.9121853175191,0.12204304604414157,synthetic_uncalibrated_model
567,84.63098347990429,5.4773121985403845,4.365646778979184,460.00616780946393,0.22326256230704078,synthetic_uncalibrated_model
568,40.94747595822452,5.972858768430524,2.0966241656887123,365.61327767503656,0.12901444351135438,synthetic_uncalibrated_model
569,45.662286090032275,2.980547854265673,4.288970693174899,405.8636114524549,0.13278922930376202,synthetic_uncalibrated_model
570,11.009345969063048,0.23512943971046976,4.217700136866961,367.40360569023466,0.0,synthetic_uncalibrated_model
571,46.22988999967212,4.209411098784791,3.764614411700796,475.7890316706769,0.11207901306203055,synthetic_uncalibrated_model
572,7.05029722433937,4.147186367649844,2.8181310512585274,284.6348143097932,0.0,synthetic_uncalibrated_model
573,79.92263321036178,1.1467492656093745,2.533895303137065,432.9129162118868,0.13035264245244516,synthetic_uncalibrated_model
574,40.055683359695635,1.5144397622490637,1.2955496439714635,339.63366969742935,0.08031924304608185,synthetic_uncalibrated_model
575,68.7510609693951,1.2123624589888695,5.810624346405106,413.39186280397865,0.17907257682290822,synthetic_uncalibrated_model
576,39.39768759865108,4.773726709561536,2.124492647982496,481.3391471653879,0.0882933348361597,synthetic_uncalibrated_model
577,53.111366145067514,2.2535891336731066,2.0892405870209445,323.93131749907855,0.12283017642130079,synthetic_uncalibrated_model
578,66.58381394160736,3.9356039632434023,5.056011349903281,322.84588767966784,0.2073323860727707,synthetic_uncalibrated_model
579,68.6011143417509,3.2750468631066445,3.6384208731487573,460.58050927048635,0.16674759437926434,synthetic_uncalibrated_model
580,73.33550528377052,0.742335163506475,0.6352589565089627,370.8745944798611,0.06231136752998681,synthetic_uncalibrated_model
581,44.25724316023065,2.1281451231728146,2.3136394380653913,384.29599953537337,0.1094978836226731,synthetic_uncalibrated_model
582,31.446836070105558,2.0496244653526174,3.8154725131949476,306.7815230075181,0.10291370774806119,synthetic_uncalibrated_model
583,46.52825322251195,5.402022064147093,4.298235469577523,464.29888974446834,0.12651279263509918,synthetic_uncalibrated_model
584,65.95122067933983,2.6274217596490472,4.894372632071618,303.52167705373495,0.19087365259568412,synthetic_uncalibrated_model
585,6.490606171267211,4.916697286338245,5.104444702816701,490.7999577165237,0.0,synthetic_uncalibrated_model
586,22.2298539185385,3.4287373657601674,3.5701931074164044,322.4941853897499,0.1046828980084733,synthetic_uncalibrated_model
587,64.47325221114275,3.103261678860328,0.8863935292977067,418.474658535622,0.11609629311688652,synthetic_uncalibrated_model
588,86.23902592857192,0.715714157086093,1.4749963767581147,460.3723106406811,0.08714283957902036,synthetic_uncalibrated_model
589,75.27671963974,0.8338979738867428,5.611099696669178,486.72533483826055,0.16787777005313742,synthetic_uncalibrated_model
590,84.48349369267738,3.2299791690676116,3.0075395195946095,487.16919100066764,0.16198950772619303,synthetic_uncalibrated_model
591,35.74059004221769,2.474281551207456,2.938707624031906,387.6679476430421,0.1094994740875963,synthetic_uncalibrated_model
592,54.61031264882876,4.813775264907243,1.5455255994170296,355.1240435455535,0.13776476586899633,synthetic_uncalibrated_model
593,34.62744974315147,3.658940421860165,0.14556792510824706,318.55639962765,0.02131377300790767,synthetic_uncalibrated_model
594,54.039519319904706,0.6464959706025837,0.6745387353732901,433.0389040396665,0.04827588561948898,synthetic_uncalibrated_model
595,83.79832723394047,4.602441049691135,3.9486111954329615,302.77297465904064,0.22629654984124303,synthetic_uncalibrated_model
596,36.56274016630791,1.0006110149035667,0.13458876968773292,354.0112613108045,0.018475636289875343,synthetic_uncalibrated_model
597,21.772806144648,3.1924990266654145,4.368580668050066,467.6254061127602,0.08004870131231334,synthetic_uncalibrated_model
598,53.24083682281061,5.248079952428088,1.3436739215875149,415.1371890092307,0.12969710393167555,synthetic_uncalibrated_model
599,65.63186096656707,4.261128418326317,1.345793173152528,419.564903262603,0.1383746201567787,synthetic_uncalibrated_model
600,59.58601127113144,4.516656641128099,5.875038297774815,317.5497170095569,0.20087673489594426,synthetic_uncalibrated_model
601,40.1993430958596,3.8922951963402914,0.3210254695584065,295.3990647873534,0.04959661037581953,synthetic_uncalibrated_model
602,50.56444537176223,3.4908695137259627,1.2816105503320567,361.05116946022576,0.12143086432882205,synthetic_uncalibrated_model
603,56.850479109955785,4.671149687089163,2.9542299851129137,284.18369063655877,0.15928375733296518,synthetic_uncalibrated_model
604,7.25705086192999,4.403243883171981,5.510156858300712,460.4187203065312,0.0,synthetic_uncalibrated_model
605,73.20909992359248,1.8066240023428077,4.2113243664010644,467.0699888673844,0.16712344661209877,synthetic_uncalibrated_model
606,7.4092959867023165,3.3442427647150237,5.514476351792739,448.07807462073174,0.0,synthetic_uncalibrated_model
607,23.373122942850447,2.2480301851432705,0.5323763751636507,349.03368234279833,0.033249692960182764,synthetic_uncalibrated_model
608,12.43778686887255,4.217723990825284,2.6615200403796884,364.9730142215286,0.0,synthetic_uncalibrated_model
609,32.06910660367555,3.884492276678769,2.6114797227907767,299.2953255424454,0.11990702663533598,synthetic_uncalibrated_model
610,33.51323199991485,4.072474048581055,1.061915480676496,353.50129972975924,0.09127806135659944,synthetic_uncalibrated_model
611,62.638936301570496,1.9688544282889189,2.1395777497847726,489.5046531200213,0.10188504836395695,synthetic_uncalibrated_model
612,77.95176924993272,4.944762541754712,5.564043391021866,448.3451055843798,0.2412348708489912,synthetic_uncalibrated_model
613,31.569938595633793,5.6805267493611336,0.49665866998421904,341.4164424595317,0.05406083413278162,synthetic_uncalibrated_model
614,85.92003742762317,5.162964589632851,1.6624727481469044,323.79979786334354,0.16943694586817593,synthetic_uncalibrated_model
615,88.42548732585226,4.21288906147898,2.3728678203947795,360.21232898215385,0.18862961226150665,synthetic_uncalibrated_model
616,43.05448053492452,4.398625317943663,1.2958051999438962,328.7913670947339,0.11609432641515105,synthetic_uncalibrated_model
617,72.84661478959255,0.14704646252076567,4.046134551971472,415.412572305215,0.09513202391521214,synthetic_uncalibrated_model
618,20.299931096647413,0.7560872688983874,0.6756414621389488,331.6135049945255,0.022672151573940064,synthetic_uncalibrated_model
619,16.84639755148615,1.9549953982865522,3.1848625578844665,457.57135947208087,0.03345131501219753,synthetic_uncalibrated_model
620,45.95387254917895,4.576517198007024,3.7282900571750432,317.2035089806121,0.14393212805227362,synthetic_uncalibrated_model
621,23.90885324608842,4.799569891972382,4.376963431578239,307.4568859631963,0.12234624528052662,synthetic_uncalibrated_model
622,26.745747127581936,2.6645285418602302,3.5801370442446565,478.4940257869925,0.07712588227735118,synthetic_uncalibrated_model
623,16.038981873153013,0.520715945831904,3.7228482346041805,339.0539865433628,0.02111877433118338,synthetic_uncalibrated_model
624,79.67481896600849,0.20484636901699727,0.41571417005426925,355.16853222450044,0.026588080345069945,synthetic_uncalibrated_model
625,79.56106454770823,1.5941821806047247,3.9229716972676183,337.80214523733497,0.18109100087324348,synthetic_uncalibrated_model
626,51.312606972188014,5.0953333452145735,2.0936406070961975,347.0883413575504,0.14283303597344632,synthetic_uncalibrated_model
627,84.71795524849229,0.5672144353689302,4.430705727451612,493.9618290086031,0.15096435627150795,synthetic_uncalibrated_model
628,83.62667160228175,0.9986887592528491,1.8901188672691922,398.0117038661598,0.11393075012858678,synthetic_uncalibrated_model
629,26.53750103868102,1.9952789252816663,3.782388470959473,487.90348416309155,0.06317199395986983,synthetic_uncalibrated_model
630,41.41629087690405,3.2810977622495074,3.1099678343996877,421.81695433523316,0.12009172969996196,synthetic_uncalibrated_model
631,23.180532848160464,5.448097934698373,1.6197780130388435,390.43492485526536,0.07890841747986577,synthetic_uncalibrated_model
632,7.514533094584094,1.8938660676484118,5.160776644218982,374.2283626012729,0.0,synthetic_uncalibrated_model
633,42.33918649368811,5.645630555423946,0.5912468881306036,386.26249198546816,0.08105491880823251,synthetic_uncalibrated_model
634,8.075824073156932,4.805340341100962,1.3661198379975334,423.70309042354177,0.0,synthetic_uncalibrated_model
635,55.66574434566849,1.7789115632809969,1.2043202317823352,291.74927691911176,0.10208019672998081,synthetic_uncalibrated_model
636,32.3816305384931,1.359835414789016,3.9157415531958026,289.3364150371805,0.08371956607673048,synthetic_uncalibrated_model
637,60.85762412762493,2.363932039360729,5.3092515810205585,433.69388631432264,0.1733965023280971,synthetic_uncalibrated_model
638,69.58747120616185,0.8721423314339873,3.4615520497059538,479.660056214542,0.1142643758184837,synthetic_uncalibrated_model
639,55.966277241880995,5.267883766604217,5.227261731837114,310.07646024085307,0.18383038541703134,synthetic_uncalibrated_model
640,61.577758324182845,3.046142081887312,4.74719098703185,492.7212777365563,0.14309531426362043,synthetic_uncalibrated_model
641,57.531412281122265,4.488418753666371,3.3423478044697785,293.31494399212147,0.1643544054103886,synthetic_uncalibrated_model
642,5.380694664658905,2.224640191340929,3.852296572482651,461.8889969801509,0.0,synthetic_uncalibrated_model
643,86.97538189843871,0.34512256555535115,1.1982625222370085,478.3211959190331,0.05744684951449361,synthetic_uncalibrated_model
644,61.63837362784464,0.13333303201338104,5.335785764582642,435.3359960734423,0.08655617679500405,synthetic_uncalibrated_model
645,71.11518274431107,5.58971348180404,2.537096492061352,403.90067914879074,0.1738805706886294,synthetic_uncalibrated_model
646,14.587321532606836,5.3511652796477875,0.9810613477935467,479.7957718651057,0.0,synthetic_uncalibrated_model
647,26.90470149812785,0.5805239286594932,1.144646191383564,439.2586697589513,0.03450496149278029,synthetic_uncalibrated_model
648,75.19031537685542,1.292496576832645,5.053212205642386,282.31422606804125,0.18689958817143837,synthetic_uncalibrated_model
649,28.427113664085528,4.632446179332908,4.76563457586585,320.5006967126164,0.12891878012631364,synthetic_uncalibrated_model
650,77.60255071532004,4.940322841396537,0.9088635744554959,369.54937467805763,0.13790968996451536,synthetic_uncalibrated_model
651,74.64289931320583,4.6126585627005285,5.170868219496849,431.4523531499664,0.22805076930864265,synthetic_uncalibrated_model
652,89.30136366078176,4.862995064630854,1.6068527322282828,378.62298899784594,0.1691119084506605,synthetic_uncalibrated_model
653,60.023952340574745,0.22852537084622568,2.5281738980642614,449.2166169065189,0.05179695417867061,synthetic_uncalibrated_model
654,5.846731939841704,4.820488469630304,1.000523413345275,473.95545094554444,0.0,synthetic_uncalibrated_model
655,75.49692735756736,1.8343355424936156,5.628040238338225,462.88940396875614,0.2052662884333316,synthetic_uncalibrated_model
656,87.37340011687868,5.986427558350802,5.299143992679148,407.3839422562346,0.27135021445345964,synthetic_uncalibrated_model
657,79.43126782090046,1.1065127552260579,2.280691815151905,497.3952040338446,0.1048008462426736,synthetic_uncalibrated_model
658,35.81897955506942,3.904707544770821,1.0240054306071147,440.19670643505486,0.08669910687913746,synthetic_uncalibrated_model
659,55.47986471234449,1.2491614413206362,5.340538251544082,402.0205946650581,0.13198109034431027,synthetic_uncalibrated_model
660,82.9709685218941,4.6852334200273855,2.0019795587529385,489.9634170404077,0.13458591615656657,synthetic_uncalibrated_model
661,13.419253105478928,3.986449818944011,3.19875402301962,482.66217652292295,0.0,synthetic_uncalibrated_model
662,84.94348406364506,0.3839859805175193,1.3603859171655193,499.9774326591808,0.059583493263777154,synthetic_uncalibrated_model
663,68.65010184738395,3.5285905711471792,5.921564469243726,497.8017752002097,0.18030704399964492,synthetic_uncalibrated_model
664,61.831414500973224,5.503677673606926,4.193548569358827,376.34529527766244,0.186589428700917,synthetic_uncalibrated_model
665,38.60071797497672,4.272353598372878,2.1837341073907353,380.2113975039058,0.12281513696828839,synthetic_uncalibrated_model
666,89.5540071097619,3.40462541013868,3.742997688404574,467.2862731506226,0.20585461657096338,synthetic_uncalibrated_model
667,9.179965878380028,0.8584333708812099,4.637909115498588,472.15371077853524,0.0,synthetic_uncalibrated_model
668,56.684842575739125,1.4792519296378581,0.9043618664893402,387.7709432845637,0.08737403850111736,synthetic_uncalibrated_model
669,64.6105634086092,5.522039739177551,4.369799969934496,475.5431876785352,0.16623548490314755,synthetic_uncalibrated_model
670,47.006091539309374,0.1607088527961117,4.399461522458079,450.17866451621563,0.03516751190651479,synthetic_uncalibrated_model
671,54.176208125132824,4.9272555867433185,3.115915812147653,395.6572976622759,0.155730279097136,synthetic_uncalibrated_model
672,79.78474472759646,3.942330139598575,5.756641353964671,469.36428523963366,0.23710517526418307,synthetic_uncalibrated_model
673,33.578018122239534,1.3488713444753166,2.933505463865247,459.3319114925441,0.07156257473323546,synthetic_uncalibrated_model
674,40.697101819174684,1.7175562301193623,2.5438426559780702,356.70616178170656,0.09548472453784501,synthetic_uncalibrated_model
675,73.84068751511606,5.130653523310231,5.247537012268557,364.0139879569767,0.23502741518382175,synthetic_uncalibrated_model
676,43.27262879288681,4.936288185696843,3.646492759377555,425.4905789638867,0.13279594026590702,synthetic_uncalibrated_model
677,55.73498943401405,5.144899281687117,5.23373174643019,440.63613368014467,0.17300461010201384,synthetic_uncalibrated_model
678,50.15106885199966,1.0303166398430232,0.5424127624570033,468.2446759133568,0.04963058943217358,synthetic_uncalibrated_model
679,18.353815875299897,0.6156869756786589,4.582599699385879,430.73671217287296,0.037160475108371865,synthetic_uncalibrated_model
680,66.49815806429933,5.128817397577925,3.405274374735508,304.2553039309185,0.18372613848560004,synthetic_uncalibrated_model
681,8.254571599523706,4.5801096655599,1.4903247601161598,492.8491049974191,0.0,synthetic_uncalibrated_model
682,9.598768590993895,0.11455855969906255,5.540499030050126,289.9741877452302,0.0,synthetic_uncalibrated_model
683,66.6010306166432,4.759308800348634,2.338035872408167,297.1090800179007,0.16461962435500332,synthetic_uncalibrated_model
684,16.202287728469404,1.0758484402046726,1.7684400620274054,471.01890505625533,0.01180039068351927,synthetic_uncalibrated_model
685,48.099874440155524,3.3714399387637752,2.670914948915729,324.6464212304359,0.13521717829081603,synthetic_uncalibrated_model
686,40.540613272847665,1.9671097920035328,1.3730427221362083,398.3151695159148,0.0914062762077858,synthetic_uncalibrated_model
687,37.50799628981238,0.10715470642414054,0.1861012562747032,383.7306438731737,0.006319667080414152,synthetic_uncalibrated_model
688,80.08394101668556,3.059966642175969,0.9860341165806433,288.87318022829794,0.1333492521250721,synthetic_uncalibrated_model
689,6.80812422726194,3.8181834159003873,5.451665648657951,491.1094920626622,0.0,synthetic_uncalibrated_model
690,75.95813307761675,4.41852471996559,3.708131572312413,486.50159468136565,0.16791127859215726,synthetic_uncalibrated_model
691,83.73140657403427,2.7634339964564285,3.468523665466456,382.9813047403445,0.20011454860970534,synthetic_uncalibrated_model
692,75.85046503772391,2.822425072884851,1.9161487996823796,497.1640886784038,0.11367197353313158,synthetic_uncalibrated_model
693,78.17372291349082,3.5828885828311967,3.924695035570046,414.3657129954436,0.2068292462765553,synthetic_uncalibrated_model
694,58.71334699041138,3.86742361221762,3.3737225392364967,373.77203400887674,0.1635677829615284,synthetic_uncalibrated_model
695,84.47755358525083,4.26989511600086,0.6046721286042983,365.2203832062237,0.12217214397302861,synthetic_uncalibrated_model
696,76.48598294867004,0.6132367866096278,4.649328024307124,307.57846264054723,0.1493694667315355,synthetic_uncalibrated_model
697,47.99939662733555,1.3137270644615469,0.4776290059740017,465.6746751294568,0.05092718179123801,synthetic_uncalibrated_model
698,51.9463169816911,1.415128945375584,3.8885510426083747,317.9962094144902,0.11556411562298241,synthetic_uncalibrated_model
699,8.743096895637741,2.1103309549947076,1.8217751555694037,359.12854321672364,0.0,synthetic_uncalibrated_model
700,15.749548481226803,3.90778673554436,1.4294282973661956,496.96018341084937,0.005663369522742073,synthetic_uncalibrated_model
701,8.483858141418827,4.9711806362898,4.4352197750301015,436.5818294501727,0.0,synthetic_uncalibrated_model
702,53.01620515367928,0.10840382265957767,1.305574880607729,426.959933401856,0.021050896942152633,synthetic_uncalibrated_model
703,54.31300098606683,5.660001053675014,3.7067951844230316,326.64479776727916,0.16481069735198384,synthetic_uncalibrated_model
704,83.8515587343483,1.1924265904620244,5.577328084805538,454.1886892666728,0.2133789575621846,synthetic_uncalibrated_model
705,31.74329497893757,4.863963145099172,1.1860061229398073,342.4681910845895,0.09416223566537907,synthetic_uncalibrated_model
706,55.55215713262397,2.501572133713087,5.150916808207465,300.0760745711299,0.16284524134856937,synthetic_uncalibrated_model
707,70.45555080836888,1.6949354274479573,4.1386451345621555,313.1691241785365,0.16962188794620325,synthetic_uncalibrated_model
708,43.568276877511124,4.163702191834756,3.7620276651275466,486.1080329932669,0.09528487416170789,synthetic_uncalibrated_model
709,47.69403434303763,0.7881357974930769,4.2104509041911635,426.78953962334083,0.07816999585134521,synthetic_uncalibrated_model
710,38.871608887562495,2.523619460578735,5.58740585783525,356.5786185599889,0.11338184635343906,synthetic_uncalibrated_model
711,55.42290006862206,0.8193681275916852,4.590924789357983,390.74850440738663,0.1052301455834333,synthetic_uncalibrated_model
712,88.19940475333047,2.712397175375245,2.8218644067517076,362.8528100532389,0.18899744716538414,synthetic_uncalibrated_model
713,48.49993193115486,0.754933364822743,4.869611227137104,461.27766116577845,0.07840005919961818,synthetic_uncalibrated_model
714,28.186969287926363,2.434314717192641,1.3103242286702723,298.7742340279919,0.07979551111520511,synthetic_uncalibrated_model
715,11.881048262196241,2.176342975911846,4.433795273004058,417.54811156064903,0.0,synthetic_uncalibrated_model
716,8.39471132312751,2.4001878038089206,5.6853951160415095,480.3655943802083,0.0,synthetic_uncalibrated_model
717,17.286594128319706,5.4079312227165115,5.048421239111728,440.3562739889983,0.06647502358503954,synthetic_uncalibrated_model
718,66.88190376076724,1.3196844887114165,1.7030275725124775,462.87409797068824,0.09888008202747522,synthetic_uncalibrated_model
719,78.58072791242817,3.814290110503234,1.7182809247017619,326.1913530764981,0.15973815577050654,synthetic_uncalibrated_model
720,17.115781519615858,3.840661122637917,1.5209123356797731,480.16298914270305,0.019409712644756938,synthetic_uncalibrated_model
721,30.26449858213795,3.3103982525676687,3.9127824821315635,403.4308836137013,0.11833256032079253,synthetic_uncalibrated_model
722,14.23237153557103,2.989319222018317,2.018441253350486,428.8877244054496,0.0,synthetic_uncalibrated_model
723,73.11584445302381,3.5748777561730836,0.28295373061792983,389.13587487079093,0.07441177346495548,synthetic_uncalibrated_model
724,76.6570232969077,1.1296133599695635,1.9126034858713343,342.60439004287923,0.11394126268576643,synthetic_uncalibrated_model
725,46.91097756246447,0.9629164219633719,0.17324696201225648,349.8780871136629,0.028639204622588954,synthetic_uncalibrated_model
726,52.908392180128715,1.830461969742934,5.79262435309674,336.5545233810832,0.1467749101860918,synthetic_uncalibrated_model
727,10.770643683874844,5.388439920123635,5.885191420511238,322.1550731151233,0.0,synthetic_uncalibrated_model
728,16.506265153412933,5.810333561787871,5.469264682833598,355.67038653828536,0.061680475326603784,synthetic_uncalibrated_model
729,7.236144989896905,3.725771260384067,5.625438628208566,340.06446541570875,0.0,synthetic_uncalibrated_model
730,70.59693648605867,4.440003869707756,4.446984821892422,486.2675020150888,0.17157354390137247,synthetic_uncalibrated_model
731,25.875219916762756,2.8244434177478643,1.584097753757078,446.7408710457556,0.07507834802187979,synthetic_uncalibrated_model
732,47.22264631353594,2.9812954185677927,4.970677163787773,373.553300737827,0.14202101906069164,synthetic_uncalibrated_model
733,63.05227868134649,5.856127135600312,1.8866127157261785,398.13872213583335,0.15343928064757795,synthetic_uncalibrated_model
734,71.2750647830215,1.7822981619541793,5.371620288065606,406.70350071150415,0.1965517686233753,synthetic_uncalibrated_model
735,11.308871288332611,5.960787928396591,4.888254939438027,454.71262161279367,0.0,synthetic_uncalibrated_model
736,15.702122534737189,4.122517618119275,1.5990200211380776,485.7237213918928,0.006930462279750159,synthetic_uncalibrated_model
737,69.64321192878874,1.1934657623404445,3.576976047506106,314.1721505105476,0.14077315932961987,synthetic_uncalibrated_model
738,49.90415637509011,0.34211695592560637,0.9361436807625868,392.88232328140316,0.033765005651248514,synthetic_uncalibrated_model
739,27.699378132989892,4.893732989838805,4.109799099792285,499.52121962550734,0.06263790765151078,synthetic_uncalibrated_model
740,47.52495915860763,4.552411674102605,1.3933607194886193,344.9584278995187,0.12544292000666235,synthetic_uncalibrated_model
741,7.360386281666841,4.102172032210923,1.93176496976933,367.6410247995475,0.0,synthetic_uncalibrated_model
742,45.122368932941384,5.848490825889885,1.1133867462699867,314.125200513108,0.11635865866074507,synthetic_uncalibrated_model
743,28.716822393500845,5.189138060010212,2.6387490781917045,437.5438730093226,0.11005780042225222,synthetic_uncalibrated_model
744,13.141947763280568,0.98340112169111,3.1310729559199566,297.30163037662265,0.0,synthetic_uncalibrated_model
745,17.33467859814966,0.9652974899425889,4.557986546168724,312.2477111483694,0.047657071075368346,synthetic_uncalibrated_model
746,31.85165039347644,2.9142520431237875,4.108628375881555,398.51055779551234,0.11592802860608603,synthetic_uncalibrated_model
747,11.471282045747035,3.1830807121131213,3.6682455800116958,452.9587857034742,0.0,synthetic_uncalibrated_model
748,23.77409394575398,2.102846964906519,2.39379351477429,466.6738195361148,0.0671312016956751,synthetic_uncalibrated_model
749,30.17927620098362,0.9884425014573831,5.013335562716415,478.9937554780371,0.05213422401706791,synthetic_uncalibrated_model
750,32.645145557372494,1.147777059003171,4.098280116453017,364.7158084716442,0.0754433128655268,synthetic_uncalibrated_model
751,56.50459451266295,3.8713698571232307,3.4179001677706955,351.0536218090705,0.1602063039116064,synthetic_uncalibrated_model
752,25.750303229281528,2.129924332429865,5.6149833198612376,448.6582894513748,0.09200446227608,synthetic_uncalibrated_model
753,17.393853465139756,2.4296095404189857,4.8472549375706695,471.97852348774785,0.045131236074164194,synthetic_uncalibrated_model
754,29.26010923994537,5.972499950433891,2.549701084085005,311.3545830326168,0.12096244719567123,synthetic_uncalibrated_model
755,61.27113616664452,1.0179248626309478,3.475684074406639,326.8589939615853,0.11545886244262776,synthetic_uncalibrated_model
756,5.616039266238609,3.509293553057663,0.1543518289724774,469.92941170257,0.0,synthetic_uncalibrated_model
757,27.773143202689685,5.668156705768588,5.4169286022235745,312.061967618374,0.1321060172206472,synthetic_uncalibrated_model
758,52.018657045294574,5.246323826023208,4.4501187375691424,482.0226216581723,0.12774084607918046,synthetic_uncalibrated_model
759,72.22350786020678,3.797575827320499,2.9863556081512868,469.29691916883445,0.15828424368296123,synthetic_uncalibrated_model
760,75.3827450823362,5.083995787533275,5.6560762029069975,379.3412049570271,0.24763659331237253,synthetic_uncalibrated_model
761,13.679514459694639,3.217125272092145,3.047895559847232,398.3443955821935,0.0,synthetic_uncalibrated_model
762,12.804422243095651,5.937703325071774,0.270134108473967,400.790659219851,0.0,synthetic_uncalibrated_model
763,31.922578590209973,3.0056594860559502,4.486663531080667,293.1325640486051,0.11914639864021453,synthetic_uncalibrated_model
764,13.578497435670489,1.0922375937788578,1.076300813674085,394.28237845320547,0.0,synthetic_uncalibrated_model
765,9.573776551769152,3.29135566007444,3.974403709113607,494.9574662956368,0.0,synthetic_uncalibrated_model
766,87.52275796962282,5.089005960170055,1.4318073153438382,364.1552667358006,0.16336683363818227,synthetic_uncalibrated_model
767,65.02021770109582,5.114930199280423,1.2393564655887777,368.3027141077834,0.14101802423858945,synthetic_uncalibrated_model
768,22.60147951489609,0.30061791987569786,1.3980157123935404,419.6534429697771,0.02110644833557611,synthetic_uncalibrated_model
769,13.50129721068294,5.510814292919273,4.493874031720138,442.03154152169475,0.0,synthetic_uncalibrated_model
770,74.70120460415698,3.9457831902335374,3.350100108946312,313.58110298388016,0.19268600808987557,synthetic_uncalibrated_model
771,42.109452880063735,5.074788568182278,4.858884025117738,381.5967297072119,0.13791258793356265,synthetic_uncalibrated_model
772,54.25378927145497,1.5607122524279753,2.7880221053197713,302.8316570232211,0.11496309903817908,synthetic_uncalibrated_model
773,26.937921801089708,0.9556662526596255,2.7511605346720467,313.1370985914465,0.06310606557046144,synthetic_uncalibrated_model
774,10.663549127750825,4.413524748721568,4.936591710488645,447.4078645190187,0.0,synthetic_uncalibrated_model
775,55.864008222452824,3.7987419493233348,1.454062417552085,318.46987682009996,0.1332276379372318,synthetic_uncalibrated_model
776,25.697148344206386,2.0119168672205747,2.6418809329810573,293.93012354776056,0.09097215508912548,synthetic_uncalibrated_model
777,21.82595975828762,4.830460824694345,3.399589701976131,280.41598119318735,0.10584597378791882,synthetic_uncalibrated_model
778,16.855359170447628,2.6385319708406763,4.812435873140082,419.07735884481644,0.05672919358773332,synthetic_uncalibrated_model
779,22.739610129126056,3.715949063229085,3.3722664543208865,465.18065822390895,0.08236357375658948,synthetic_uncalibrated_model
780,22.635794605842232,2.685092523169748,4.848619535826211,361.40138686948865,0.10777334046552484,synthetic_uncalibrated_model
781,40.93843123586508,5.033193665902505,0.22453704649101244,372.91299974877256,0.03837771130799578,synthetic_uncalibrated_model
782,55.30919036970726,0.5984694120989772,3.20351120747856,447.6908586013444,0.07587005951707759,synthetic_uncalibrated_model
783,22.076817160584547,1.8140494506832237,2.7291855282281907,359.82728888035746,0.07815079519285917,synthetic_uncalibrated_model
784,53.74959473865184,5.112613470629258,4.567093810638612,496.54227575165646,0.11833205270467229,synthetic_uncalibrated_model
785,25.57964265166553,3.9039255758945495,0.42698327808713266,348.85400244393304,0.0344863413983246,synthetic_uncalibrated_model
786,79.75212507782186,4.714215571980128,0.9631989808053846,332.4373589437542,0.1413668453622765,synthetic_uncalibrated_model
787,75.99536940155488,1.7346229557587525,2.154051546572431,389.59187591123305,0.13828575882963778,synthetic_uncalibrated_model
788,15.223369632728886,2.6320970836783224,3.542358833337594,445.51929080841285,0.006525094056935667,synthetic_uncalibrated_model
789,86.76123783287954,3.928580129909044,2.8801502551505105,304.8514007312359,0.19955030280149644,synthetic_uncalibrated_model
790,59.8270289039831,5.897780819006555,4.421083698592351,306.3873819954499,0.18604349476546866,synthetic_uncalibrated_model
791,75.64793251572856,0.2920227495773144,1.631038201440409,383.6519816364015,0.05980325910067391,synthetic_uncalibrated_model
792,55.94445451996501,3.9335536152805712,2.8786081817999247,285.3887117679969,0.15371546611094,synthetic_uncalibrated_model
793,59.230855778692174,3.158054430726293,3.0418212235914033,414.8122949350639,0.15244842343030107,synthetic_uncalibrated_model
794,83.88093372166192,0.42069052687665165,1.7766538707600252,477.6827169142912,0.07534402608531893,synthetic_uncalibrated_model
795,14.464197686749394,0.1975785519886596,2.3751709160837375,458.57953346794136,0.0,synthetic_uncalibrated_model
796,35.79470120188192,1.4668517541050765,5.621560213782917,385.11960537510663,0.08772580846870398,synthetic_uncalibrated_model
797,71.07124501920497,5.050341533312968,0.8228147768898671,482.220237238544,0.09920724593879643,synthetic_uncalibrated_model
798,72.3908589681542,1.5696705222646945,1.1001654108551706,478.2799385301742,0.09084309591230555,synthetic_uncalibrated_model
799,12.293169953392361,4.238218948752648,5.607980861342661,370.50659306242636,0.0,synthetic_uncalibrated_model
800,10.815496055037917,0.33490132796255656,5.990037008379261,337.3284017637296,0.0,synthetic_uncalibrated_model
801,12.202416922585563,1.117783556101517,2.3542672519911547,422.16949080920745,0.0,synthetic_uncalibrated_model
802,6.865403705399276,5.70457456411773,5.848248280247555,319.8695606500088,0.0,synthetic_uncalibrated_model
803,27.89374874302709,0.36995062052767747,0.24671289711184421,377.23033731629084,0.014060057973426895,synthetic_uncalibrated_model
804,56.602744589080395,4.738164877744833,3.03375110525851,328.1072431342991,0.15996798154655345,synthetic_uncalibrated_model
805,42.617599885133416,5.010695792503953,1.4341836997690907,312.1892037483665,0.12049806988334866,synthetic_uncalibrated_model
806,60.985884904376576,3.85691742674139,0.7803478178286588,436.8254725851988,0.10906823938283222,synthetic_uncalibrated_model
807,75.4809355507632,1.1421746292280466,0.9549823815026974,322.47932932227445,0.09026142504859053,synthetic_uncalibrated_model
808,27.359849642713176,5.49714609431813,5.250739967044726,450.2565526881981,0.11266794730429353,synthetic_uncalibrated_model
809,76.18015156159156,4.770903149005464,1.2129405015846642,311.13504449868526,0.14822600477878134,synthetic_uncalibrated_model
810,17.162756033242154,1.0513131106257627,2.687128163231517,354.9643595021284,0.03592009973943558,synthetic_uncalibrated_model
811,89.62408179996906,5.74136189236546,0.23922395794639623,421.37782726968555,0.07657052397039693,synthetic_uncalibrated_model
812,41.89947485601624,4.666921830147863,5.415226802186987,380.8931487154796,0.13690016929917914,synthetic_uncalibrated_model
813,88.87377240394584,3.8876257432762373,1.3848095383971737,333.82888665643117,0.15851386786445998,synthetic_uncalibrated_model
814,41.334564946454435,4.881781832011189,5.97613882626286,467.8785511407123,0.10980665773386067,synthetic_uncalibrated_model
815,69.53692823817617,0.2905744417700399,4.785614383581772,481.5515238694887,0.1095725315353625,synthetic_uncalibrated_model
816,58.28398702909161,2.2646372879621723,5.252145069458644,318.63087146371555,0.16821905097323542,synthetic_uncalibrated_model
817,5.499052469136286,1.1052180028127443,1.7219819044938656,322.5608281858485,0.0,synthetic_uncalibrated_model
818,38.43883273084573,3.4638211509689847,0.6564320553093037,319.64834998930644,0.07659304965055325,synthetic_uncalibrated_model
819,54.93991825308483,2.1835334922689613,4.422263042159537,281.2296980784589,0.14806935848215586,synthetic_uncalibrated_model
820,51.24231093353791,1.6642582278275884,3.0380795295895044,431.78204820064013,0.11122604768572031,synthetic_uncalibrated_model
821,47.309274460846574,5.562629757718239,4.246091793916452,482.306486308384,0.11294818380010396,synthetic_uncalibrated_model
822,74.7246912553707,3.634190208469944,4.569145216126962,496.7923581509697,0.17241083599353846,synthetic_uncalibrated_model
823,79.59125555134352,0.13962396532536908,4.666901075613867,333.1219274132819,0.12387530955105691,synthetic_uncalibrated_model
824,18.0372839333875,1.4504071827620328,4.272234518208974,491.24369497014476,0.030773101081894322,synthetic_uncalibrated_model
825,37.45724773257271,4.767972869523089,1.0704809471232675,316.14749268467153,0.10049296688592613,synthetic_uncalibrated_model
826,34.328347504375515,2.293706189877328,1.2882653505091675,328.499606849592,0.08917803576563799,synthetic_uncalibrated_model
827,37.31909970545444,5.27824164293204,3.3813947775133344,313.0356153713855,0.13135606460838334,synthetic_uncalibrated_model
828,54.68959604597813,5.7902494702892495,5.339862749763428,436.671368662273,0.17317339211204685,synthetic_uncalibrated_model
829,80.12751852103483,5.256591665690035,5.884642385233884,422.639533915033,0.26329252512706947,synthetic_uncalibrated_model
830,7.884262797586372,3.4296482397136328,1.9427306354078437,403.3309822351287,0.0,synthetic_uncalibrated_model
831,19.76285006815847,2.736206895068757,1.9892582121576599,454.0852710305876,0.052290048935491246,synthetic_uncalibrated_model
832,47.61400140835148,0.7205039274523463,5.300031626143726,343.47155918158103,0.08164035758936306,synthetic_uncalibrated_model
833,30.81488595552833,3.209538140416642,5.423299937350728,293.6237068041202,0.12174916968993965,synthetic_uncalibrated_model
834,74.46665118693781,1.9251927615712865,1.7935242198388803,357.6917554849241,0.1338992319295612,synthetic_uncalibrated_model
835,43.75758988987707,3.6811649265013915,3.9673266970389642,352.5579169289482,0.1349775333595865,synthetic_uncalibrated_model
836,68.26226694420771,0.6103847322373007,2.3214371096956947,288.72321350887717,0.08716269504627422,synthetic_uncalibrated_model
837,11.852837590402316,1.322359133460569,1.4525161329944893,453.8023579473295,0.0,synthetic_uncalibrated_model
838,35.29704799289442,2.3293113360503392,2.5854679201871376,317.25625247890514,0.10639008020374807,synthetic_uncalibrated_model
839,68.32332740347152,4.221817481939427,4.367016635124268,385.667301836918,0.2004078580212717,synthetic_uncalibrated_model
840,85.94676868835346,3.4974749352327565,1.1204217841436321,327.87812130299415,0.14542126718174198,synthetic_uncalibrated_model
841,19.893371705893763,2.061389434686017,2.420972933208546,492.4994066452557,0.0371655582715798,synthetic_uncalibrated_model
842,15.082646650781792,1.741454553933085,1.922298104037014,325.59863592559987,0.0016225349054771049,synthetic_uncalibrated_model
843,60.80500758411837,2.1336516720882135,4.642384578385858,478.8688100550871,0.1430149278871743,synthetic_uncalibrated_model
844,80.1841159683413,5.480126747575969,0.38022850125945495,376.8969875437287,0.09760917016972742,synthetic_uncalibrated_model
845,11.136627629008,2.00444066722091,5.562221167361677,384.92126388388635,0.0,synthetic_uncalibrated_model
846,55.29852841504669,5.601454355505512,1.9357570872576846,471.8584481136505,0.11926948601240661,synthetic_uncalibrated_model
847,29.519692840514185,5.10222552965794,0.45702736979765257,418.2681397985569,0.044895624427420316,synthetic_uncalibrated_model
848,49.57573258847331,5.792537297791413,5.489021331154006,436.1953308887297,0.15772622147326432,synthetic_uncalibrated_model
849,58.4139754808571,1.8499633781088562,1.801591175077917,408.8714472796149,0.11516095967986928,synthetic_uncalibrated_model
850,84.22952872795364,2.400604713320876,4.505520458812919,353.8575235785805,0.22340108559760796,synthetic_uncalibrated_model
851,70.49569599001846,1.573829639688136,5.296327196414101,327.7892147604529,0.18832535707516884,synthetic_uncalibrated_model
852,20.03466603568544,3.790235647673577,1.440091017510744,494.08460083295154,0.030868737447841244,synthetic_uncalibrated_model
853,11.401745678268417,4.547968541589945,5.898738495192232,399.010972240882,0.0,synthetic_uncalibrated_model
854,77.53596125948962,5.239760243749772,3.693789529435599,384.52952577862936,0.20918635057067125,synthetic_uncalibrated_model
855,58.376912779767785,2.275996243276783,5.156399383791693,474.0359924641175,0.1473363435953573,synthetic_uncalibrated_model
856,10.371556097415498,4.744624241145136,5.471237909648545,304.01531643696603,0.0,synthetic_uncalibrated_model
857,56.50791879161382,2.008826289670809,2.79279323341981,413.97883991942194,0.12833936242541566,synthetic_uncalibrated_model
858,76.03425497387425,1.1583587353588858,0.22088669546903306,444.7549738761738,0.047054720796838784,synthetic_uncalibrated_model
859,12.090345025436068,2.5093745608497153,2.9765278799830073,405.4904363598388,0.0,synthetic_uncalibrated_model
860,19.417128206861957,3.9528788170326328,0.3145657840831986,386.4892188606385,0.012659228851455026,synthetic_uncalibrated_model
861,8.717111241661902,2.9285189556238223,4.737205435097728,320.8333885908329,0.0,synthetic_uncalibrated_model
862,45.43874790801241,2.8543584764803294,2.2005903100605386,441.04906413810687,0.11426439792663051,synthetic_uncalibrated_model
863,87.65500870130754,2.603416251094008,4.40689792273432,330.7685296720774,0.23131372995440835,synthetic_uncalibrated_model
864,46.982496814698315,3.51107822536401,5.21637680332018,484.9721175772085,0.11075106819395447,synthetic_uncalibrated_model
865,37.67496401654274,0.44312539223544833,3.287661224822616,295.3458486703457,0.03677415804295944,synthetic_uncalibrated_model
866,33.76736754859809,2.456841107750794,4.992246993128133,363.82659268513714,0.1119238633114909,synthetic_uncalibrated_model
867,26.99062968255384,3.8494863507359653,0.1281759394879195,412.1048907175162,0.012576507349895127,synthetic_uncalibrated_model
868,72.4116337197826,0.2708212734893799,1.565561337345917,375.9045132341287,0.054129393151618715,synthetic_uncalibrated_model
869,16.168146785115677,4.37676674779863,0.30896009508473865,482.1376598717572,0.002649486393931963,synthetic_uncalibrated_model
870,60.73057064761121,5.558212666907502,5.130213352248865,445.82913669598275,0.1854597080714928,synthetic_uncalibrated_model
871,33.208130276646756,5.490448387898131,1.1318137882610764,429.1151979047216,0.09119681260652807,synthetic_uncalibrated_model
872,15.413150670589047,4.440737204631976,1.5150950233222242,315.12682003301063,0.00627850488750778,synthetic_uncalibrated_model
873,26.60577226239034,1.7743410291504336,3.3465425038190872,456.1280276962972,0.07900837225261059,synthetic_uncalibrated_model
874,81.35230716744448,2.001715340013077,3.557906970086674,392.47853404505054,0.1852539258938498,synthetic_uncalibrated_model
875,55.190382728398134,0.6422202138666067,4.9700918482441825,359.88723826044213,0.09885321860227769,synthetic_uncalibrated_model
876,53.77293824650125,0.9720835094588907,1.3769458747508407,369.2240756776815,0.07669726403967242,synthetic_uncalibrated_model
877,65.83058674781273,4.867421719522864,4.805942741041339,462.04209014093675,0.18544367596874278,synthetic_uncalibrated_model
878,85.39331669703185,2.590544325740726,5.107050398592632,386.95161578636,0.24451987697086508,synthetic_uncalibrated_model
879,9.552782837811954,1.8167441877647148,4.964988824862598,383.8895549719417,0.0,synthetic_uncalibrated_model
880,66.29046072790771,5.436981784458595,2.048743415574895,362.47953933677474,0.16050282914848402,synthetic_uncalibrated_model
881,77.68359204697742,3.678845039246673,2.593227377775355,280.8511288513941,0.1787279220393262,synthetic_uncalibrated_model
882,40.240186164576976,2.3002788410328887,1.6872833343950586,468.6319267390197,0.08411983481312385,synthetic_uncalibrated_model
883,30.72259633565197,4.229475138065685,4.944589784403957,327.97486055621187,0.128392810061157,synthetic_uncalibrated_model
884,59.44838739740751,4.1755630263733385,5.992575384912948,451.5364286661742,0.1870230040057962,synthetic_uncalibrated_model
885,12.971057710692037,5.374069780581117,1.0983821427486937,493.4888782917677,0.0,synthetic_uncalibrated_model
886,40.831774397173795,3.452641939058376,5.754435431532312,425.8253216423876,0.12202572571637943,synthetic_uncalibrated_model
887,57.91510550485533,2.432268898020008,2.9767344423748563,298.2320059328764,0.1429775852040236,synthetic_uncalibrated_model
888,36.86786055681103,2.5422208413048586,2.2112486427103617,394.0928213772811,0.10731423618166497,synthetic_uncalibrated_model
889,15.905187078005278,0.17933045193960523,2.7624575490889405,318.05343011394405,0.008200749652679369,synthetic_uncalibrated_model
890,81.31092751584764,0.47234540906002487,2.991079934700324,286.4891166720227,0.11096207620210108,synthetic_uncalibrated_model
891,80.97345345749062,0.8665791200547065,0.7224662288000482,300.76019538009723,0.0741737488974662,synthetic_uncalibrated_model
892,82.40816354206696,0.1427710041276598,3.79072375628576,305.6125734778209,0.10861667812706599,synthetic_uncalibrated_model
893,17.673071432408005,1.8552417425015084,2.61308552579662,491.60030669789126,0.025277447536075068,synthetic_uncalibrated_model
894,53.189768334153655,4.887618557674893,0.7024665139365938,307.65717366816295,0.10512773357748517,synthetic_uncalibrated_model
895,6.187722699184868,1.262726333707838,4.893171381158334,446.6262341012947,0.0,synthetic_uncalibrated_model
896,23.657766903242592,2.393451121449226,2.6029043861300436,463.66539868819785,0.07307023899631421,synthetic_uncalibrated_model
897,69.06585805876298,1.9188412333788796,5.007826438435591,420.4364805538663,0.18568718692498698,synthetic_uncalibrated_model
898,27.436887402465146,4.41108102475201,1.4006440566279854,323.398562353901,0.08927783074751666,synthetic_uncalibrated_model
899,71.22219144153443,2.4610330077464724,5.546334826247344,304.62977793259984,0.21496001260064757,synthetic_uncalibrated_model
900,29.896391352014692,5.570564661262059,1.109019254421905,402.7176731859119,0.08558196784966865,synthetic_uncalibrated_model
901,17.182733929974894,5.325873139975974,4.4758191257928015,428.2289490508598,0.06327735514049132,synthetic_uncalibrated_model
902,76.3410861033971,0.6672040789121533,2.616926103303257,440.0947137067312,0.10500917949045463,synthetic_uncalibrated_model
903,14.035088605356009,2.360192255417844,0.4433947546590329,301.93046943015554,0.0,synthetic_uncalibrated_model
904,86.04954399893828,1.1973773298440007,2.198244275886608,378.13180122492315,0.13312738398713397,synthetic_uncalibrated_model
905,38.563756355547234,3.856240889744956,2.137558496075133,476.64457693646614,0.09031784503626916,synthetic_uncalibrated_model
906,83.822798412229,5.332273473691332,3.320966196051724,367.9423982651641,0.21158950794517994,synthetic_uncalibrated_model
907,25.82162304025458,3.5351514570289204,3.973162184270075,281.6132003745721,0.11831378012648708,synthetic_uncalibrated_model
908,42.59011158167517,2.2701287763393645,1.4488341741105053,447.1988284591221,0.0934311047260521,synthetic_uncalibrated_model
909,37.68801737834916,2.987749460776409,3.59908524867254,404.7955167828325,0.11692879776806714,synthetic_uncalibrated_model
910,56.27233676241191,5.685942812818695,4.752853169727435,287.4026315353703,0.1804050683166093,synthetic_uncalibrated_model
911,9.688866348918605,2.7982764456513984,3.0768639514130856,362.26424475555905,0.0,synthetic_uncalibrated_model
912,18.940185365010045,0.9082838981874239,4.390611756786125,285.30609317252316,0.054361643484024225,synthetic_uncalibrated_model
913,78.01970551105016,2.0198001507584262,2.8017885337395634,327.47601416771704,0.16290323589991573,synthetic_uncalibrated_model
914,55.46546019226681,4.962289889645499,1.8142849476445362,349.71371973528346,0.14378431317476892,synthetic_uncalibrated_model
915,11.241924475079443,0.5625099512974377,4.17513401206603,287.6978810587585,0.0,synthetic_uncalibrated_model
916,39.54701165720262,1.1825984174047293,4.612561961946488,448.16203870312313,0.07132605900361605,synthetic_uncalibrated_model
917,52.451831088004475,4.5371344366528525,3.5478702141637597,323.31191860324645,0.15661900713017252,synthetic_uncalibrated_model
918,41.26826619811835,4.062123896944876,1.995906988722973,438.23895770488366,0.11511382442880291,synthetic_uncalibrated_model
919,55.067780054460414,2.8619209122978675,3.982997764288339,313.88873690889267,0.15454664549207098,synthetic_uncalibrated_model
920,36.527656772359464,1.865720478381081,5.851022533229955,364.19259032994546,0.09988227966144086,synthetic_uncalibrated_model
921,45.50398435433222,1.3890483699782925,2.883849297659532,426.0963127686374,0.09219478252465302,synthetic_uncalibrated_model
922,40.39006676632104,2.1808715038213924,2.347014264198592,491.6962743843003,0.07010305108526055,synthetic_uncalibrated_model
923,38.823769067509886,2.055322019038286,5.9787508525393545,397.7116238338318,0.1034441770438938,synthetic_uncalibrated_model
924,70.34168701731949,3.2472706135303904,2.610633254525524,360.43588724479446,0.16588565573270353,synthetic_uncalibrated_model
925,85.81052628222417,3.4817773509778127,5.062893816532199,459.5726202928883,0.23937279865574612,synthetic_uncalibrated_model
926,80.53584703644101,5.746263844673526,3.318883170634479,309.88100085490413,0.20725936551748647,synthetic_uncalibrated_model
927,40.45597705455582,4.431754943627322,0.6792434503401167,286.8879780515499,0.08366953048518277,synthetic_uncalibrated_model
928,10.271156979340423,2.9538450365465048,2.3314385114134417,412.35275376004336,0.0,synthetic_uncalibrated_model
929,71.53635923100738,2.2263597092972978,2.8599573654676718,342.54771835369246,0.15893975131111893,synthetic_uncalibrated_model
930,48.17156875072447,1.0340971327252737,5.910907930120988,425.3186281463302,0.10095574614992292,synthetic_uncalibrated_model
931,73.75496172471989,1.527754835939249,5.690362517578595,379.8889739858797,0.20401543199398886,synthetic_uncalibrated_model
932,50.39054744669426,4.339534710684541,5.675995106663196,307.2901566084052,0.1668717153374707,synthetic_uncalibrated_model
933,10.943908765076852,2.2367634268074714,0.6039094193731482,415.3529072767253,0.0,synthetic_uncalibrated_model
934,89.16462976456792,1.9887998184353366,3.8021984398124147,485.09837221410777,0.18336599682099242,synthetic_uncalibrated_model
935,13.566173958446663,1.1281946127278086,5.097057293358076,488.37100429026253,0.0,synthetic_uncalibrated_model
936,60.46810018469892,5.213933004177417,0.35891698993858656,428.40995926631706,0.07585561940662744,synthetic_uncalibrated_model
937,29.128097265182486,1.521415625513298,3.395580892378669,398.78111893309074,0.08611976051687659,synthetic_uncalibrated_model
938,25.47282404908092,5.431388490807334,2.9672262804530183,482.5791895719816,0.07553217036696103,synthetic_uncalibrated_model
939,88.56268538383087,2.4547018882328437,0.5178285393992227,472.7596881610207,0.08962960290718575,synthetic_uncalibrated_model
940,65.22241333103337,1.2705984314488201,4.409638305080819,452.23761916900065,0.14258114222205642,synthetic_uncalibrated_model
941,57.45972528753366,3.6106295957914876,3.4497011566933615,426.8813141952757,0.15575925591900497,synthetic_uncalibrated_model
942,25.094903755763262,4.089081832396702,3.9849254772152243,428.2442682339637,0.11273732991676683,synthetic_uncalibrated_model
943,24.451206513444443,4.283270235846987,0.947271653297857,324.87595537666164,0.05996064744081228,synthetic_uncalibrated_model
944,13.825713145878213,3.090219304652018,2.8040350770530797,327.16025310996525,0.0,synthetic_uncalibrated_model
945,9.978705357906325,1.4326335246266868,0.9297840375592699,360.28570274517665,0.0,synthetic_uncalibrated_model
946,74.94394312721025,4.098736727653752,0.9095787760188757,354.8661781922467,0.1336279878713642,synthetic_uncalibrated_model
947,62.724691074420846,4.106269762357717,3.507737501184967,483.9229859525636,0.13953781513550512,synthetic_uncalibrated_model
948,77.15405768063955,1.979539605000612,5.692378480464584,326.9082812952669,0.22632446826193964,synthetic_uncalibrated_model
949,18.37154357772384,2.220631756157815,1.467810019447984,409.8046464947331,0.03692299073087804,synthetic_uncalibrated_model
950,78.31632706066807,5.306855684576731,2.545399636696291,461.4259752176695,0.16595243903061374,synthetic_uncalibrated_model
951,59.49421086912177,2.859636489040253,0.1883471710532108,383.8431375020449,0.046648042730980555,synthetic_uncalibrated_model
952,76.74083664322538,1.6804420915724503,2.0581665622340424,481.73089296961706,0.11725154650001807,synthetic_uncalibrated_model
953,24.764905736179532,2.745980612583156,3.082509223414374,479.7300154056718,0.0711045437686676,synthetic_uncalibrated_model
954,7.398348590381873,3.7453244695023127,1.8606576172751514,301.43920708427595,0.0,synthetic_uncalibrated_model
955,76.41227442764382,5.911229556307332,5.521001895918929,480.6623929395504,0.21587011503723852,synthetic_uncalibrated_model
956,26.42176528567168,2.5205772950821506,3.1648443915529993,294.3232116092413,0.10450028523367272,synthetic_uncalibrated_model
957,42.89440269119875,4.642215884461379,1.086008817537969,446.30942314874613,0.09980813367806579,synthetic_uncalibrated_model
958,46.70283981991607,4.367315899557642,1.9577361268030826,480.9627031918628,0.0984645648823001,synthetic_uncalibrated_model
959,80.73040152837959,2.48817488834033,2.8558372407951547,466.630308716067,0.1608381177956748,synthetic_uncalibrated_model
960,79.56835508241167,2.896388652500827,4.089050169558122,446.793508700787,0.20106675913822125,synthetic_uncalibrated_model
961,13.986444419864279,4.663989445664086,5.260004716117788,388.78046903006066,0.0,synthetic_uncalibrated_model
962,49.27976495506136,1.8252266834835933,4.864330639433807,300.55637364631303,0.1277872571390376,synthetic_uncalibrated_model
963,33.63008467690209,3.3591292315375547,4.786288378684195,412.3319394996578,0.11982911153674475,synthetic_uncalibrated_model
964,78.48672734165051,0.6064010096423458,2.6326985253274096,339.2387897104802,0.1066548099643082,synthetic_uncalibrated_model
965,89.24317698767076,2.1583333751855847,5.212551789806711,445.9483358845363,0.24347877318608702,synthetic_uncalibrated_model
966,41.6905062282229,0.3040741374838505,0.8237240100590076,284.5516051595086,0.025499220551934584,synthetic_uncalibrated_model
967,88.45148692054187,1.3611436645835484,0.2679964094866008,489.6228487166021,0.04916048557944616,synthetic_uncalibrated_model
968,74.91101579242246,4.954075369411537,2.3355482577872846,477.74152627931915,0.1447874226783542,synthetic_uncalibrated_model
969,18.633993157917665,0.18217229495490883,5.155879423448985,319.50876734677195,0.01590068004930552,synthetic_uncalibrated_model
970,51.8845250012677,2.636719693471242,1.1533676686720096,489.17919978855514,0.08097356380327098,synthetic_uncalibrated_model
971,41.357952252608975,2.122306644443385,4.002142904298102,432.22488619595316,0.10409181301404885,synthetic_uncalibrated_model
972,74.0639748409532,3.877880088549274,0.5376854241634578,293.82179458948684,0.10859024065452672,synthetic_uncalibrated_model
973,42.71634569037382,4.266409499275294,3.2171984245231813,474.5614214356778,0.10296207961749548,synthetic_uncalibrated_model
974,86.00916981787503,3.56221670100516,2.140896575823476,401.9134987576024,0.17448320177934185,synthetic_uncalibrated_model
975,70.07515020606255,3.7215134963590955,4.207090148080802,435.14241310940565,0.1927449658567717,synthetic_uncalibrated_model
976,8.789838558140053,2.650038057540793,0.2659189107540515,407.67727751283013,0.0,synthetic_uncalibrated_model
977,61.620728422998646,2.6397369818801915,0.7128865466003088,322.9432625440378,0.10372230148251227,synthetic_uncalibrated_model
978,30.11265583307425,4.772197361761728,2.4401279578109523,455.29612292579037,0.10150907610475524,synthetic_uncalibrated_model
979,40.47507576979857,5.922872408398739,4.378565253721354,392.5550023173281,0.1336027559486329,synthetic_uncalibrated_model
980,54.11535249760495,5.817257234333925,1.1769430163289298,364.4377325311609,0.12993371972692636,synthetic_uncalibrated_model
981,9.747894278977721,5.9386952297095235,4.975081535876019,287.9584222347305,0.0,synthetic_uncalibrated_model
982,8.939989656280805,2.4970047291698703,5.506607561959029,416.3405898280124,0.0,synthetic_uncalibrated_model
983,71.31265524049553,1.9393768195922039,2.246964639915855,427.58350075053977,0.13727749914962872,synthetic_uncalibrated_model
984,88.1459647228193,1.3003833741613273,2.2426424772793223,333.27624316240554,0.1406369737356723,synthetic_uncalibrated_model
985,44.07441198526495,4.74655874501852,1.6525082464929746,365.8511166585611,0.12603729264895924,synthetic_uncalibrated_model
986,75.71896625257718,3.41603951547917,2.933023049829683,459.7656130571304,0.16633838063171746,synthetic_uncalibrated_model
987,44.410537497219096,0.8702044842043817,2.0454077164267535,326.51587260632743,0.06751925066517539,synthetic_uncalibrated_model
988,59.72405483798135,5.778584470301108,5.8472151514123,356.0765295831078,0.20389187819967192,synthetic_uncalibrated_model
989,86.18186727918004,0.6935334946905026,5.718963521800325,331.48752128743166,0.20592963951682175,synthetic_uncalibrated_model
990,88.3540476993648,3.085823877971011,0.5584962621981525,323.54486166011736,0.1147381619602626,synthetic_uncalibrated_model
991,72.00090000164413,1.3083903522039704,4.541567868994923,437.0959968432609,0.16537562167846842,synthetic_uncalibrated_model
992,63.09650202978411,5.76356305685781,0.6373467494260971,398.85451753972086,0.11069507271278228,synthetic_uncalibrated_model
993,74.01016591599675,5.028866655036772,4.143176139003787,477.37682912691764,0.18208299207744094,synthetic_uncalibrated_model
994,18.54988872091597,3.813226942245993,5.7803438582688464,342.64565443978694,0.09953919709595088,synthetic_uncalibrated_model
995,19.545306668876684,4.8254145483688875,0.7444752545325111,380.53429451934414,0.028738215638729636,synthetic_uncalibrated_model
996,40.000823568120396,3.5684512144210383,3.970117486969391,342.81672713776805,0.12492194184164951,synthetic_uncalibrated_model
997,11.267288187204919,3.3971489346017236,3.5109668535354905,322.6774709460483,0.0,synthetic_uncalibrated_model
998,60.67581595894403,4.178830790214899,3.6186273157190705,401.38595999841795,0.17087235553939928,synthetic_uncalibrated_model
999,19.192359654083372,4.2981997479451195,3.918089841665907,368.8819145950294,0.09051427742190155,synthetic_uncalibrated_model
1000,22.043244995726074,5.9677961469688015,1.9626889598757558,415.60717407830623,0.07993420199041734,synthetic_uncalibrated_model
1001,14.410214002280918,2.5686312447799855,2.121649835537921,498.3267718183654,0.0,synthetic_uncalibrated_model
1002,37.80548481858604,1.9299042680848273,4.677305581628701,339.18019511966696,0.10154726890922189,synthetic_uncalibrated_model
1003,85.02098869598109,1.5792593459034754,4.159757232943138,317.08481004755777,0.19761495486422254,synthetic_uncalibrated_model
1004,80.44890093888569,3.3662423453866785,2.2158648308300326,492.0657520917716,0.1326425018613625,synthetic_uncalibrated_model
1005,8.025184507418938,4.857460699799078,3.6502056193794346,298.3743844281109,0.0,synthetic_uncalibrated_model
1006,71.6179932458242,5.6990266932329865,2.540589214394142,486.8589251141535,0.13698535046844507,synthetic_uncalibrated_model
1007,20.554003262951362,0.3911033693096033,0.8598109923875257,316.98776532822876,0.01960896499396468,synthetic_uncalibrated_model
1008,15.590959014686767,2.792816840085189,4.150309639426189,344.64687509983867,0.022349972447726157,synthetic_uncalibrated_model
1009,81.2154217138811,3.614869062677597,1.6392736398715477,436.46954537324694,0.15184515126008669,synthetic_uncalibrated_model
1010,89.86630783313439,1.650257408856365,0.8027348233939903,446.45424241984256,0.1026185194256935,synthetic_uncalibrated_model
1011,49.71048642804739,4.148673630456739,4.03922734651427,367.1586140128207,0.15232550452533355,synthetic_uncalibrated_model
1012,75.9018135852788,3.3312906823137736,0.4817864604606654,498.88984662240546,0.0681022687399701,synthetic_uncalibrated_model
1013,51.473020231193786,2.3233772638995847,4.185306067540155,362.508075052603,0.13954830003669616,synthetic_uncalibrated_model
1014,18.19216108341631,0.909588579231676,5.79777070785085,315.99706611933055,0.05557347944248986,synthetic_uncalibrated_model
1015,84.79194831795972,5.172179789356678,4.825817102225082,427.6198852221342,0.24764313192608134,synthetic_uncalibrated_model
1016,82.6513437364592,1.7236679838781186,1.551547910272008,472.19410467258956,0.11578122393679957,synthetic_uncalibrated_model
1017,53.810459564867905,3.352229502412365,4.609419467468812,344.4720785807187,0.16244981817983362,synthetic_uncalibrated_model
1018,83.10164282705351,3.0944015059190466,4.5235176946963875,432.732067482516,0.22504433846653726,synthetic_uncalibrated_model
1019,45.51509209783704,5.908426145793921,2.706952679854837,351.8410272076048,0.14093503442117938,synthetic_uncalibrated_model
1020,65.5880358791686,5.934785694781853,3.715868481362604,292.12204017416843,0.1886182697945996,synthetic_uncalibrated_model
1021,79.09401560889934,1.429627192661599,0.30088336711540625,352.2617809960363,0.06546173440541508,synthetic_uncalibrated_model
1022,27.327581565228453,0.432482668103497,1.0303721650205424,346.93646024203167,0.029796503758716925,synthetic_uncalibrated_model
1023,67.98558269241262,5.596411111760291,4.078150951335341,331.3840074209745,0.1992437088357326,synthetic_uncalibrated_model
1024,39.04168906312474,1.3969314947403761,3.440807654210109,494.90255312344556,0.056573168702579085,synthetic_uncalibrated_model
1025,29.979228903334423,1.6921663383700394,3.04487246953367,465.554862257595,0.07550773960235707,synthetic_uncalibrated_model
1026,16.623015065707897,4.71788004098375,5.136157029770921,420.84469428299195,0.05762118634589322,synthetic_uncalibrated_model
1027,80.1860833118033,0.6278907164319159,5.969287702198366,419.38913502261494,0.19029663714897893,synthetic_uncalibrated_model
1028,59.354121368663144,1.1767207367858705,3.4867845804403714,373.38893246277905,0.11838891108898086,synthetic_uncalibrated_model
1029,50.57980760788958,5.31599009219159,4.383379856304385,386.1068405771155,0.160158849296124,synthetic_uncalibrated_model
1030,47.89530302426643,1.72653577884091,0.49051915766114496,286.74688614419046,0.06621813567720125,synthetic_uncalibrated_model
1031,15.293041272688248,4.467163052473722,2.0265476693259337,288.2457421523181,0.005976586563402903,synthetic_uncalibrated_model
1032,19.509798160103024,2.7346775281108795,4.114864813885801,349.8442627998172,0.08880622006538241,synthetic_uncalibrated_model
1033,65.13029016571724,2.8187961613987436,5.598826935583978,289.72058567768295,0.20254561112716174,synthetic_uncalibrated_model
1034,46.57647487953849,4.313464299872797,2.4756873250327787,431.7980820564288,0.13018641512649554,synthetic_uncalibrated_model
1035,82.9984884706713,3.082367934058158,4.4298834098981725,457.6552100714655,0.2143390803385421,synthetic_uncalibrated_model
1036,43.92081900297464,3.8116196942120038,0.7006141792538954,306.22756597071987,0.08964617725866897,synthetic_uncalibrated_model
1037,41.88794373563912,0.6496453854151948,5.125299091345515,416.5043157500538,0.056147294137039894,synthetic_uncalibrated_model
1038,18.438175713767574,1.590161985256135,0.4621515769150941,292.3531759222674,0.014005376013038077,synthetic_uncalibrated_model
1039,55.80269674028302,2.449238423915533,0.8699803574196376,292.5572211834588,0.10402551316395381,synthetic_uncalibrated_model
1040,28.625605102198136,0.6123893169819573,5.0019838773587475,282.5031252042305,0.04796488671880886,synthetic_uncalibrated_model
1041,37.048512152773355,0.35315713125095893,2.6682581796172085,438.4255581059973,0.028685884435570977,synthetic_uncalibrated_model
1042,13.248144201266491,2.1620333671405167,5.493023465638053,316.807738130311,0.0,synthetic_uncalibrated_model
1043,11.599210953844443,4.026186314811315,2.307042135168535,420.639105746372,0.0,synthetic_uncalibrated_model
1044,73.44799813717574,3.9718953774700663,2.3000345399222337,325.1226221395718,0.16881085080936475,synthetic_uncalibrated_model
1045,64.50154082764865,3.4502559623734927,5.7642024902610105,433.58726820568586,0.2031976544792221,synthetic_uncalibrated_model
1046,31.31516166274329,5.314633710146869,3.3854701184919724,467.22913539023347,0.10029160423396233,synthetic_uncalibrated_model
1047,10.24879957637869,0.6567358045017107,0.21799888833512615,403.3888649330941,0.0,synthetic_uncalibrated_model
1048,24.910412480609548,3.3282393257803804,5.1497434582145605,420.31879614928823,0.11416039000267897,synthetic_uncalibrated_model
1049,66.85913433268985,1.459931836177823,0.1674481129693579,290.25329109001535,0.04184766572245646,synthetic_uncalibrated_model
1050,7.091692065216193,1.3145613364786461,5.508661058175454,321.3244203982265,0.0,synthetic_uncalibrated_model
1051,53.97987660875188,2.943766753211219,2.286298496281497,302.2867291797746,0.13623195553920486,synthetic_uncalibrated_model
1052,85.15548131283676,0.5966565762849261,2.3201353276920944,406.04041200783104,0.10609428978573071,synthetic_uncalibrated_model
1053,49.462110574954146,1.4639234469957765,0.5961307259056069,367.32401969684594,0.06965453583722836,synthetic_uncalibrated_model
1054,14.490304252642147,2.515498072252678,1.0147075737074074,376.05210060173613,0.0,synthetic_uncalibrated_model
1055,27.678113522152337,1.848661338279242,0.8154117844082005,354.2203078813253,0.05620507046190926,synthetic_uncalibrated_model
1056,75.42759644450314,1.7624391536804729,3.312729758912525,419.31669416902673,0.16209528049144262,synthetic_uncalibrated_model
1057,24.827315417710345,3.4587135972033187,2.3571876012940156,392.6837874534526,0.09854559778278948,synthetic_uncalibrated_model
1058,6.976990462430599,5.467367997447625,0.5637216161359008,400.5718234228196,0.0,synthetic_uncalibrated_model
1059,36.887776839349655,4.811835421514521,1.3855302002840164,474.6669512922359,0.08397875462918769,synthetic_uncalibrated_model
1060,78.65318454809233,4.385525897350783,2.980173320604445,341.04200818102294,0.19268456407746082,synthetic_uncalibrated_model
1061,54.706779663610234,4.592320869161001,1.811440066053575,341.2830632076698,0.14182269134574332,synthetic_uncalibrated_model
1062,39.94222641938774,1.9051461963711147,0.24931456947017414,448.3220304630878,0.03376964947880334,synthetic_uncalibrated_model
1063,35.729767052188606,3.1457442717843205,1.5032000803166174,470.6700334088209,0.08317015034085001,synthetic_uncalibrated_model
1064,47.748390899102645,5.021278200194962,1.147255491760543,485.16079537188693,0.08547978366928466,synthetic_uncalibrated_model
1065,38.6190113535594,3.269107099867705,3.8836009528928987,348.06158970358,0.12220939658181573,synthetic_uncalibrated_model
1066,26.920581367012122,2.4269971308362948,2.7944347643447385,296.1231907699454,0.10122484011729405,synthetic_uncalibrated_model
1067,60.681784240288316,4.241585467680161,0.9440943090546461,340.8825017721174,0.12460297194399367,synthetic_uncalibrated_model
1068,69.1067899284388,2.0692654730553706,0.39642371698472245,297.88348275946004,0.0791109779792506,synthetic_uncalibrated_model
1069,84.82436435200536,0.911168274795367,3.627195871738514,423.4780267983655,0.15637072099606975,synthetic_uncalibrated_model
1070,32.37167368363758,4.296900231896805,1.1866378055422186,323.39146811967385,0.09455899386365552,synthetic_uncalibrated_model
1071,48.76801474913756,1.7577094686364771,5.10850395949328,289.5489244023657,0.12595300741568072,synthetic_uncalibrated_model
1072,88.50597810369071,1.2039384723123916,5.897607999297562,444.29825171103874,0.23735620352730824,synthetic_uncalibrated_model
1073,75.26455850972118,1.7282762775368612,5.974346553395085,328.31820024336196,0.2207197130089068,synthetic_uncalibrated_model
1074,82.60307347667506,2.150323047497163,1.506531997175723,493.41030918425724,0.10825517065725293,synthetic_uncalibrated_model
1075,84.73996538422513,0.8451143120014946,1.5375527018112733,407.2761070494886,0.09808528320778087,synthetic_uncalibrated_model
1076,78.15038127091118,1.485512405329894,4.665364811110493,286.80279865401076,0.19220816207547875,synthetic_uncalibrated_model
1077,5.208765009652118,3.8643794111495042,1.7658276133795912,427.3936599877246,0.0,synthetic_uncalibrated_model
1078,34.71143063011739,1.4542635602080896,3.8667192235061774,323.63370873543215,0.08728888079593583,synthetic_uncalibrated_model
1079,14.81702774466824,4.924304596260498,4.473355360904866,454.2706713786773,0.0,synthetic_uncalibrated_model
1080,26.19139152577673,1.5151489485293754,5.193908840967928,326.0271090393911,0.08858025358162636,synthetic_uncalibrated_model
1081,77.17111037737797,2.9613401635616383,4.892224871523155,385.9855668219118,0.2233431370488398,synthetic_uncalibrated_model
1082,5.5428699107118256,1.2956713530440336,3.1722899331276464,495.008120494491,0.0,synthetic_uncalibrated_model
1083,74.76666315902136,3.343164811603034,2.6930035446724356,291.11438758533103,0.1745758829876296,synthetic_uncalibrated_model
1084,21.704943935252913,0.7179084005028395,5.666524293356281,461.0696896279758,0.04273686696285428,synthetic_uncalibrated_model
1085,79.24784392894503,5.893228710815657,2.523424212293752,396.5938610761283,0.18496280661575915,synthetic_uncalibrated_model
1086,53.710432576297045,3.86247489043207,4.156587012427016,329.9577689012199,0.16168773333362774,synthetic_uncalibrated_model
1087,5.591024215113869,3.136667313502226,0.5894826345738473,424.1564852207307,0.0,synthetic_uncalibrated_model
1088,51.57452245743149,4.787083369196247,0.3032554588933291,474.71871535342683,0.04926487469105545,synthetic_uncalibrated_model
1089,15.522232162680723,1.7618037277167364,2.6474198403261013,378.2511787401587,0.012840310641574246,synthetic_uncalibrated_model
1090,44.56893647124898,5.755786887685875,2.690383091571648,280.16227101953655,0.13916566290421917,synthetic_uncalibrated_model
1091,89.69401860839585,2.9994148017537485,0.44789929996016564,321.648064069273,0.10462467489283189,synthetic_uncalibrated_model
1092,39.237679939662236,2.332043798892532,1.6667784095907274,332.52291453630426,0.10159220482837361,synthetic_uncalibrated_model
1093,75.04796787979873,0.33743231563037773,5.932889606760094,390.36686198117843,0.15532915212498843,synthetic_uncalibrated_model
1094,24.678587507688906,1.2261347837949526,1.6702177533948783,472.5523032083885,0.047218116344829864,synthetic_uncalibrated_model
1095,22.379304253442655,1.714260591279607,3.6676201290278154,409.5791619601034,0.08259216389289975,synthetic_uncalibrated_model
1096,89.83726277817686,3.7703368809783675,5.439236043250227,333.8100748054539,0.2771523789611474,synthetic_uncalibrated_model
1097,31.340036147938687,1.8377603045702662,3.2168002941217786,454.4122888004445,0.08483247262676175,synthetic_uncalibrated_model
1098,21.83981711743272,1.7123400801569597,3.396625952075102,422.3104000333285,0.07760182078700478,synthetic_uncalibrated_model
1099,31.87003684610306,3.168465956147679,5.329974031539918,492.54608726297727,0.07234695444346229,synthetic_uncalibrated_model
1100,16.064982747152055,2.835740980056659,4.238326515026966,349.32615007158853,0.037309357933190346,synthetic_uncalibrated_model
1101,8.974656077114915,1.9976284883216728,2.679925925198663,333.2073649136064,0.0,synthetic_uncalibrated_model
1102,14.54849194773052,2.284896427539061,1.7919700793759035,395.5294184466844,0.0,synthetic_uncalibrated_model
1103,31.1113008814112,5.7995632687331895,4.338814351051679,496.03746305774354,0.07082518633949653,synthetic_uncalibrated_model
1104,76.23035866186989,0.7222454982801345,1.7507292022197243,481.6571422512249,0.08199077478220723,synthetic_uncalibrated_model
1105,21.014179389973467,1.8829922271651927,2.745185497013544,308.72308202544485,0.0749566779564878,synthetic_uncalibrated_model
1106,13.807290623114447,1.0558990065653178,2.6233638177040404,309.1576213275559,0.0,synthetic_uncalibrated_model
1107,7.319303429866743,0.2137509742584774,2.323579602276364,292.1439379805078,0.0,synthetic_uncalibrated_model
1108,48.62410503400877,2.0080334906824597,2.6645758255982344,388.62675309497484,0.11589537239241288,synthetic_uncalibrated_model
1109,11.644179030558725,0.5202651094729126,1.230310379349639,359.0462908214297,0.0,synthetic_uncalibrated_model
1110,81.49085108663805,1.9490584330094225,3.6061817159956373,440.92269597596055,0.18078731127863945,synthetic_uncalibrated_model
1111,42.37199243056877,0.8555657848155398,5.728649912470858,428.69930199627515,0.06934448591722603,synthetic_uncalibrated_model
1112,84.09493379893921,5.150117303055638,5.641560246762028,296.5443832773198,0.2728166215781447,synthetic_uncalibrated_model
1113,52.591421042719645,1.9572029618634983,2.4845910446383788,433.9175927366755,0.11534561887907058,synthetic_uncalibrated_model
1114,16.057699434800963,2.6832895571968005,0.7250817494431875,409.2916526941181,0.007335469821940055,synthetic_uncalibrated_model
1115,18.27251526014282,1.3741828491400012,0.37753166307006647,382.85809134386875,0.010941636475276767,synthetic_uncalibrated_model
1116,33.717073256595334,0.3403338095344962,5.530181485385958,425.03787205902654,0.028469054211268247,synthetic_uncalibrated_model
1117,72.87980685984081,5.3010524161363834,1.6990129046282476,395.6246836809019,0.1584271575695756,synthetic_uncalibrated_model
1118,7.207013795602869,3.3769192031698227,5.323724521862793,350.1113268084518,0.0,synthetic_uncalibrated_model
1119,40.433206254623066,0.8875724539133782,3.391628874024712,302.3990649334784,0.06461495315772026,synthetic_uncalibrated_model
1120,40.787589924772014,2.6342402530115687,3.6365567777628813,297.604216896158,0.1165936197871259,synthetic_uncalibrated_model
1121,79.39856487244533,4.6758415074850275,2.82561586871564,370.98030717013336,0.19082914515870986,synthetic_uncalibrated_model
1122,82.27428885014888,1.9847538189428113,3.387744863192223,302.083228793802,0.1828843969788666,synthetic_uncalibrated_model
1123,34.48860575759295,4.380802601564801,1.2375485376016437,469.6878243148806,0.08021648570746587,synthetic_uncalibrated_model
1124,48.61066697640043,4.216036604618015,3.2360225705877506,345.91564378744806,0.14521453977220622,synthetic_uncalibrated_model
1125,60.345067777290474,0.6524695731475975,5.185266934656826,390.1364045338964,0.1173452330343695,synthetic_uncalibrated_model
1126,30.48068729327095,0.17721066965484014,1.3684255936032068,428.33952697682156,0.014862192600541405,synthetic_uncalibrated_model
1127,17.435477025212393,4.03191009179374,0.22158812865860478,368.38050277348367,0.005250627253361482,synthetic_uncalibrated_model
1128,63.5645553462565,4.991523464819826,1.3501283809207287,326.71238517402173,0.14277602626941532,synthetic_uncalibrated_model
1129,54.48445965031965,3.5191500490069245,4.927220995169401,291.96436560412985,0.1687928767270418,synthetic_uncalibrated_model
1130,37.163768102261805,4.412050434844161,0.5382170562011678,436.52169833310813,0.0631878510957341,synthetic_uncalibrated_model
1131,87.93033830270731,3.386256950341028,1.3895818527733594,317.4536363042561,0.15468306157031486,synthetic_uncalibrated_model
1132,29.4409372158784,5.323645147103516,5.0741341320648035,473.9331624644501,0.094729853512591,synthetic_uncalibrated_model
1133,18.68271784241432,2.107265445673252,3.7133133209910705,421.6846161844941,0.06818614285146019,synthetic_uncalibrated_model
1134,33.27108680198951,1.3548077261941915,0.5362464734864862,387.0799454966583,0.047701292915074744,synthetic_uncalibrated_model
1135,36.39669513338343,1.5259827079767432,4.186513919645908,442.82505768265935,0.08343962812406297,synthetic_uncalibrated_model
1136,66.23163595786524,2.2904976135859165,5.654325665379596,408.08703731132454,0.19725312567634967,synthetic_uncalibrated_model
1137,66.90876825838923,3.1273744695397334,0.4470420195113267,414.0795115099624,0.08907592631696504,synthetic_uncalibrated_model
1138,50.94479037547644,2.6557893270951642,4.51023505323876,489.3251604172227,0.11092151855736943,synthetic_uncalibrated_model
1139,23.93055938373418,1.2023261150612738,0.8619520380115578,356.12431102140584,0.04229295540359196,synthetic_uncalibrated_model
1140,22.39034121650519,4.214958132403734,4.932246580181609,319.9172422263409,0.11914696383757206,synthetic_uncalibrated_model
1141,86.11605621864507,4.838062147537725,2.1918567735285026,370.4472228160156,0.18319387171600243,synthetic_uncalibrated_model
1142,55.00071538622741,4.982227129925449,2.7989281462171363,497.69707133123353,0.10272646409662706,synthetic_uncalibrated_model
1143,70.30301910982898,3.6285281375033978,3.0603009899281814,464.4868307113151,0.15891437870188774,synthetic_uncalibrated_model
1144,52.81620683554984,2.8208577860970534,0.4219515499276316,375.33286798199754,0.07381879788973217,synthetic_uncalibrated_model
1145,58.62973100470454,4.6779871707066825,4.53962056507943,477.3887017345792,0.15058036283744802,synthetic_uncalibrated_model
1146,5.0690621737315755,5.906704720387779,2.267118170448707,432.4900385453467,0.0,synthetic_uncalibrated_model
1147,13.370429818728772,1.6788786735115033,2.9747585041747118,444.06023381060595,0.0,synthetic_uncalibrated_model
1148,55.16307748821035,1.776368149816426,4.258216087700135,458.26778090749775,0.1272231288215544,synthetic_uncalibrated_model
1149,74.53077590804133,1.3860418185614625,0.5604600495840599,391.10658624203654,0.08205126079717984,synthetic_uncalibrated_model
1150,73.38550726394409,5.88775737634561,5.760907987927749,441.7423403986913,0.23608981706298715,synthetic_uncalibrated_model
1151,51.34533852522759,2.0009036152096655,4.00809149518722,324.03127059722937,0.13150755732111585,synthetic_uncalibrated_model
1152,14.066395909377093,5.0363910619283265,0.5870609330582908,486.01884718515663,0.0,synthetic_uncalibrated_model
1153,22.583645138942288,2.0410265116433743,5.8915023299764995,413.77854240078926,0.09695852394676135,synthetic_uncalibrated_model
1154,71.21665958670806,2.6329245662389096,1.8667639354317156,310.5877243621909,0.14534865754366644,synthetic_uncalibrated_model
1155,58.55632193378033,1.333096239512314,1.2341387480326294,480.4009003553163,0.07709729063391829,synthetic_uncalibrated_model
1156,23.653738269259573,4.590362592602893,3.4247285584155276,315.59257749717796,0.11376510771716603,synthetic_uncalibrated_model
1157,32.22251289810143,1.7201016538807976,5.85268303003227,318.32558989934495,0.09604969000266772,synthetic_uncalibrated_model
1158,61.97809889984467,4.479955928459723,4.587444769882668,313.56648751909967,0.1903415589670614,synthetic_uncalibrated_model
1159,5.4079758493305965,0.5513013826662478,4.304360958613096,324.78305563240065,0.0,synthetic_uncalibrated_model
1160,37.01609944747068,2.1670152675708705,5.0731212818027815,410.83775123689657,0.10463134097702032,synthetic_uncalibrated_model
1161,68.7858398720701,5.961115883738991,1.2596634429572262,494.50993245171037,0.10010120206987205,synthetic_uncalibrated_model
1162,73.78629145343929,3.4267246442784707,0.6130170800963648,382.5447797590072,0.11200803728994169,synthetic_uncalibrated_model
1163,25.209782587375944,0.16896136518426386,0.9650979686772523,481.7452585484094,0.009386945645595154,synthetic_uncalibrated_model
1164,34.283452825946505,5.442399057980188,5.473415929199463,321.4564822892169,0.1329735580382182,synthetic_uncalibrated_model
1165,61.94987280484613,3.623411387655571,1.7241496243101548,307.0658500462812,0.14340167825737848,synthetic_uncalibrated_model
1166,22.564883640954335,4.907565857335498,0.4949501214260815,395.13796977976955,0.03019803927853866,synthetic_uncalibrated_model
1167,23.015291439931598,0.48852176943236203,2.564348302233461,323.22084333910885,0.03652153418829343,synthetic_uncalibrated_model
1168,67.81543753849976,0.3516700802723247,5.421436842275414,384.40642034783144,0.12412503935837838,synthetic_uncalibrated_model
1169,57.58313817805496,4.425419659858789,3.025400987578579,306.2713818870592,0.160449912864857,synthetic_uncalibrated_model
1170,87.01287847050361,2.077642892872266,3.724466693478734,293.06587563860404,0.2020036421539806,synthetic_uncalibrated_model
1171,19.982974291725622,2.281749893333947,3.0942420646848214,358.1787895345268,0.07755553583001795,synthetic_uncalibrated_model
1172,7.057419704575761,5.683496410524665,5.525419291869529,376.0220205504095,0.0,synthetic_uncalibrated_model
1173,22.66557706591606,3.1856099344430056,0.6467871796232182,299.0851833989061,0.03784639589383579,synthetic_uncalibrated_model
1174,72.87133349077148,3.0550724825964273,5.198364997255436,298.0052100392859,0.22039235692714298,synthetic_uncalibrated_model
1175,8.94333788851295,4.020209531162215,3.6026319193025245,484.61860595180076,0.0,synthetic_uncalibrated_model
1176,40.08877427468338,4.668615249376678,4.16188719732952,418.9809236479738,0.12640769710000777,synthetic_uncalibrated_model
1177,41.85199575979213,3.8705459473141484,5.902348117987937,434.62058005782967,0.12641419384587715,synthetic_uncalibrated_model
1178,20.883298085250466,1.3720417552798911,2.3822644330557927,405.5657630920874,0.06031541855206174,synthetic_uncalibrated_model
1179,25.641038787478735,5.0412638724798855,5.165261473211771,460.9441659267625,0.10231231689424236,synthetic_uncalibrated_model
1180,49.85645075944856,3.4237294693603593,3.8879450041466557,410.69952685220346,0.14469050011839357,synthetic_uncalibrated_model
1181,23.32251865027924,0.8010043990483309,1.6602672770230988,329.3464251327637,0.046231056483623495,synthetic_uncalibrated_model
1182,26.2996972577514,4.586347857590114,1.1841877161034546,378.0806765206689,0.07726588365477077,synthetic_uncalibrated_model
1183,87.54414618016679,0.5303475615676823,5.094100371640069,456.56149712931983,0.17996713082453564,synthetic_uncalibrated_model
1184,74.7954216368007,3.309205992148879,2.640728977229438,301.6112219746001,0.17319757358510368,synthetic_uncalibrated_model
1185,66.27617143771857,5.777848812471871,0.5238044635643244,322.30886145294335,0.1047447287114942,synthetic_uncalibrated_model
1186,72.3593542674114,4.995968030154022,2.6186731567078256,494.4346268830345,0.13147848609227275,synthetic_uncalibrated_model
1187,20.37991815311565,2.22447418312239,2.76019033943479,310.96275485000007,0.07558685955041411,synthetic_uncalibrated_model
1188,36.784436227834334,3.1242072824798957,1.2394891759206528,451.899444295935,0.08822313933096032,synthetic_uncalibrated_model
1189,16.819998717797354,4.801577711071892,2.6494666082879865,283.2800134378316,0.04041276695438159,synthetic_uncalibrated_model
1190,64.13265594321885,5.835065390040814,5.856069436139697,497.77060271593984,0.166190114143283,synthetic_uncalibrated_model
1191,71.74993539973265,3.60705378840491,1.6273469192079537,403.0211616406212,0.14870472623156705,synthetic_uncalibrated_model
1192,49.1142042572899,4.392899039013949,5.6504882537943635,421.99037757457876,0.157752599911816,synthetic_uncalibrated_model
1193,86.07778953164996,2.1951819265659087,0.9498447893332352,431.19226082332864,0.1200144529920123,synthetic_uncalibrated_model
1194,36.22275345661356,0.5550577814168229,0.3473568295753554,375.2479960690715,0.027412143497618877,synthetic_uncalibrated_model
1195,83.91327336325152,5.575076629222335,4.091551225097632,452.9177812062967,0.21841254085255346,synthetic_uncalibrated_model
1196,58.00117419267969,3.2273629633698366,0.9263472897311624,365.8972384828817,0.11578521104694889,synthetic_uncalibrated_model
1197,49.26107648885734,2.200600865868205,0.1842779827206255,432.16218220052843,0.035769967831789845,synthetic_uncalibrated_model
1198,51.08439708620528,3.6175935656536415,0.27383705914013134,419.0478710985922,0.05417253644716763,synthetic_uncalibrated_model
1199,34.816664996836266,1.402898594174466,4.808991301142589,351.555966702068,0.08582005591410974,synthetic_uncalibrated_model
1200,41.057828998867016,4.258219851413018,2.5472236858128414,283.89605012932464,0.1282844378954866,synthetic_uncalibrated_model
1201,77.19988869516014,4.627659881893993,4.763522767448974,294.9534095244575,0.2319538486827244,synthetic_uncalibrated_model
1202,39.02415015764638,1.9861288586309176,3.6095817185200385,443.0835418330011,0.09480491004734065,synthetic_uncalibrated_model
1203,52.03414178425285,5.73792734255635,5.895672518000163,343.1632076204422,0.17798964981643683,synthetic_uncalibrated_model
1204,34.02707720934821,0.8814322313323172,5.3611109926938125,393.13927620760535,0.06296228544276716,synthetic_uncalibrated_model
1205,12.10309157022633,3.5998485292867572,4.861102799876381,359.6155060790805,0.0,synthetic_uncalibrated_model
1206,69.8620705898504,5.995099414627695,3.8621446151769114,387.72190497490817,0.19888896382140508,synthetic_uncalibrated_model
1207,82.92800796269651,2.02886646954767,4.452123457561334,312.64017053819873,0.2122226998715857,synthetic_uncalibrated_model
1208,33.3745130307407,2.570711215177904,2.8478613146008778,494.6382225269708,0.06690591253874595,synthetic_uncalibrated_model
1209,72.79510152692096,5.171737439713418,2.029998650498406,410.88517533288035,0.16395647008081782,synthetic_uncalibrated_model
1210,83.00910425590807,1.1494610859269763,2.8292182380413515,452.3890633482624,0.13928201233030246,synthetic_uncalibrated_model
1211,88.91270471780284,1.0084768984762869,1.2550259747226002,329.80852016561664,0.10109055853882298,synthetic_uncalibrated_model
1212,53.93027066058685,5.681988524347957,0.541921396660558,322.2312251739333,0.09381286074249068,synthetic_uncalibrated_model
1213,46.48718876489646,3.558291156382405,3.8867646972575933,495.32985693126375,0.09254243036248477,synthetic_uncalibrated_model
1214,77.74673853062158,2.4181839869579247,1.0391266512215043,441.70866302741155,0.11967064701582308,synthetic_uncalibrated_model
1215,35.9514260740631,2.0317801054567877,5.398949830917082,458.0101215599685,0.09012207681475015,synthetic_uncalibrated_model
1216,50.82732224147901,2.359868140251452,2.074406515254035,386.5497240996053,0.12100643697843216,synthetic_uncalibrated_model
1217,49.98105106324616,1.369543830069829,1.3338239315045168,312.91167039876336,0.08780393737227832,synthetic_uncalibrated_model
1218,48.83443610954604,5.796057524546192,1.7053310663931271,297.7485419161528,0.1358839851990854,synthetic_uncalibrated_model
1219,33.176547471939706,0.26034801189930534,0.8643099967871879,495.2002043651512,0.013863885154394101,synthetic_uncalibrated_model
1220,55.341131003978845,4.457880532159705,1.1016709667914493,470.33328463339683,0.10366563152625102,synthetic_uncalibrated_model
1221,38.5173126819254,1.706301708593159,5.710316547751893,389.31813758659223,0.09507289849850603,synthetic_uncalibrated_model
1222,28.234014659600653,3.6002445513619947,2.404363369283413,431.87946403193575,0.10357004407455461,synthetic_uncalibrated_model
1223,37.903423087149115,0.5879185987848594,2.6283977634615043,459.3687012244434,0.04133809486848103,synthetic_uncalibrated_model
1224,11.221002270272898,2.2685577131323313,1.2856338262154412,315.51408031193677,0.0,synthetic_uncalibrated_model
1225,32.6727537942929,0.7650629623148102,0.10262174557086307,290.7487196696824,0.012075008255641707,synthetic_uncalibrated_model
1226,25.405184523939848,4.594756893679548,4.553982259665252,297.9329170255805,0.12541336724120067,synthetic_uncalibrated_model
1227,9.65502646745357,3.7828665520890534,3.275973777611818,393.84217923041956,0.0,synthetic_uncalibrated_model
1228,44.21315224633057,5.709117938404536,3.5839327443052165,491.14763708569546,0.09242476851487946,synthetic_uncalibrated_model
1229,68.83822014281255,5.290346496378578,5.70338614189686,337.9859024876065,0.2300335863533577,synthetic_uncalibrated_model
1230,49.17282176493932,1.7044068384279467,3.6949152841197708,430.23594950675454,0.11297246836290714,synthetic_uncalibrated_model
1231,61.31095642546449,5.89003564829079,2.505206283905033,390.9944601428092,0.1616646835763066,synthetic_uncalibrated_model
1232,50.28664146570081,3.1129659465453625,4.823517937628712,308.4866813206935,0.15212176731857296,synthetic_uncalibrated_model
1233,71.65968192924417,2.732744051071689,2.805658431139179,468.89310992151184,0.14764230793038524,synthetic_uncalibrated_model
1234,33.09059503332911,2.6139468445899485,1.1030696182922557,398.7447926368227,0.08394692389564934,synthetic_uncalibrated_model
1235,22.91187521310355,5.030513971973672,0.7660615789642949,401.22645495360086,0.044892122195810485,synthetic_uncalibrated_model
1236,59.276079613719084,2.370404305728086,0.6493868242817833,407.7899708424602,0.09371714144954002,synthetic_uncalibrated_model
1237,49.49933459435908,5.853521074490778,2.292005838429832,457.7433592282749,0.1252536246064404,synthetic_uncalibrated_model
1238,63.411810952058964,5.736429253509927,0.7536269666927073,288.58103748027554,0.12043951006341991,synthetic_uncalibrated_model
1239,73.06933905877902,4.579386324075785,3.549309246464454,295.5914988194679,0.19678541165331587,synthetic_uncalibrated_model
1240,82.83728182878014,5.783706415196904,0.42627697395086106,304.69394206886443,0.1061692627157449,synthetic_uncalibrated_model
1241,69.2846604184025,4.153355832608308,2.6461460809111164,348.5717736518516,0.17124786095894495,synthetic_uncalibrated_model
1242,49.65755658107416,3.3804039854122414,1.8967535972720169,296.1094784902856,0.1304348354151168,synthetic_uncalibrated_model
1243,57.74488561209783,0.3536988396877996,3.344449515209316,442.722013076347,0.06723588042454404,synthetic_uncalibrated_model
1244,11.070670492207167,0.38634549512520233,5.876394018346148,315.93723607539084,0.0,synthetic_uncalibrated_model
1245,24.944480848732606,4.091108102316654,0.1658121661181931,282.9991853001811,0.01405210598589525,synthetic_uncalibrated_model
1246,28.858371070224916,5.822347765699336,5.771500165076005,374.46735297755356,0.13238806066391562,synthetic_uncalibrated_model
1247,35.13350860874725,5.142795828400024,2.034487163021215,473.7968535331302,0.09155917259310914,synthetic_uncalibrated_model
1248,56.80302235506345,1.0688973087804932,2.0278775761072096,438.70381354927133,0.08896320549384212,synthetic_uncalibrated_model
1249,28.591476289029575,4.0921924365485065,3.5651650858898067,465.3771116672076,0.0972306084412145,synthetic_uncalibrated_model
1250,62.333119462722735,1.5481173648844464,2.0622010539624545,496.4998388790366,0.08938844004907359,synthetic_uncalibrated_model
1251,88.62946094870837,2.092921492794366,4.5123616352276965,355.3752022549252,0.22754537764552807,synthetic_uncalibrated_model
1252,35.32479005218866,5.58889727731788,0.5231479055866716,374.3952657847845,0.0634318561096236,synthetic_uncalibrated_model
1253,29.91885471582796,1.3636511842499484,0.7795990961693944,446.27341847688547,0.04898097054469905,synthetic_uncalibrated_model
1254,83.70164640962952,0.32256553012415856,4.011341549970507,330.73334037790283,0.13077118594179638,synthetic_uncalibrated_model
1255,8.19747186737711,5.743834079307675,3.9792512770111585,378.41833651227813,0.0,synthetic_uncalibrated_model
1256,61.10010359549605,4.32246233588039,5.067415572140848,334.1770353222083,0.19403177416558237,synthetic_uncalibrated_model
1257,28.105390565079798,4.6070677153713095,4.3406142595348145,343.2794528315954,0.12758553880253776,synthetic_uncalibrated_model
1258,22.451429188523903,4.087793874173104,1.4372733330562983,411.58115291247145,0.06685376603672194,synthetic_uncalibrated_model
1259,62.692593476256704,2.2862984460319056,1.9280716214781586,322.87405813983077,0.13231096565749711,synthetic_uncalibrated_model
1260,43.65589278538829,3.695095363627679,4.004549371828589,445.300891327007,0.12358391500150712,synthetic_uncalibrated_model
1261,19.292995191039452,5.395021127896081,1.339879162894577,419.8723780122226,0.04371792027047211,synthetic_uncalibrated_model
1262,67.37706908972103,2.2549112687282404,4.7983567899404616,435.5779366498896,0.18177934549624142,synthetic_uncalibrated_model
1263,73.30383839216913,0.763864822822407,3.3469923734379576,328.915910445022,0.12321848229856036,synthetic_uncalibrated_model
1264,38.959548842373984,5.734169228641823,1.9443223682009958,309.37690260814566,0.12503988347779016,synthetic_uncalibrated_model
1265,40.046549659483475,3.9111447670328987,1.904423314836291,458.3662399622781,0.10275922765355305,synthetic_uncalibrated_model
1266,44.077548019466356,0.5083431564311482,5.543926002594862,476.4016974124542,0.0503700404185215,synthetic_uncalibrated_model
1267,26.514042743655303,0.2461990367909253,1.5183992906368349,304.742284642661,0.020364818755066183,synthetic_uncalibrated_model
1268,74.98694242570483,1.417264690245511,0.7251690789381072,482.5319504469249,0.07569223938075281,synthetic_uncalibrated_model
1269,68.49085010400023,5.5849408888518095,3.4773034679021055,411.7681131938195,0.18655035759963434,synthetic_uncalibrated_model
1270,31.496623710395593,0.14813721369273797,2.7785989902248414,452.4630499268142,0.012409909024163147,synthetic_uncalibrated_model
1271,50.30290249132674,2.234121030632879,3.710028035507585,411.3008815997263,0.12964753078845326,synthetic_uncalibrated_model
1272,57.939532317545364,1.8237759338444508,1.8264814060465926,469.07545162772044,0.10127589063191389,synthetic_uncalibrated_model
1273,60.1515596382327,3.8589966536325986,4.864948863104701,371.01019648543655,0.18598397453825832,synthetic_uncalibrated_model
1274,44.35214908726515,5.82622157539514,2.572025206916938,421.052343378448,0.1332160082640581,synthetic_uncalibrated_model
1275,75.46194414764162,5.604897978309985,5.3791419625340104,426.2755935753823,0.23810177673379762,synthetic_uncalibrated_model
1276,18.305623815715926,4.45088911502624,5.291071346135523,445.6827690292857,0.07979517339624498,synthetic_uncalibrated_model
1277,47.4271608742655,5.486001850783211,4.602535804794481,363.91731616878513,0.1540147755249478,synthetic_uncalibrated_model
1278,5.191885661087452,3.735736650300299,2.1365994746628654,304.1201645118369,0.0,synthetic_uncalibrated_model
1279,28.561737123903853,3.9217960108970096,2.0056110178744007,394.3234002455466,0.10521404503269494,synthetic_uncalibrated_model
1280,40.265399530689244,1.9821996289904178,5.045813785100635,408.33936875249964,0.10193414688994462,synthetic_uncalibrated_model
1281,16.692635113554516,5.63839184985354,4.960817152728805,381.7170312514516,0.06183640452137404,synthetic_uncalibrated_model
1282,73.08888694295965,1.504452680190008,4.227839864089727,391.27965312807737,0.17107898608997119,synthetic_uncalibrated_model
1283,77.00472220389878,3.2797805814681196,1.6284766642981525,345.71533008611175,0.15224660897373365,synthetic_uncalibrated_model
1284,72.21442667840678,1.1312902038437482,4.333095310893756,424.0074683395815,0.156537578785494,synthetic_uncalibrated_model
1285,39.12406595522693,4.447846325357094,0.2190962107919342,485.82410312765865,0.025596408807690596,synthetic_uncalibrated_model
1286,87.39913326395953,3.086248493155603,0.36086771710057186,498.4164224358136,0.063557798661729,synthetic_uncalibrated_model
1287,10.522213235374545,2.408610073389745,4.129373838570683,403.31558788460075,0.0,synthetic_uncalibrated_model
1288,16.48674697065482,5.397587339445133,4.841804125161184,367.4949170869685,0.055607617982856045,synthetic_uncalibrated_model
1289,59.19736232180237,3.17446820544244,0.6078159523800923,462.3324245005678,0.08613210426622908,synthetic_uncalibrated_model
1290,55.012389647798834,0.8894425786777637,3.781557286496499,333.4200870034504,0.09981767916475315,synthetic_uncalibrated_model
1291,42.81734570571547,0.9992120127672298,5.099203711983895,331.03901806669876,0.07900229733654895,synthetic_uncalibrated_model
1292,86.5941033322516,0.2378032972438915,0.5656672471345313,281.3628783657575,0.03500832062899889,synthetic_uncalibrated_model
1293,82.80245047161543,2.2029598495034826,0.6643972384923936,496.1302078105225,0.07953577281290952,synthetic_uncalibrated_model
1294,68.87052497337373,4.736736994974918,5.558502236137718,309.56635030101927,0.2261107080374929,synthetic_uncalibrated_model
1295,45.86769511684094,0.8211008341214634,3.065840106109609,298.1718124868238,0.07182603621890926,synthetic_uncalibrated_model
1296,47.89316046326695,2.7505833970845157,3.8465249857110653,291.8416248713095,0.13540569879923747,synthetic_uncalibrated_model
1297,64.975325190429,3.50291072058175,4.014211509080907,466.0180775423256,0.16372747100006702,synthetic_uncalibrated_model
1298,19.025780089829816,5.535209455592094,1.2611586685049132,407.9945486857364,0.04029131182099582,synthetic_uncalibrated_model
1299,87.83260268067738,4.583561382171656,3.6855848323408162,370.90345890054175,0.2261649816374418,synthetic_uncalibrated_model
1300,36.0603342539969,3.3061485030465527,3.9716297952213147,347.0065871708854,0.12232096574414053,synthetic_uncalibrated_model
1301,51.003549664434246,1.58073331499764,1.4207989932196483,329.0418519043775,0.0964625708032103,synthetic_uncalibrated_model
1302,75.14008747216832,1.7463057211732356,2.2585541963308966,365.2798041840543,0.1403385254899736,synthetic_uncalibrated_model
1303,50.69657495668099,0.48184208582689525,4.226248050496299,480.85480445940635,0.0629353949219521,synthetic_uncalibrated_model
1304,14.123075034054828,3.866669089333937,5.535759815343847,316.94653609294073,0.0,synthetic_uncalibrated_model
1305,13.049633428210136,1.5295387980272648,3.121879220541868,335.9075573996008,0.0,synthetic_uncalibrated_model
1306,18.81082918316415,5.80634534522602,5.085128895206963,291.65503447620654,0.1010053048380285,synthetic_uncalibrated_model
1307,39.444237590930115,2.2891133387940252,2.2710152671344503,443.82290126046973,0.09758343279892151,synthetic_uncalibrated_model
1308,61.25012078276698,2.2139673687289174,4.320873134869585,333.0864446182971,0.16328110857376443,synthetic_uncalibrated_model
1309,7.631676778352309,1.2089757407662245,1.6751997289660976,452.00579535158795,0.0,synthetic_uncalibrated_model
1310,11.056691858821168,0.37181877109103767,0.8759509121877588,467.70569199115596,0.0,synthetic_uncalibrated_model
1311,84.2628992413001,3.9017936828253212,3.147215478439128,491.93253895417615,0.16304857711350906,synthetic_uncalibrated_model
1312,67.04620365747093,2.5331423252609615,3.675896509368156,297.1841624461647,0.17148197859064473,synthetic_uncalibrated_model
1313,29.315932537238716,4.0441787599383625,5.76268672233492,301.061357505069,0.12778568740743568,synthetic_uncalibrated_model
1314,76.08369690790768,1.7054699352996308,2.8145954232212964,486.66926757573526,0.13099589857839877,synthetic_uncalibrated_model
1315,47.631758322331784,0.44630080428199514,2.7530484130792408,318.1409067767554,0.05090138346071804,synthetic_uncalibrated_model
1316,43.632490283866844,1.4712174173055241,4.491397827775244,335.0069901178622,0.09898385740900206,synthetic_uncalibrated_model
1317,9.235121750537537,1.1680924436860765,2.0820941392464767,483.195177441888,0.0,synthetic_uncalibrated_model
1318,31.794398288341448,5.78701848403769,1.719933333756886,386.8978459065024,0.11089882604510765,synthetic_uncalibrated_model
1319,14.61692533807093,5.8304330723607745,0.7637819975501156,373.6325911473168,0.0,synthetic_uncalibrated_model
1320,65.34755972731774,4.118362862890125,0.36938028520231003,447.82635675701727,0.07668442348092425,synthetic_uncalibrated_model
1321,85.26441003485186,5.004501345518598,0.9847335753690429,366.65965293259694,0.146132550861357,synthetic_uncalibrated_model
1322,89.2880600195407,2.124367710648979,2.41429213940228,282.3929104720185,0.16926530646473348,synthetic_uncalibrated_model
1323,6.227215221999753,3.4898090375455397,5.774194782506285,349.95401157682534,0.0,synthetic_uncalibrated_model
1324,42.31219022603631,5.733172773586153,4.919299922400332,433.4471770101263,0.13222382294704293,synthetic_uncalibrated_model
1325,54.917702232012694,5.8118606397717745,0.13352461589841236,413.2388188223367,0.0333933628947784,synthetic_uncalibrated_model
1326,44.20018510054723,5.695158653742964,1.0535663321763014,392.7771482280679,0.11133165424936192,synthetic_uncalibrated_model
1327,79.86922987586429,5.87571718138399,2.4314428829831094,296.7980466688551,0.18494227529311624,synthetic_uncalibrated_model
1328,66.08654990181734,3.720320942441988,2.8968174645697338,388.3136882402704,0.16784019546717255,synthetic_uncalibrated_model
1329,10.975731773110855,3.5456260105567448,1.892748870321412,454.9726094791192,0.0,synthetic_uncalibrated_model
1330,21.205480674638462,0.8178609177317306,1.729322127146837,407.02415681054407,0.04189324507938108,synthetic_uncalibrated_model
1331,56.06754195319187,2.4779385498070243,2.2252066841683225,381.6253245335454,0.13149472434628684,synthetic_uncalibrated_model
1332,48.13422599824205,5.217351450672767,4.8681595556530715,336.9474206070346,0.15718891906000376,synthetic_uncalibrated_model
1333,70.05225237503942,5.7260867003081986,4.037619365431824,327.3850994271753,0.2031585845694297,synthetic_uncalibrated_model
1334,57.46726553023858,5.988957876741332,0.3105484305407806,358.9939041336145,0.0693154088684404,synthetic_uncalibrated_model
1335,80.92434738362672,3.8522583489358904,5.918084570293642,467.52731090290945,0.24529547240829697,synthetic_uncalibrated_model
1336,88.64493642704831,5.871701768179797,5.687825166975425,389.7986517933836,0.28685382119087266,synthetic_uncalibrated_model
1337,66.68173213246344,1.9809076397147007,3.159597662415723,429.06110967671276,0.1480783221975961,synthetic_uncalibrated_model
1338,43.68874284973031,4.261904157922805,3.287808664445669,296.4393975660934,0.136063773039225,synthetic_uncalibrated_model
1339,64.73251240709696,5.5010111451355765,4.66995946521499,462.41206119505915,0.18098934835360103,synthetic_uncalibrated_model
1340,51.53325403957863,5.046324250591187,0.7940823004207059,436.35790017164965,0.1028214451946945,synthetic_uncalibrated_model
1341,81.1205609515164,1.2769004366583705,0.6294618357648347,398.5516373535935,0.08529882862368793,synthetic_uncalibrated_model
1342,28.37026388493122,2.173764010804579,5.384727174683535,364.80973002940414,0.10610394545840318,synthetic_uncalibrated_model
1343,69.14366000187528,5.603021415546778,0.9345126336870918,373.1518570177653,0.13422094792577766,synthetic_uncalibrated_model
1344,30.540349521914703,0.6722516314596282,0.7363582135196877,493.8324247030602,0.02471989166644238,synthetic_uncalibrated_model
1345,59.57308961980049,3.6366917564522585,4.438886196394916,393.373640609106,0.1767127588012093,synthetic_uncalibrated_model
1346,34.35907498743927,5.100049630845085,2.600462062028163,372.2651446754046,0.1258380063254022,synthetic_uncalibrated_model
1347,32.03034176586276,1.2596464664600602,2.3246545216733723,312.8502712093248,0.07641042951868288,synthetic_uncalibrated_model
1348,53.62227503200954,0.5343418220930894,5.996494375892394,390.8909761353234,0.09671140372631554,synthetic_uncalibrated_model
1349,48.738638841266706,2.0484322267144894,4.558579531578715,404.6071816817834,0.12814570318655194,synthetic_uncalibrated_model
1350,54.81129042439454,1.1036896712551412,1.5110676691360092,292.6679105044035,0.0851558379968741,synthetic_uncalibrated_model
1351,81.95752347686862,1.4860832110289997,0.8744403154544109,456.7539180549173,0.09522049673066801,synthetic_uncalibrated_model
1352,42.84686206678121,2.0434016439894283,2.1277394708161985,430.3490149974457,0.10056432963549233,synthetic_uncalibrated_model
1353,37.532189465434925,1.890182245588227,4.07021701159624,288.4074511947059,0.10041387422176434,synthetic_uncalibrated_model
1354,16.786460310947668,3.215707114190886,0.14444049186378774,416.08453380497565,0.002498198881488214,synthetic_uncalibrated_model
1355,38.75544249414682,4.355764737205658,2.0492104199873604,487.055336947869,0.08132550269723082,synthetic_uncalibrated_model
1356,58.3546728212003,5.6101534819787116,5.936692180569585,438.8867613041426,0.19094260158969067,synthetic_uncalibrated_model
1357,69.45706390416575,5.974646996276729,3.586765594970953,481.44593723293826,0.15866852943331888,synthetic_uncalibrated_model
1358,77.03712579434017,1.5585403081121532,3.9881062330511576,425.65912925694886,0.17399976343273904,synthetic_uncalibrated_model
1359,75.4356570153409,3.21967658374661,3.657942067652296,369.0443798642612,0.1951319928686207,synthetic_uncalibrated_model
1360,74.32959498128206,3.823781721422738,3.058903725394666,464.99450022647125,0.16596867556222694,synthetic_uncalibrated_model
1361,66.55111203871292,2.6938241738746966,1.955523137802724,472.9107790730934,0.12237692701135172,synthetic_uncalibrated_model
1362,43.67048855391275,4.625188222613467,1.0967689172036685,412.42031697202674,0.10878661176469778,synthetic_uncalibrated_model
1363,15.858511230356461,0.8473315773771743,0.9729988355504958,466.99299611848824,0.005356053663702995,synthetic_uncalibrated_model
1364,46.87374245354789,5.919845925129782,0.29130069727044916,409.3862360018005,0.05418982116707949,synthetic_uncalibrated_model
1365,17.851989307713467,4.9007927002413325,4.830218094984028,452.0501006875244,0.06824493549547916,synthetic_uncalibrated_model
1366,59.90852241459407,3.947661709434477,1.3289801568173776,380.7541243764216,0.13457016768286723,synthetic_uncalibrated_model
1367,54.0883636828568,3.3797192162117393,1.0252851146980624,340.79740122000646,0.11697048235642271,synthetic_uncalibrated_model
1368,64.84978494316714,3.4731871066067677,1.4875905570141366,405.8378359098235,0.1384227863103128,synthetic_uncalibrated_model
1369,59.98832624557915,0.1166355949881807,2.48740691717922,494.5215454314243,0.04087213182461452,synthetic_uncalibrated_model
1370,47.39570221450495,0.36071732053811034,3.71785469583525,284.86802871071376,0.04942073778340053,synthetic_uncalibrated_model
1371,72.01046724485634,2.6151161530685023,0.5769543219334669,401.05676286008134,0.10137260604307297,synthetic_uncalibrated_model
1372,61.748039816652735,1.7294920111187646,2.5886122057373226,440.721212801203,0.12359175085373358,synthetic_uncalibrated_model
1373,19.12715890054413,0.24789839511182404,1.7739803381515733,461.20724804981944,0.013088479124358496,synthetic_uncalibrated_model
1374,22.287117298001657,2.895432878073846,1.49862333597462,393.26267622098715,0.06589807791466684,synthetic_uncalibrated_model
1375,34.7547479443138,5.057228935766434,1.5431481873068034,345.1177415153823,0.11174473282937536,synthetic_uncalibrated_model
1376,76.4308187448737,1.961953402977871,3.830470188709985,483.059568969953,0.16033112258170612,synthetic_uncalibrated_model
1377,70.14482246586346,3.357399956719466,1.0908699353128337,347.21724092432817,0.13295276648341536,synthetic_uncalibrated_model
1378,75.33940740785553,4.6152758881077816,0.1401733526570521,287.1445691831454,0.046627022606011065,synthetic_uncalibrated_model
1379,45.46265535102761,1.3572174846055505,4.07681666555581,490.1402728348355,0.07523446279517765,synthetic_uncalibrated_model
1380,51.80719923978735,5.9434637726137804,0.25638828174808914,352.09761357245276,0.05509155625417006,synthetic_uncalibrated_model
1381,41.99488658565005,0.13613282468784688,4.376194471972815,424.5254884309617,0.018510307549671937,synthetic_uncalibrated_model
1382,58.22970257153706,2.5389203350586675,2.6634705781282775,437.1130090314327,0.13511405422314415,synthetic_uncalibrated_model
1383,28.604956247270977,2.96307474615729,0.7397818094779587,475.84338957160395,0.04660062356485953,synthetic_uncalibrated_model
1384,45.833662265228355,4.967778466005854,4.384746239668269,471.58685756006753,0.11866325466184535,synthetic_uncalibrated_model
1385,61.54986466356958,3.4453264620242114,4.326799132727093,345.76367770662864,0.17971419384673581,synthetic_uncalibrated_model
1386,45.89067272359139,2.119064628348593,0.11588566915601624,446.14825023174967,0.02169534603485372,synthetic_uncalibrated_model
1387,24.119377852625224,1.0701945123857006,1.656689848080348,301.8568953183402,0.05573701664642028,synthetic_uncalibrated_model
1388,46.14385508625286,4.64862329715999,0.24741056621515717,490.28481912728114,0.03289454852072893,synthetic_uncalibrated_model
1389,66.64776997974832,0.5316494122339006,5.244249230817238,415.98807624132496,0.129237005185465,synthetic_uncalibrated_model
1390,84.77197212371397,3.5867561777324095,1.2925300105637287,433.65760974582946,0.14510584078352196,synthetic_uncalibrated_model
1391,12.534354634653166,4.500156737353179,0.5931134311663563,458.2045028444389,0.0,synthetic_uncalibrated_model
1392,43.84362826077889,0.7656524644796119,2.2633121591800283,483.8320007009077,0.05022172157916466,synthetic_uncalibrated_model
1393,43.484471479221256,4.451735818310974,0.1297794562578242,435.2177256592915,0.02425643387312383,synthetic_uncalibrated_model
1394,48.558718354366924,1.6172380962124056,2.377534405583864,363.9635081982636,0.10420969817754971,synthetic_uncalibrated_model
1395,5.670324562185283,5.449201921875958,2.104610936044946,341.7290696066658,0.0,synthetic_uncalibrated_model
1396,36.32057602400023,1.4367899239585233,3.8442980730162835,306.6785115617009,0.08683873805262776,synthetic_uncalibrated_model
1397,51.20444093067796,3.008783957148759,1.7400347397906488,394.4692262482571,0.12575224469725987,synthetic_uncalibrated_model
1398,85.21491891527384,3.5066026194353026,3.6714448107078694,355.5909685466535,0.21577670503518875,synthetic_uncalibrated_model
1399,84.89677802578584,1.041445078643892,3.0952662697290774,291.79089369161204,0.14960983613517453,synthetic_uncalibrated_model
1400,78.74140849696781,5.462622779781019,3.433302252529677,489.26262433721604,0.16518098370683654,synthetic_uncalibrated_model
1401,16.67197630204184,1.3091592584124139,4.545083110202132,468.1710085173617,0.029572373069626456,synthetic_uncalibrated_model
1402,29.18787160592292,0.9344278912552776,3.264556143308615,319.38564568110337,0.06448267439257654,synthetic_uncalibrated_model
1403,83.51943701781599,3.0476208346070135,3.0663818253773583,350.7251208186965,0.19303935316745613,synthetic_uncalibrated_model
1404,75.87953162857828,5.6574144931082975,0.6335271018805642,406.16330018885856,0.12008791111034173,synthetic_uncalibrated_model
1405,29.41585760481878,2.9530421260725612,0.3281040748277396,352.58417869455934,0.034019435842712636,synthetic_uncalibrated_model
1406,6.784452187834873,5.672147118284773,1.8000889616800513,497.0583201642753,0.0,synthetic_uncalibrated_model
1407,9.709469496952357,0.2061543982761357,4.4610142788068226,299.43370366803833,0.0,synthetic_uncalibrated_model
1408,7.689022856677484,1.547529378842439,2.9057939497144187,408.27951346488635,0.0,synthetic_uncalibrated_model
1409,46.00041048359409,3.6121832777099296,2.9894326561730233,376.2197766914869,0.13494410386512468,synthetic_uncalibrated_model
1410,42.283136441307406,1.7769526046844968,4.85516960099531,390.5706486520164,0.10422371753265824,synthetic_uncalibrated_model
1411,64.29615949921937,2.5700091459164955,2.481634667887338,348.47708050960244,0.1476887317694292,synthetic_uncalibrated_model
1412,60.00440884664305,4.037871559247785,5.449923840582437,281.2651664599725,0.19460940612194344,synthetic_uncalibrated_model
1413,64.62885357211078,1.6277767937070442,4.704637799778341,487.36703067571443,0.1412913275551232,synthetic_uncalibrated_model
1414,29.61364524303547,1.655952917940352,2.3396762107538716,344.5204395818398,0.08650013286760999,synthetic_uncalibrated_model
1415,32.79893185643357,0.6905539940761066,3.9682330646508257,490.1102025837845,0.03750636212579725,synthetic_uncalibrated_model
1416,89.78812392172536,4.336741542560449,0.1039508940382976,470.8944786610339,0.03457651991183194,synthetic_uncalibrated_model
1417,27.917270647103017,1.7797825994724188,0.7314624955380498,300.0949348364197,0.05265975981914406,synthetic_uncalibrated_model
1418,26.07647871157791,0.5947168141104432,5.441810607089204,480.99149561626535,0.03430275661362836,synthetic_uncalibrated_model
1419,12.716304245670964,1.516550156615527,2.2537961074106594,461.5230930304401,0.0,synthetic_uncalibrated_model
1420,30.216370988869052,2.553954885955626,1.4508734077921424,392.3319114652859,0.0883844795847224,synthetic_uncalibrated_model
1421,5.904358329869831,4.12165780722226,0.9944062383555392,390.41919897957877,0.0,synthetic_uncalibrated_model
1422,34.659327869492415,3.9230559001111818,1.5410841598738567,492.47479873004073,0.0676137476941886,synthetic_uncalibrated_model
1423,89.92665390357897,3.4189579901812692,0.5022407426728948,368.2314351572233,0.11261777364585313,synthetic_uncalibrated_model
1424,69.63976301225841,4.709518061028175,3.0271632999010913,421.7939898973799,0.17679354926636726,synthetic_uncalibrated_model
1425,62.362057536221904,0.8920963001555343,5.128448883438215,339.79323920962594,0.13563395306820236,synthetic_uncalibrated_model
1426,8.869485741488374,3.763855997719206,2.9637126984970075,469.98421709329716,0.0,synthetic_uncalibrated_model
1427,9.356714356669556,3.184512960271618,4.436021392168231,401.08859669737535,0.0,synthetic_uncalibrated_model
1428,41.73130970033655,4.90428523430727,5.390548231500265,491.8252867278711,0.0871372491363942,synthetic_uncalibrated_model
1429,59.871769805224126,2.4795945155342896,4.27422358357555,485.22410340577983,0.13494802940827988,synthetic_uncalibrated_model
1430,29.014919946386186,4.866289138119598,2.843919798660942,455.9630030209321,0.1027843347332637,synthetic_uncalibrated_model
1431,83.38426800926585,2.315551459258008,4.722842278058452,455.4025981413998,0.2154637987103365,synthetic_uncalibrated_model
1432,58.77025473115765,2.1824310378912726,2.0571470913201213,480.0256327899848,0.1048986635921424,synthetic_uncalibrated_model
1433,76.14431886709914,3.70122449577642,2.2791455523421393,310.45666374621374,0.16986218519857665,synthetic_uncalibrated_model
1434,31.653544169111445,2.710536765927698,5.985719492816425,308.28521346327324,0.11616970257763781,synthetic_uncalibrated_model
1435,64.39790921031515,4.37571337654672,2.276794985097337,393.98014467426674,0.15827728407913966,synthetic_uncalibrated_model
1436,29.950487018380965,4.540747296540145,2.428911003896359,369.86087031247587,0.11754894326041987,synthetic_uncalibrated_model
1437,28.035318532656966,0.30890924351786614,4.058247774301182,306.99605991285426,0.02674542818328396,synthetic_uncalibrated_model
1438,27.3340888232815,0.11764110687461397,1.9407453948878897,295.81199034297856,0.010725514507256964,synthetic_uncalibrated_model
1439,50.13253322324805,0.7748510900722851,2.5022914683508395,393.0586681011275,0.07317536665741547,synthetic_uncalibrated_model
1440,39.25981405000738,0.1188539383780746,2.9552994601589875,379.58373992285397,0.011022153080502174,synthetic_uncalibrated_model
1441,37.92359640032999,5.970596087464887,3.2266565910581635,314.98642881808314,0.13237139825678346,synthetic_uncalibrated_model
1442,32.966337268580915,0.8969230927537857,0.11757134467171056,324.1033481907826,0.014253170794794212,synthetic_uncalibrated_model
1443,5.015713359601843,0.7978492602317322,4.65719767499055,361.2626312790155,0.0,synthetic_uncalibrated_model
1444,77.96993038309218,1.8968654810751424,5.167829303967441,405.46404369128186,0.2134732187620223,synthetic_uncalibrated_model
1445,6.660249090522396,5.318684898304447,0.6279678957591625,362.93688161197747,0.0,synthetic_uncalibrated_model
1446,86.69538492987219,1.3521114159298788,4.700906388536328,472.67108726109916,0.1970162902254391,synthetic_uncalibrated_model
1447,31.87768535238025,2.392497105193036,3.3829985496357686,458.71290159695684,0.09261833073738429,synthetic_uncalibrated_model
1448,59.159849031044374,4.762506423832036,3.4939808738764615,430.62558542491945,0.16374607435786126,synthetic_uncalibrated_model
1449,43.8783820874118,3.4981072156821273,4.323830179905873,490.9015741494337,0.09115855326058275,synthetic_uncalibrated_model
1450,26.780960887769783,3.6829172505544863,4.205569915971765,479.93550836730253,0.0820527225672793,synthetic_uncalibrated_model
1451,87.60296760864536,5.849148263148032,3.0576266941297727,454.5159481677405,0.19637356222098945,synthetic_uncalibrated_model
1452,85.76530349076329,2.863097114848808,0.8050705110691858,464.5467694124982,0.1119047417055794,synthetic_uncalibrated_model
1453,54.27179788759902,2.948137796107273,3.8054713378173064,376.8518955627239,0.15155501475776323,synthetic_uncalibrated_model
1454,28.941523171573852,4.585207213723307,2.077204753340995,333.9037570525085,0.11084103393683542,synthetic_uncalibrated_model
1455,50.59835098725484,5.883547712980107,2.575060200849252,456.645928402589,0.13009384206017394,synthetic_uncalibrated_model
1456,48.654509655222654,4.321671230246743,5.440124103325832,417.97006889325985,0.15534034935657237,synthetic_uncalibrated_model
1457,76.52107961687197,4.751447315411414,1.4948099263373935,436.0142474907358,0.14900671011769395,synthetic_uncalibrated_model
1458,22.65300447416934,3.669884069997325,3.9970112647165275,376.4059554279191,0.11086595039047492,synthetic_uncalibrated_model
1459,9.879323905007752,5.954608296346798,1.5296648364311853,284.8233260121926,0.0,synthetic_uncalibrated_model
1460,63.616444220065304,3.8431973470000833,2.568506508659987,408.66093031093203,0.15821775509159275,synthetic_uncalibrated_model
1461,22.87859047714262,2.3976449545060166,0.389610857064312,406.42375875135986,0.024188443057100065,synthetic_uncalibrated_model
1462,49.075071054334664,0.8939859639761286,2.672614823661751,451.8286152306231,0.07442768995092142,synthetic_uncalibrated_model
1463,28.677486748247045,2.505155650647176,2.871324287247426,385.87388392017846,0.10471078132874179,synthetic_uncalibrated_model
1464,69.60951670093144,2.516301040187284,5.584357603929742,297.22765154372235,0.21175470876422242,synthetic_uncalibrated_model
1465,42.797573422515434,4.510551529498795,1.7094698561593196,487.3921934954494,0.08441011066408688,synthetic_uncalibrated_model
1466,25.26069159364856,1.6998389908793843,0.6360900998048701,345.48891121109233,0.041565292304772156,synthetic_uncalibrated_model
1467,39.487083673718615,4.070983556908893,4.4016457666900015,316.61531456313907,0.12832998412634167,synthetic_uncalibrated_model
1468,37.74410356444753,0.7004359577491249,4.02637276822139,471.13156396496584,0.04505462691909237,synthetic_uncalibrated_model
1469,85.62948540929163,2.8480857486763576,1.73098053466769,399.3306096744018,0.1564873316687475,synthetic_uncalibrated_model
1470,89.99353456011633,3.7698929097010896,2.6829998251459806,384.14766624920753,0.19659237955767883,synthetic_uncalibrated_model
1471,69.75662536935116,5.691687504691297,5.298135410408469,331.4465890956919,0.22602208092581666,synthetic_uncalibrated_model
1472,49.28793095844423,1.7218016019223985,2.4580316870556493,424.55823412332586,0.10600928337258952,synthetic_uncalibrated_model
1473,23.998044950707687,0.6691896072577458,3.447518913338472,393.55689120974864,0.04848444945206509,synthetic_uncalibrated_model
1474,47.954123207062175,3.8784764182656866,4.469501430738891,451.6031619949904,0.13528337392805823,synthetic_uncalibrated_model
1475,75.53934916301316,0.5594577262473828,3.8593221711210766,340.9190621593648,0.12657629676471227,synthetic_uncalibrated_model
1476,31.552853016228536,4.94721674966902,3.3011599041236654,373.69209562354456,0.12716839839394745,synthetic_uncalibrated_model
1477,59.77909180077607,0.9035672082302355,0.2541819050033471,293.79808215536826,0.04264429680536269,synthetic_uncalibrated_model
1478,57.42920754369965,0.5922343372348815,3.870664445821501,462.80009546673665,0.08554744574911693,synthetic_uncalibrated_model
1479,83.36356826172846,2.770877597912914,1.3591245288168357,319.13954135685043,0.14448806367577116,synthetic_uncalibrated_model
1480,89.53379178040875,5.701817608891114,2.564939829107299,292.44469836800016,0.19974001840232136,synthetic_uncalibrated_model
1481,29.64166822501759,3.4674807442226774,1.462906626686501,337.9102051054099,0.09449729841226562,synthetic_uncalibrated_model
1482,24.57163488824365,2.601960198173113,5.789708128323323,375.00133997285724,0.11181053251394091,synthetic_uncalibrated_model
1483,71.17155716227686,5.01006565410102,4.668657606708895,301.34726916544366,0.21638918558271314,synthetic_uncalibrated_model
1484,71.00698635345073,4.170087096987973,3.8369706838778286,424.4375181238313,0.19226464081772765,synthetic_uncalibrated_model
1485,21.67019457335872,0.9518782947304089,3.2197579105178247,367.5049937909329,0.05843462964018131,synthetic_uncalibrated_model
1486,87.13545694202163,4.815586247360086,5.242251795017115,308.2161048890067,0.26921903308861594,synthetic_uncalibrated_model
1487,49.152511830561416,1.3464728793821024,1.0141729778662376,302.8026701755918,0.08055317067842221,synthetic_uncalibrated_model
1488,39.95753743020895,5.5029861020857815,1.9186429842516015,371.16673970705926,0.12470645028233934,synthetic_uncalibrated_model
1489,7.001607802510642,5.186048785590566,5.003700798262805,395.46192631687467,0.0,synthetic_uncalibrated_model
1490,86.78314771527437,2.489448727102833,3.0147129877982994,300.98430459839193,0.18941348643469014,synthetic_uncalibrated_model
1491,22.33422300874779,1.2721631212143951,3.4190772711440425,442.406488042015,0.06470411124315684,synthetic_uncalibrated_model
1492,77.3699283654432,2.40641714437415,1.6263001022561043,353.09807200019543,0.14189784079306633,synthetic_uncalibrated_model
1493,16.40246267839599,2.178546651986545,3.2300983759737245,379.19223025325493,0.03584998965443251,synthetic_uncalibrated_model
1494,88.46942524333471,5.617789253953188,3.1203501934489553,376.1605221596356,0.21360819258677444,synthetic_uncalibrated_model
1495,31.821881386228085,4.063285776296346,2.4625533162335964,363.28758798615837,0.1189140028426246,synthetic_uncalibrated_model
1496,71.70368577769477,1.290707878502178,0.12298533423099987,381.1711027041958,0.03419652472546711,synthetic_uncalibrated_model
1497,20.814025163727454,3.547692566248945,2.162539414165689,378.89860305115656,0.075283224543093,synthetic_uncalibrated_model
1498,57.62771307501804,5.531992949962253,3.137042341566634,444.38896929595785,0.15345837966739295,synthetic_uncalibrated_model
1499,30.429844335492362,0.7513393571125548,3.1971237059770736,446.51363631477363,0.05092227124419807,synthetic_uncalibrated_model
1500,62.743233522420034,0.8502926606107266,3.2335551456987894,344.3910121234943,0.10677011313905282,synthetic_uncalibrated_model
1501,49.55317835488737,5.836513149361028,3.283846019688654,348.9189666974098,0.15178604187585443,synthetic_uncalibrated_model
1502,76.26671361765476,1.3389751662535978,5.275809471252968,348.0139861652052,0.19629254024766296,synthetic_uncalibrated_model
1503,11.37063923501539,2.389381346767658,1.6742161028700144,437.799583308322,0.0,synthetic_uncalibrated_model
1504,80.16032836110132,0.6793072695916732,4.01257599818865,456.98029054464234,0.1429383796274496,synthetic_uncalibrated_model
1505,73.979928471195,3.2503734434766587,3.273075130932431,372.2819228020011,0.18454878773745098,synthetic_uncalibrated_model
1506,89.89958882898998,1.1632228011295969,4.448438734096438,323.06989887643795,0.20150633409842067,synthetic_uncalibrated_model
1507,54.868524473934414,4.353338482121608,4.618096956002648,415.0048055012479,0.16818902904268485,synthetic_uncalibrated_model
1508,16.24497616824572,1.9610054340089376,2.633724332575287,429.43045298001374,0.025246604789299895,synthetic_uncalibrated_model
1509,23.076770331055954,3.4831594428445545,4.734985693535352,441.59333724541045,0.10346589719511667,synthetic_uncalibrated_model
1510,31.40782906582931,2.159806387527027,4.708252540682592,480.5568196415061,0.07620083189805765,synthetic_uncalibrated_model
1511,85.71412628809603,4.740505193774274,2.1506061435131825,342.9440583571587,0.1816517963772557,synthetic_uncalibrated_model
1512,78.99594146617164,4.688485697399183,3.5780156486311783,400.28322567283607,0.20682523213434845,synthetic_uncalibrated_model
1513,7.970661479459428,0.5706960621128107,5.554867378255042,476.2577125004975,0.0,synthetic_uncalibrated_model
1514,7.674217688366435,2.1013755249974744,5.403938405669135,329.20529850912067,0.0,synthetic_uncalibrated_model
1515,20.36401742622855,5.864018909865854,5.005880948052217,449.9735566321588,0.0948117415351068,synthetic_uncalibrated_model
1516,16.904722830473105,4.39698897639232,5.058698329021796,437.46831955615477,0.05932640916713125,synthetic_uncalibrated_model
1517,14.51915329817399,2.786204791511035,4.455976646936155,378.01975681489944,0.0,synthetic_uncalibrated_model
1518,61.05075880587714,2.559990323557664,1.9757118758042793,487.56465754563993,0.1048126589498804,synthetic_uncalibrated_model
1519,65.97700276381175,1.0746556111120722,1.8140124023157376,299.23624150494425,0.09924435045686575,synthetic_uncalibrated_model
1520,10.204758053434897,4.526392810233589,5.971806895897948,472.28068270788947,0.0,synthetic_uncalibrated_model
1521,77.58834478578903,3.1050238709751596,3.8170408943903866,325.42648147961563,0.20193299307453982,synthetic_uncalibrated_model
1522,68.55599774267931,5.905321649957233,0.4038350855825039,308.56796246691766,0.09291201643588903,synthetic_uncalibrated_model
1523,38.584623468512156,5.8161911295817,5.638491814724424,442.6703122837216,0.1211787599199966,synthetic_uncalibrated_model
1524,30.067008887131326,2.8922188791832,3.1484701547389173,328.1712127409978,0.11350186586718924,synthetic_uncalibrated_model
1525,22.793702815490605,3.5423420834917523,5.336185569496704,408.7002598805975,0.11482297134070185,synthetic_uncalibrated_model
1526,73.7215531071387,0.5408193884706969,0.5724900718117057,410.61805780283976,0.04990137485634574,synthetic_uncalibrated_model
1527,65.00701765785871,3.3012104744450013,3.7211180314754566,311.7763222141506,0.17712653394303823,synthetic_uncalibrated_model
1528,6.966015716029929,0.8562946542227287,4.796648350499339,470.2568877956835,0.0,synthetic_uncalibrated_model
1529,18.77127198342321,4.291460524605598,4.993336769036145,373.9404072945023,0.09673055093072763,synthetic_uncalibrated_model
1530,48.764708258230506,5.051672395509084,4.982067211985458,431.5002014294522,0.15210607973624513,synthetic_uncalibrated_model
1531,17.94784262951714,5.4651427597170334,5.051844387922841,293.2663104599707,0.08877740924516175,synthetic_uncalibrated_model
1532,81.62586470639152,3.384011667261477,1.1395761161855713,301.5036470306033,0.14260031517239258,synthetic_uncalibrated_model
1533,15.838223917590344,2.3697376981937377,5.03875921810076,408.1947460858428,0.03324953533240238,synthetic_uncalibrated_model
1534,87.22013292699539,2.977704085354193,4.821464656845351,391.3188701745403,0.24575196492350126,synthetic_uncalibrated_model
1535,85.1193625389326,2.198480327174784,3.448860915704972,459.78983455210357,0.18212300259320402,synthetic_uncalibrated_model
1536,14.284173097737632,3.4927158298188283,0.7499603344611193,496.5986819426723,0.0,synthetic_uncalibrated_model
1537,8.840804194981198,3.616473167186205,1.2843145066717216,400.1663545712788,0.0,synthetic_uncalibrated_model
1538,87.33631134524859,2.708210475664168,1.523976354807003,483.5592415333698,0.12453883384248693,synthetic_uncalibrated_model
1539,20.990390907560275,5.743541374072201,4.697845878622031,346.6589526936806,0.11512139351191558,synthetic_uncalibrated_model
1540,69.39975741378174,4.287960230227615,0.46681823680844825,469.51525430585184,0.08292311165885219,synthetic_uncalibrated_model
1541,70.22563868628204,3.0288942766625326,3.930675135793964,321.81610229720366,0.1888247516382071,synthetic_uncalibrated_model
1542,55.71059954892448,0.32081996387398976,0.6401885284296892,285.93909992857067,0.03191301130296495,synthetic_uncalibrated_model
1543,25.494790663490917,4.193084504519787,5.454904611960084,371.4165191772116,0.12583653557543495,synthetic_uncalibrated_model
1544,51.05466890823039,1.0026320341185688,1.7257099941392635,487.6770568057999,0.06378466717130427,synthetic_uncalibrated_model
1545,31.686249869154214,4.977975069147479,5.501883020602055,295.9703796595445,0.13168400141596082,synthetic_uncalibrated_model
1546,7.963411676763982,1.0640392084902022,0.5253308579645121,420.27886752259695,0.0,synthetic_uncalibrated_model
1547,68.92384171244316,4.308055517750142,2.364586243412903,353.7915195535636,0.16618133955706238,synthetic_uncalibrated_model
1548,40.12901336111243,1.3928058544745534,2.5400243026419767,402.6534592960272,0.08347821007951939,synthetic_uncalibrated_model
1549,80.62451205601319,4.964116842059447,1.7630337652470889,448.0083620040664,0.15563577821517383,synthetic_uncalibrated_model
1550,35.55712812472141,3.2667870823822462,1.3379646283828193,440.58571265589035,0.09353546885643321,synthetic_uncalibrated_model
1551,22.94738551512981,4.960474513595757,0.9968176210501846,427.7969288432111,0.05325680495588758,synthetic_uncalibrated_model
1552,10.166584890699905,2.08369343312174,1.596559877854374,308.1579598907963,0.0,synthetic_uncalibrated_model
1553,23.461311272579376,2.838834897929205,0.8357028075673653,452.29634083823953,0.043142725907889895,synthetic_uncalibrated_model
1554,62.51334521970924,4.100511683496038,4.202062155654254,399.6445315018469,0.18283519787947122,synthetic_uncalibrated_model
1555,73.16093855652471,1.6683168269092852,2.831681203190213,341.54489603244826,0.14789855474225677,synthetic_uncalibrated_model
1556,20.906169755924786,0.4628248911335304,1.616073071237245,418.3963496601385,0.02801420740303305,synthetic_uncalibrated_model
1557,24.20692359989577,5.613340058295724,5.801353318988127,363.3330600996117,0.12948746170765757,synthetic_uncalibrated_model
1558,16.292829002238882,4.677360510469194,4.197515310427651,411.1580762539699,0.042895841689290504,synthetic_uncalibrated_model
1559,11.341366317734419,4.179774089518129,4.000916702758484,318.91003386704205,0.0,synthetic_uncalibrated_model
1560,17.56240083571401,1.4047739561137842,4.656025508880474,370.3529855000149,0.05886340109862881,synthetic_uncalibrated_model
1561,36.477246521574095,3.2788969970069237,2.557462983961585,462.7265686767351,0.09874553664984353,synthetic_uncalibrated_model
1562,33.500395051321725,2.8276284277566277,3.0459189176533967,361.84447304905916,0.11443645877587727,synthetic_uncalibrated_model
1563,52.16027872367395,2.790208397933569,4.6835730151500545,464.34024633022955,0.13498552112001583,synthetic_uncalibrated_model
1564,63.07120964264221,5.124059236614353,5.230115982065678,330.52881537095476,0.20463124949303957,synthetic_uncalibrated_model
1565,31.253608927888017,0.576582867061964,2.7013377854913143,448.45337539370576,0.04117804031511893,synthetic_uncalibrated_model
1566,47.594353194245045,2.8903451287019393,3.2832421106386964,355.7968171999088,0.13319003106014315,synthetic_uncalibrated_model
1567,18.716266246584045,3.2012046843090114,0.4853706633458953,444.88069236237067,0.014867400308974633,synthetic_uncalibrated_model
1568,86.70887058347276,2.727306562435096,4.654587695727553,300.5859441725689,0.23783131377364897,synthetic_uncalibrated_model
1569,60.25808983427446,1.9773747897876959,2.1443299461052603,420.02122732996594,0.12409008872834204,synthetic_uncalibrated_model
1570,33.84999289889417,1.2476358190463939,3.2251713083121634,446.39183090275753,0.07258268821064051,synthetic_uncalibrated_model
1571,38.91204014927099,2.5983378174220406,0.4838677917140386,315.7731733255863,0.06120542009135979,synthetic_uncalibrated_model
1572,16.219864992774667,3.1596299810082495,3.6784311136478807,413.31438569582826,0.03580734979011646,synthetic_uncalibrated_model
1573,46.9416105531043,1.3474250303101434,5.9810847429597125,384.9621280258154,0.11100627606312874,synthetic_uncalibrated_model
1574,38.9957563427318,0.4750239736776726,4.373353203209569,460.4706219190043,0.03506722054057185,synthetic_uncalibrated_model
1575,26.14199807575179,4.338464967106368,0.6696589907310466,387.03720643167384,0.05135515140117486,synthetic_uncalibrated_model
1576,65.31093385012248,2.800677657160971,4.096194024195509,340.4329356911172,0.1784969350506378,synthetic_uncalibrated_model
1577,85.05378449801465,4.317996683893863,2.6695007405644358,346.6098367235548,0.19336866413385934,synthetic_uncalibrated_model
1578,21.62330988906811,0.484374782033289,5.186601081324112,455.1241985250873,0.032539806328908155,synthetic_uncalibrated_model
1579,34.975542616404844,5.507795827797914,4.468119245862772,329.70408403167875,0.13269829338720163,synthetic_uncalibrated_model
1580,72.16928061849366,1.3511881862990034,2.6497546586754344,371.67866734556577,0.13269535002753685,synthetic_uncalibrated_model
1581,60.208546411821445,5.641067555257035,3.4088880411065072,475.26186775638485,0.14271385885304355,synthetic_uncalibrated_model
1582,55.35662618492994,1.066168465435902,4.43794497467646,344.99251105671317,0.11557757823151632,synthetic_uncalibrated_model
1583,58.86150322518843,1.024079592715569,5.78574145129403,326.224758213969,0.1396405569106468,synthetic_uncalibrated_model
1584,15.636882071352572,5.524172853609309,2.8034691341414937,283.61400438790906,0.017087164503702693,synthetic_uncalibrated_model
1585,36.255076262773414,2.279506104338249,5.572364077799213,471.9386248934237,0.08614182386574043,synthetic_uncalibrated_model
1586,41.932581634195,0.39004791256771365,3.1422527443895887,455.5957150530769,0.03448353629295969,synthetic_uncalibrated_model
1587,23.417465300845908,5.749813483742766,1.5566020572061816,447.04535174865913,0.07052035191000816,synthetic_uncalibrated_model
1588,58.21292154807431,0.38170023821331744,3.910982842173109,358.87451807464834,0.07822505899453769,synthetic_uncalibrated_model
1589,57.101343963551884,0.49043888889236864,1.0125007327938589,372.84085634914254,0.048871763423996184,synthetic_uncalibrated_model
1590,19.311621904652547,2.8488592526262893,0.3527665276992521,421.4676780363678,0.013282304425067518,synthetic_uncalibrated_model
1591,43.954130209003765,0.49848189069588666,2.8995722136873163,331.3366096795737,0.048277282581692754,synthetic_uncalibrated_model
1592,83.99120145321105,0.7716694031083182,2.9579836730000753,297.5607046664322,0.13170317254504305,synthetic_uncalibrated_model
1593,43.01813153995985,1.7223504578423048,1.4924859955473566,329.13452528171314,0.09215368126787105,synthetic_uncalibrated_model
1594,63.1200763005162,3.261922172379192,2.676508983881383,431.38627425546815,0.1516042674467447,synthetic_uncalibrated_model
1595,8.181155338229836,5.1935437646005935,0.7155552807964253,486.42439354901427,0.0,synthetic_uncalibrated_model
1596,37.09967461482296,0.4300349838419488,1.6250178849650034,282.73236250095397,0.034725326836946346,synthetic_uncalibrated_model
1597,71.1162156336233,2.7428980284276907,3.209690857757945,393.18903208056093,0.17236906413862396,synthetic_uncalibrated_model
1598,21.802464998118367,3.0123567479710536,2.1142952601094795,427.7180232543973,0.0746531908581462,synthetic_uncalibrated_model
1599,53.729877475144626,3.241353143470222,3.4914097862058484,396.07934344688726,0.14962176080055622,synthetic_uncalibrated_model
1600,28.36335634863988,1.5819029967564828,2.9246791437390516,491.6466260951155,0.0554948051203521,synthetic_uncalibrated_model
1601,24.648059583927424,3.135382560742972,5.713408920471645,396.3266781719776,0.1168860183693548,synthetic_uncalibrated_model
1602,46.635699891113305,0.9481079532903797,1.3272201561357473,388.6701948430842,0.0682434799309134,synthetic_uncalibrated_model
1603,25.659938867794107,1.0363559466594394,1.8046991487537487,383.8147836349671,0.05867782209107697,synthetic_uncalibrated_model
1604,53.467228801867,4.348975326760411,5.7524217840066285,436.26171906743275,0.1700015365683729,synthetic_uncalibrated_model
1605,13.708738940821375,0.47087057131236276,5.141979996799205,318.36127229060986,0.0,synthetic_uncalibrated_model
1606,65.49028014823267,5.206290805378962,2.5428038889371822,320.9602296903716,0.16786246806365723,synthetic_uncalibrated_model
1607,38.94051023880445,4.690452850679135,4.236321825314061,491.48995190112316,0.08002873050231302,synthetic_uncalibrated_model
1608,47.26946468581236,5.442673756404991,4.463638925543758,409.5299126424071,0.1500703116501143,synthetic_uncalibrated_model
1609,73.65769357651486,1.7646841393627526,2.358803575906567,456.30212321554075,0.1324831830348031,synthetic_uncalibrated_model
1610,80.65135103900795,3.964801214873471,5.517689433540141,283.71610927340976,0.25583799563027654,synthetic_uncalibrated_model
1611,66.13057207461921,5.953685686924399,5.758454206673266,402.3283444100598,0.2217584973819018,synthetic_uncalibrated_model
1612,13.846895610204752,3.1497344480787466,3.457216223219401,281.1663517833772,0.0,synthetic_uncalibrated_model
1613,66.80988264571974,2.3063442526978015,1.902456776824098,487.982353345192,0.1077774707981427,synthetic_uncalibrated_model
1614,58.75851481679333,5.5481029251423255,4.208810649009395,286.6218672414959,0.1802105647059662,synthetic_uncalibrated_model
1615,43.61471623509213,5.062656451667235,5.568281437563868,338.7991569200315,0.14507253550328836,synthetic_uncalibrated_model
1616,19.058286734805073,1.4527718899315287,0.3445136270465973,333.29543077331954,0.0122709049541748,synthetic_uncalibrated_model
1617,5.768777546152958,3.2043186456722244,3.5060378494902804,393.45859724090394,0.0,synthetic_uncalibrated_model
1618,80.68254383266321,0.9893667527521688,1.2507376311390774,439.2504895590695,0.09230482264195439,synthetic_uncalibrated_model
1619,11.167681461589785,5.912964011933625,2.3639999521350803,482.95495902179067,0.0,synthetic_uncalibrated_model
1620,22.02163654940028,0.7388806251757228,0.883783167234887,319.706620207634,0.03126267467317331,synthetic_uncalibrated_model
1621,65.72075410088186,2.9306049384218604,1.1626704520142732,477.45971849823815,0.10426734365811113,synthetic_uncalibrated_model
1622,27.515442832535427,1.3027715992006508,0.570644546864762,338.0258166697761,0.04050551233190816,synthetic_uncalibrated_model
1623,67.88154832573194,4.429700502561012,2.701635134735698,402.56770164881004,0.16974261135263957,synthetic_uncalibrated_model
1624,24.49766404864813,2.1778601020573896,4.741966031443304,481.81420785054047,0.06851468403794253,synthetic_uncalibrated_model
1625,56.03081992196296,5.999528995172272,4.483833585611748,310.5143941026212,0.17730751349311935,synthetic_uncalibrated_model
1626,7.017650242045015,2.9591942562836056,4.98890076525675,413.7377289260408,0.0,synthetic_uncalibrated_model
1627,87.06175672111284,2.7870130404394877,1.6127588617282365,427.69710510951984,0.15061798808048665,synthetic_uncalibrated_model
1628,59.013611698406905,4.143643205345908,5.816850078603704,324.8234184746205,0.19663007585012293,synthetic_uncalibrated_model
1629,57.92304929500295,0.3929095880420367,3.1274798426030115,328.6457833845432,0.06907539569445376,synthetic_uncalibrated_model
1630,67.44327078447864,2.9398810652688203,0.47300725119360976,338.3182840141888,0.09291026580451622,synthetic_uncalibrated_model
1631,37.594212162445984,5.976953860477212,1.933230986296359,468.84623850421576,0.09756022498411515,synthetic_uncalibrated_model
1632,12.12802775046577,2.0689469551339488,1.9721638186444572,330.5961122317528,0.0,synthetic_uncalibrated_model
1633,54.06374651511009,3.287597916720516,2.1289191280176536,323.2817968132865,0.1379551803890019,synthetic_uncalibrated_model
1634,33.738903736378376,5.034066482925108,4.266434724182402,389.422990564319,0.12996982803180535,synthetic_uncalibrated_model
1635,83.19559423110358,0.36900502369168775,5.804212487128598,325.6264750512788,0.17928329987633296,synthetic_uncalibrated_model
1636,37.45068335741071,5.29873287684453,2.609177337276277,371.06369822679585,0.12835591962123383,synthetic_uncalibrated_model
1637,5.275552287481068,2.581457063390083,0.6950940912320256,364.3132659658353,0.0,synthetic_uncalibrated_model
1638,73.02822526512885,2.3051847130647922,4.686097760548822,367.7969197733256,0.19981125719299297,synthetic_uncalibrated_model
1639,89.04843878940726,0.43973314119769336,0.9413903599573277,429.5189109043323,0.0602763004234915,synthetic_uncalibrated_model
1640,62.535775582548695,2.0239059733923006,3.2990241834138123,358.25982711360007,0.14747695168809227,synthetic_uncalibrated_model
1641,40.68426631964992,0.6780583607319332,5.289039531422774,442.1263726802472,0.0517866016077011,synthetic_uncalibrated_model
1642,29.536765356933024,5.252563422947609,2.6053403459432145,403.1305796832324,0.11869241084758952,synthetic_uncalibrated_model
1643,54.85355449056235,4.145293523863525,1.9517686974794513,397.53968552679964,0.14080660785588983,synthetic_uncalibrated_model
1644,10.075023575924327,4.038483905070937,4.140450052819145,285.64180410677506,0.0,synthetic_uncalibrated_model
1645,48.3130462544321,2.317394927369959,4.884028061833589,342.4562571716414,0.13562767058005076,synthetic_uncalibrated_model
1646,28.95856529080281,0.6210649174527713,5.881879731350453,412.5603803060479,0.04758655154777444,synthetic_uncalibrated_model
1647,52.77382150201235,1.4186936470095284,3.097168091186548,451.1395374642959,0.10381685322992851,synthetic_uncalibrated_model
1648,42.19922898139972,2.659926815857619,5.456958701940902,280.94804732088676,0.12340215451466952,synthetic_uncalibrated_model
1649,54.36382464387314,2.319317002762723,5.923522767859005,488.86067134686766,0.13215480005428337,synthetic_uncalibrated_model
1650,5.061894255497818,0.9252014321805011,0.971068602317161,355.29414799543457,0.0,synthetic_uncalibrated_model
1651,51.03339025306212,0.8848820634115917,2.867258455756923,357.76156123271085,0.08342402947090061,synthetic_uncalibrated_model
1652,14.85492426698179,1.4683936452143203,1.316132883416626,457.4471543739975,0.0,synthetic_uncalibrated_model
1653,65.70964175257893,4.424009146807772,3.2012662973761983,424.09971078061636,0.17199433675092424,synthetic_uncalibrated_model
1654,44.835201732479355,0.18519904002349286,4.072352335694327,444.233707570123,0.02973175763819061,synthetic_uncalibrated_model
1655,14.238593149694651,2.8436248281305097,2.796480239078257,374.7768210404034,0.0,synthetic_uncalibrated_model
1656,51.29734729179134,4.463191461309913,4.305130200678062,284.69524825718537,0.15989612600629188,synthetic_uncalibrated_model
1657,80.32540646767009,1.6647388470473563,2.9409922357427485,448.54167431975986,0.15444185026642943,synthetic_uncalibrated_model
1658,41.7541816515823,1.3624222317282018,4.443194444678191,477.964394263704,0.0720114845473992,synthetic_uncalibrated_model
1659,68.97573875415551,2.46417371765581,4.1335000224978256,478.76344546450287,0.1591903246866806,synthetic_uncalibrated_model
1660,41.14941068276321,0.6980401126109722,4.216451183093909,296.20249340155823,0.056648326904209234,synthetic_uncalibrated_model
1661,33.10585946394994,1.5244409831925425,0.7480896545360799,389.3003772388314,0.05918447917877526,synthetic_uncalibrated_model
1662,86.9926966825878,3.5781891703634807,2.209277859616897,443.4966719348672,0.17032915267962911,synthetic_uncalibrated_model
1663,41.57180094788751,0.478076645679797,1.4273258233379513,354.5305366765966,0.03932483975130438,synthetic_uncalibrated_model
1664,7.789067072569292,3.6305525221683794,4.3524537451663035,417.3160815781867,0.0,synthetic_uncalibrated_model
1665,35.00042533924127,5.140231241204888,3.3940671053781264,349.77858672936225,0.13024036707853492,synthetic_uncalibrated_model
1666,57.351884393380345,2.3777289520285456,2.5835799068782785,321.5466456948735,0.1364360503971188,synthetic_uncalibrated_model
1667,71.6097792631904,3.187064421463275,3.954060473819381,434.72398690007174,0.1875822124701455,synthetic_uncalibrated_model
1668,21.44571499621581,5.207136960736691,3.5171557597459646,413.94770910208933,0.10177061814840321,synthetic_uncalibrated_model
1669,29.33299960434715,3.959067128738714,3.869552546390212,379.23324842937166,0.12364628572054442,synthetic_uncalibrated_model
1670,46.05440790597101,2.8110504161588024,4.9418693020656965,396.77700523933777,0.13535292146716216,synthetic_uncalibrated_model
1671,39.7341482576632,1.4347701231265275,0.2426858934530822,444.14674938357416,0.0314717622908435,synthetic_uncalibrated_model
1672,42.75697607335729,4.91323110810718,1.107651050388286,483.99098297716193,0.07866099896403927,synthetic_uncalibrated_model
1673,86.28763377591886,5.1475275678467645,5.041457060118678,372.58264726709024,0.26204284641142195,synthetic_uncalibrated_model
1674,20.43233685264984,4.379339197398279,4.0471780860659905,484.82361636512644,0.060280633606105194,synthetic_uncalibrated_model
1675,63.660913381118135,0.2589902995910014,3.6132379252284905,359.96901198002814,0.07701897085363885,synthetic_uncalibrated_model
1676,86.54566132180099,3.052169058339004,0.13288962315391592,425.36695614101086,0.046532222974018794,synthetic_uncalibrated_model
1677,8.619016585210794,3.59281534844262,4.248214631102502,353.1083015826564,0.0,synthetic_uncalibrated_model
1678,77.87439747751051,1.6749221272012296,4.901489755579472,466.2244585955498,0.19093920387459495,synthetic_uncalibrated_model
1679,46.260280506920246,3.3671241696881626,3.4927517658059233,475.10769517204267,0.10854340305057714,synthetic_uncalibrated_model
1680,54.422985069748144,1.562930596771655,1.786140498223227,479.47547655383937,0.08650968574307027,synthetic_uncalibrated_model
1681,79.739737192008,0.3572759460565197,0.2151845769498102,383.96959746919634,0.028321565598666804,synthetic_uncalibrated_model
1682,89.94289255545584,3.4568091116036825,5.464439358342075,357.04604702886627,0.2758793948224516,synthetic_uncalibrated_model
1683,33.64072335935903,5.2440681650664915,2.7127978811123445,460.2551412595304,0.10508734869627578,synthetic_uncalibrated_model
1684,87.19818028979819,1.996186195209037,1.2483213335192949,402.06713459209783,0.12975123629413843,synthetic_uncalibrated_model
1685,74.34060585147822,2.813247919206055,4.562363860265492,361.21048302387703,0.2080007270316968,synthetic_uncalibrated_model
1686,53.433090021347795,3.666362154149095,1.412791931228852,398.18952872294636,0.12761807311939166,synthetic_uncalibrated_model
1687,61.00006973131965,4.725663492015123,2.8857667787577217,330.15146084816615,0.16526202069024631,synthetic_uncalibrated_model
1688,63.6703910199806,3.0141189294608277,5.960477005391161,336.33839685653555,0.20574884434147256,synthetic_uncalibrated_model
1689,78.21706739676894,2.440863646104417,0.8397850108405535,314.25450728616636,0.11899693935717881,synthetic_uncalibrated_model
1690,35.77423398637721,4.254788235193072,5.366340764161543,432.9323399986293,0.12097940782382482,synthetic_uncalibrated_model
1691,46.455818815717514,1.2557390036344458,1.952634471776381,492.93830990892167,0.06360563345685394,synthetic_uncalibrated_model
1692,69.79133822713628,3.8935272785419115,4.387657181761789,353.71380432185225,0.20319911510010136,synthetic_uncalibrated_model
1693,8.518188880492179,0.9930993749192577,1.7456673101565392,456.09747611172816,0.0,synthetic_uncalibrated_model
1694,75.29942154512551,4.702824012278169,2.535255375726502,368.15453138368355,0.1788749101695547,synthetic_uncalibrated_model
1695,42.05508878201791,4.347273815458863,5.630361293415205,292.4039584199236,0.13729836201168788,synthetic_uncalibrated_model
1696,24.327220417959037,5.629082193339542,2.350739049298269,415.2055088725694,0.09970870685061872,synthetic_uncalibrated_model
1697,30.280895570930074,1.4383806301039714,3.167575356832807,379.29395793645125,0.0842071934353198,synthetic_uncalibrated_model
1698,14.095283428069571,3.2537029666335626,1.4718194264835267,426.0102014063566,0.0,synthetic_uncalibrated_model
1699,83.05281276685245,4.104120790712377,5.9170950435587955,438.3850628921954,0.26567146343207826,synthetic_uncalibrated_model
1700,45.60312099247077,4.734346297959434,4.502683319704821,441.43468990769827,0.13618691457456733,synthetic_uncalibrated_model
1701,28.20307069088859,1.5594825020225747,2.344871797941528,304.17260456683385,0.08256543841531655,synthetic_uncalibrated_model
1702,77.45701390390576,2.6426636644841874,3.5625510684045834,447.24050919312396,0.18178504409186247,synthetic_uncalibrated_model
1703,59.42535711073892,1.3026063617087509,4.079184412009535,433.49553290295216,0.1279574843405623,synthetic_uncalibrated_model
1704,47.341575732274606,0.8890816540719042,2.4434011994828366,283.8151369433418,0.07476985440724743,synthetic_uncalibrated_model
1705,23.517834368653823,4.562542709864068,0.6394554838933691,447.46890904739405,0.037392477522595946,synthetic_uncalibrated_model
1706,65.21024864514486,5.731275844621013,2.652419834942621,373.19592938238077,0.16983110098482634,synthetic_uncalibrated_model
1707,29.059400022496973,0.15654451223161153,5.817794400750408,454.8495975253077,0.012958619748559622,synthetic_uncalibrated_model
1708,12.257840590594622,2.6121471750903726,5.0170497441297535,454.8203828474867,0.0,synthetic_uncalibrated_model
1709,6.409972458358925,2.29861977187373,5.262523940155776,434.20969853776705,0.0,synthetic_uncalibrated_model
1710,11.501543240176673,3.139320183647203,2.935164871399891,334.0149816291142,0.0,synthetic_uncalibrated_model
1711,69.25632237760983,2.0473460392600917,4.690330096022384,488.3223000849843,0.15896171091877342,synthetic_uncalibrated_model
1712,68.35152476270682,4.48905623633118,0.9368959898906755,350.5025376214778,0.13155533760060867,synthetic_uncalibrated_model
1713,15.319754769576035,1.4620591193088592,5.167230687425323,370.64596584314097,0.014851730119342335,synthetic_uncalibrated_model
1714,64.65702231582256,4.655606527954003,4.543415862314075,430.54572365083186,0.19075066537782437,synthetic_uncalibrated_model
1715,77.12927699792583,5.32889551599419,3.340844041043193,321.98451014120457,0.2013974595890049,synthetic_uncalibrated_model
1716,33.834248476310364,0.2089620056954462,2.4557973921238747,482.75645693035847,0.014772169048268405,synthetic_uncalibrated_model
1717,77.26559364774512,3.6959412780934624,2.055122631599477,378.47539142590773,0.16540325514173448,synthetic_uncalibrated_model
1718,36.803656786009235,3.049495645727653,5.360123054779885,461.67724245607974,0.10073492780900728,synthetic_uncalibrated_model
1719,82.75702772010447,2.036905121854056,5.648999158561516,468.3584185183762,0.22819509325523812,synthetic_uncalibrated_model
1720,28.842689024512413,3.1714971060128865,4.1672004709827295,359.287987913076,0.11889604550204441,synthetic_uncalibrated_model
1721,79.70833216288145,2.982361684893305,2.448727783730963,363.3988886744774,0.1716601963183909,synthetic_uncalibrated_model
1722,83.53351265434739,4.050193765072516,5.394123087128211,366.40361540648973,0.26070570641557733,synthetic_uncalibrated_model
1723,21.57948757382923,2.960390862170637,0.7998263977965501,305.23748582127143,0.0398767375461595,synthetic_uncalibrated_model
1724,44.430240702565655,2.015751537814637,2.8777219334322526,310.6180556066741,0.11073852577125198,synthetic_uncalibrated_model
1725,76.56601452250074,2.5436499319516317,3.682786835055053,299.2114801433533,0.1900657550908148,synthetic_uncalibrated_model
1726,51.370703022716036,0.6649118879841399,3.214575781634484,393.6089211741874,0.07457894266398912,synthetic_uncalibrated_model
1727,77.79811427883097,1.4649939130610052,4.202708047253096,492.1795379382904,0.15786804885041517,synthetic_uncalibrated_model
1728,21.110434227242724,1.378035826162472,3.747528463190922,340.96805079764533,0.0734231924052674,synthetic_uncalibrated_model
1729,7.296217689844955,1.5351671044919288,2.477745675403706,310.31474484494,0.0,synthetic_uncalibrated_model
1730,7.993444851827487,4.669344016990149,5.162505191755948,438.52736365988665,0.0,synthetic_uncalibrated_model
1731,18.06680243228773,2.3208990931531783,2.8335602898704506,453.27620357883836,0.04753843044698117,synthetic_uncalibrated_model
1732,24.70794374728887,2.1900998339677935,4.318670722484675,430.29807723651226,0.09588494072438758,synthetic_uncalibrated_model
1733,38.274223198253516,2.704733512379835,5.456030431668703,386.5782508084982,0.11539666622273553,synthetic_uncalibrated_model
1734,10.003180786348384,0.380072150872371,2.9274657451613444,369.19932089951703,0.0,synthetic_uncalibrated_model
1735,80.06586947916632,5.061568593675523,4.081997935376598,328.36151179194735,0.22358739006498252,synthetic_uncalibrated_model
1736,52.617792117137775,5.0064292032231394,3.1627517441857935,285.8161264964154,0.15504825595656624,synthetic_uncalibrated_model
1737,33.93413052617359,4.415685275339414,3.8384978473147666,292.57012795803485,0.12869701043686577,synthetic_uncalibrated_model
1738,61.81637417525068,4.032903184091332,4.626237825531978,336.8542508568335,0.18844302213540065,synthetic_uncalibrated_model
1739,82.31579645682402,4.923206733161378,3.7466425753628627,394.14062321883915,0.2180614028155321,synthetic_uncalibrated_model
1740,19.850994298079755,3.2067537423689108,3.309887525408454,474.2511918041739,0.059537744176859586,synthetic_uncalibrated_model
1741,32.494347816819314,3.5432537671213655,1.5699039809995419,395.8989005471047,0.10243335999297182,synthetic_uncalibrated_model
1742,11.420703309482034,0.7272101030405862,4.575741134161146,295.12706411509635,0.0,synthetic_uncalibrated_model
1743,60.11202525402554,4.849166944010467,4.087741410306538,303.9536204123646,0.18020548019091964,synthetic_uncalibrated_model
1744,75.72637683272717,4.083945099472798,1.59979550432761,362.13985943994766,0.15566539986601458,synthetic_uncalibrated_model
1745,44.90665303550723,3.716968525908348,1.0330031682896805,341.081880149446,0.10771143746106537,synthetic_uncalibrated_model
1746,37.36647151311248,2.9237763017970964,2.4916926997311446,393.43457041664146,0.11408331481220524,synthetic_uncalibrated_model
1747,6.805312390445311,4.828847459061008,2.931700474101456,434.8347940556405,0.0,synthetic_uncalibrated_model
1748,63.377175001470796,5.7514990398475225,1.0408931491066502,438.07997348987703,0.12644625253764796,synthetic_uncalibrated_model
1749,6.748664510893507,1.869724323185039,5.645850397845786,394.5792844370775,0.0,synthetic_uncalibrated_model
1750,87.97163870295668,5.455659353386163,0.7271650111114502,433.3163363343282,0.1295836795404649,synthetic_uncalibrated_model
1751,7.451009810206115,2.31184537983492,4.3480985676009345,475.61234223649956,0.0,synthetic_uncalibrated_model
1752,47.064182215508104,5.528218524001791,1.803922287555294,402.35477552173836,0.13255385172240974,synthetic_uncalibrated_model
1753,62.0262530273942,4.98490305594352,4.912125007396207,474.43533656221683,0.167880881100117,synthetic_uncalibrated_model
1754,27.466447499925934,0.30738257514283285,4.7957619821738495,406.7818012349171,0.02625660681899246,synthetic_uncalibrated_model
1755,87.28176989301326,2.1627244473005933,4.307009299185423,344.2123547844674,0.22034916348315126,synthetic_uncalibrated_model
1756,28.17784698645195,3.1673630753295043,4.123696718888089,348.1456949300697,0.11839216187067947,synthetic_uncalibrated_model
1757,84.42577399241875,4.932786087100828,2.6049058504718756,323.60098500235654,0.19300800868959478,synthetic_uncalibrated_model
1758,62.08426680593688,1.5877854178227786,0.5318896491320437,351.6704832128954,0.07824934532486261,synthetic_uncalibrated_model
1759,85.5569509220794,5.1505231112077094,5.0264322672645765,450.2676149171584,0.2475440665169799,synthetic_uncalibrated_model
1760,65.27072389057199,3.6719812893499175,4.59545819096785,305.1242564722076,0.19466033942530736,synthetic_uncalibrated_model
1761,80.78692227519733,3.853814004714275,2.597154950826387,360.8174623683981,0.1836759810979698,synthetic_uncalibrated_model
1762,35.6815549561787,5.63659156256356,4.872172849495906,444.4510086167467,0.11953219902206602,synthetic_uncalibrated_model
1763,5.179107146487906,0.23910320113119363,3.8002837212558163,335.2479928071559,0.0,synthetic_uncalibrated_model
1764,32.7690863986307,2.0919120776590345,0.7559946949438783,291.31116695059245,0.06576230881719491,synthetic_uncalibrated_model
1765,41.29162704547852,0.41831719155999747,2.193991033815774,408.84921817105624,0.03622183861875006,synthetic_uncalibrated_model
1766,79.20116569334468,1.5190966215457458,5.490491664297076,453.6502870076723,0.2083100298087659,synthetic_uncalibrated_model
1767,38.13200773670077,1.6013486259151146,4.711297481406152,289.38775630207647,0.09256476038266592,synthetic_uncalibrated_model
1768,72.83183483570684,1.1809995131232798,1.56232903364694,493.58359404258255,0.0856202541304047,synthetic_uncalibrated_model
1769,79.88907274644167,3.7370943731512076,4.811479024668582,494.7386973731328,0.19299577658754297,synthetic_uncalibrated_model
1770,47.31719508434654,3.748840460995138,1.1964623989891994,344.17338925608226,0.11674192649432286,synthetic_uncalibrated_model
1771,33.749079711406594,0.8018396426041356,2.15729991548501,363.45221084435553,0.05689553226908059,synthetic_uncalibrated_model
1772,37.6183117314551,3.017837908787819,2.0150803021400816,434.11957232315575,0.1062902789124931,synthetic_uncalibrated_model
1773,77.42770000468819,4.54405827589271,0.6449489042721113,365.3862383680548,0.12162466357059387,synthetic_uncalibrated_model
1774,21.404857216208626,1.2172902657086537,2.5080600399757453,394.7797231495888,0.060697756481923354,synthetic_uncalibrated_model
1775,77.085240657349,0.10539280127453217,1.8377748477223868,349.44489590101017,0.05090420128589088,synthetic_uncalibrated_model
1776,5.471681111884676,2.975033168947527,3.427909090420745,458.39721638113156,0.0,synthetic_uncalibrated_model
1777,68.12043803663053,3.258650079555037,0.1418330744596349,392.11704923378284,0.042186495989277095,synthetic_uncalibrated_model
1778,14.448797696250335,1.0038244732313748,5.0366312143161345,347.9499014621825,0.0,synthetic_uncalibrated_model
1779,19.248649805613816,1.7727853639301367,5.845542886679975,305.6925273168028,0.08516753948754513,synthetic_uncalibrated_model
1780,52.57594525670215,2.9304345675203938,3.597427340228591,453.17112862792516,0.1336825696880639,synthetic_uncalibrated_model
1781,72.66608371416518,1.0967805741811587,3.029377184257841,490.7370737985789,0.11464941113300692,synthetic_uncalibrated_model
1782,40.758701900091594,1.280713594122843,2.1764506377739536,474.34413350176584,0.06577472180281413,synthetic_uncalibrated_model
1783,42.89035894966903,2.70945022774041,0.20470568392811683,328.0349388800561,0.03624584960945493,synthetic_uncalibrated_model
1784,41.79039126021603,1.0258610557307872,5.2096198438471335,442.8968824801418,0.07257460588555598,synthetic_uncalibrated_model
1785,34.77029501042715,3.384593262631752,5.873580013801725,363.13943509294245,0.12349293285576296,synthetic_uncalibrated_model
1786,56.17738778642562,3.8613595125545253,2.1953364653141385,341.83397543273617,0.14555020722075485,synthetic_uncalibrated_model
1787,12.60085317296046,1.6115856303133793,3.2234875393254168,422.50936651182667,0.0,synthetic_uncalibrated_model
1788,25.357681374110115,2.6213590189768157,4.618903458143701,372.7188134233864,0.11047780266869067,synthetic_uncalibrated_model
1789,22.974183663532013,3.833659253739706,4.593862502215815,413.6776364453108,0.11303225513508947,synthetic_uncalibrated_model
1790,39.20780275746697,1.6391721579904714,3.9091144375272893,333.5606520015657,0.09353701090487587,synthetic_uncalibrated_model
1791,12.472120182909133,1.3799407340408518,4.457706102878734,359.1056406686218,0.0,synthetic_uncalibrated_model
1792,44.521377706129115,2.529973474563256,2.9181952811655067,464.19922509252746,0.10320883692486615,synthetic_uncalibrated_model
1793,41.21764822911592,2.1862470800141063,4.386202504704003,480.77117656295,0.08345483086783989,synthetic_uncalibrated_model
1794,69.01737883318897,3.967592515171935,4.330653865811997,463.5128123789361,0.1819872614459157,synthetic_uncalibrated_model
1795,84.51611267092443,5.47361453707696,0.9575022836487521,479.5169672636756,0.11560511518317906,synthetic_uncalibrated_model
1796,14.876533208726283,3.4440975363658644,3.1533355773761134,451.37414926697596,0.0,synthetic_uncalibrated_model
1797,31.22708706887404,0.12497872157965594,0.4074933782943978,346.5333032505359,0.009132758498587884,synthetic_uncalibrated_model
1798,7.727764084250237,1.4460920468021763,5.707886657311099,455.90568443865845,0.0,synthetic_uncalibrated_model
1799,76.55002270672286,5.415352761346299,4.113462328628936,463.7079194873131,0.19744461974652727,synthetic_uncalibrated_model
1800,42.40800400970285,2.996208725987978,0.5292399235936395,489.8495886053662,0.04960481746727324,synthetic_uncalibrated_model
1801,67.18101733502155,0.537311098905969,2.06828412205831,313.6745810675046,0.07691969602813004,synthetic_uncalibrated_model
1802,11.844540934765675,4.034356000108085,3.5562904921374185,314.86983484837793,0.0,synthetic_uncalibrated_model
1803,65.49902511506644,1.1203983226346979,3.5097631670763185,281.01684133710415,0.1286707212158359,synthetic_uncalibrated_model
1804,30.635076812085778,5.592768070017479,5.478168099379123,415.12621022460274,0.1282332761072419,synthetic_uncalibrated_model
1805,71.83760315907867,2.245954826393006,2.248366622332439,464.7583403836669,0.13335165850235242,synthetic_uncalibrated_model
1806,42.02855485883285,5.3804638765313,4.334824548613811,403.78656155924364,0.13590092900676976,synthetic_uncalibrated_model
1807,81.88200486413152,5.752262425261982,0.37612605513338826,367.5906117922545,0.09850016544321677,synthetic_uncalibrated_model
1808,63.49567250122133,4.373216373989663,5.420074582890025,428.14647754870356,0.20075826538412822,synthetic_uncalibrated_model
1809,13.729006596421348,3.590699895316833,2.2441054312988653,473.31390894136337,0.0,synthetic_uncalibrated_model
1810,63.84073033421424,3.3232640720546667,2.024841024214514,286.18642231753785,0.14831667362143575,synthetic_uncalibrated_model
1811,78.80503846293337,2.868524300852196,5.706326496194524,391.06364013004725,0.24531863679293853,synthetic_uncalibrated_model
1812,28.4541322633952,4.159705661049398,1.4172228059919274,356.6716146266974,0.09227444360702064,synthetic_uncalibrated_model
1813,21.355581067593626,2.653001916637078,1.5540594567109822,332.7952272511019,0.062053082137755844,synthetic_uncalibrated_model
1814,40.165257386735966,5.259751600289046,4.031347840160368,414.9728491515692,0.12880355484836314,synthetic_uncalibrated_model
1815,7.49264176172294,5.301641275242645,3.049212539831968,369.37379658145994,0.0,synthetic_uncalibrated_model
1816,11.753465205680452,4.716498516749374,4.636892032260288,329.16543942476596,0.0,synthetic_uncalibrated_model
1817,31.58505917672608,5.539987550229533,1.7149233055861788,287.52391615666795,0.11099775028668712,synthetic_uncalibrated_model
1818,27.805959782754183,0.10253598040948733,2.3921415557701557,397.26403675061584,0.009395395702133116,synthetic_uncalibrated_model
1819,39.75137806829383,1.4213684442833596,3.945065494179093,412.03546130577337,0.08482444206244771,synthetic_uncalibrated_model
1820,20.673562996494546,0.5435286529032854,3.6446695126788216,410.29560547548897,0.03856529686289306,synthetic_uncalibrated_model
1821,78.77459452980062,3.974880395111015,4.204075993068696,337.0347465616824,0.21975306538698203,synthetic_uncalibrated_model
1822,59.66947922975021,3.2326648777602713,0.5143131188399421,309.74151365213373,0.09193244166340891,synthetic_uncalibrated_model
1823,40.987436735003314,0.8718622404157315,4.03000184152959,321.68055253270734,0.06562533425928474,synthetic_uncalibrated_model
1824,14.635400478619005,2.31094544004269,2.3255966035005913,302.4703424001241,0.0,synthetic_uncalibrated_model
1825,81.7520052653158,3.762062454681789,0.11313809532475866,473.1189042992819,0.033819388869871875,synthetic_uncalibrated_model
1826,34.58125919774437,4.138313125084134,4.778411062154466,479.27901478810446,0.09059589029060644,synthetic_uncalibrated_model
1827,43.782777100046495,3.4225029387058843,5.7848187854518835,361.03476343401877,0.13804867011550281,synthetic_uncalibrated_model
1828,51.91181320661596,0.2071420278927597,5.604873734096185,456.2700310970963,0.06237225058469409,synthetic_uncalibrated_model
1829,20.483667910548554,3.1695976775795516,4.9291001844333815,331.007826089669,0.10521710313818422,synthetic_uncalibrated_model
1830,23.13622168539767,0.3635455507593752,3.1012895498597883,343.22152020409516,0.029593730919793712,synthetic_uncalibrated_model
1831,57.71554926118429,2.922739089460123,4.67341028469029,466.13908038605564,0.15082777754674892,synthetic_uncalibrated_model
1832,19.043328275576698,5.001168094691437,3.156287083730663,461.71024401136617,0.06249226299903657,synthetic_uncalibrated_model
1833,55.39899908901721,2.755204585720089,3.905054839239971,391.56289528516794,0.15224293434612735,synthetic_uncalibrated_model
1834,14.345800204126995,3.916435379357261,4.019218837031697,356.38222127299133,0.0,synthetic_uncalibrated_model
1835,26.010380997606664,2.8940229949852365,1.2640430252290726,332.6875056411067,0.07500761357744895,synthetic_uncalibrated_model
1836,17.091870962408933,0.7603839629963153,3.5954333729046257,483.6999800937052,0.018742029484954265,synthetic_uncalibrated_model
1837,34.73206374964646,5.400593874453978,0.6185016017046291,394.9866498427049,0.06940658448971304,synthetic_uncalibrated_model
1838,28.637451061110323,3.1039075003694614,1.590140413882046,416.4051388562873,0.09060961683808305,synthetic_uncalibrated_model
1839,75.74945905458775,0.31442054909476425,2.780241902778528,459.52043494474464,0.08502570232329598,synthetic_uncalibrated_model
1840,57.30573230688727,5.650306751469762,1.3345964482228165,495.6051899487057,0.09002717414926215,synthetic_uncalibrated_model
1841,38.3860699082734,3.8363428529322245,0.2524414796037071,382.1698298944941,0.03878680953382732,synthetic_uncalibrated_model
1842,25.172686610691677,0.12315426066419612,2.6015968083112098,355.31130978926683,0.011238770166240926,synthetic_uncalibrated_model
1843,75.93979979968826,0.21548963088250628,0.6120030877514546,445.7978280008908,0.030506194262822334,synthetic_uncalibrated_model
1844,38.24298494583955,5.432532325932535,0.8916229894817026,366.50949352004943,0.0940566835292026,synthetic_uncalibrated_model
1845,76.7113560150866,1.4289707731865955,5.216485478202007,416.20756957782504,0.1977356076472223,synthetic_uncalibrated_model
1846,52.851533151995234,0.6879983047018206,3.2134175986330797,314.9589164827267,0.07913401350861504,synthetic_uncalibrated_model
1847,14.545183322356895,1.1655949749377816,5.396084281408083,294.23263504235683,0.0,synthetic_uncalibrated_model
1848,80.88540827740268,5.71949314410937,4.729749253230259,404.077731473987,0.24044048421067488,synthetic_uncalibrated_model
1849,63.24264094414681,3.874906117924114,3.3135988332508726,468.1080920656243,0.14952639124272227,synthetic_uncalibrated_model
1850,68.17854616043039,2.7485832149773275,0.6685069086494086,299.5231005476703,0.10727323232740482,synthetic_uncalibrated_model
1851,82.62180736128364,0.5652390859372035,5.121396371947484,343.72396646132387,0.17307800516248117,synthetic_uncalibrated_model
1852,8.806133190728815,5.234827226638392,4.725558246007098,368.1000492689404,0.0,synthetic_uncalibrated_model
1853,64.28635536432144,3.256564827442302,5.8204386369391,439.5303161624985,0.2003681147713523,synthetic_uncalibrated_model
1854,45.856318908640624,1.2309135631588972,1.1350042142765933,339.9899328134162,0.07608829459768957,synthetic_uncalibrated_model
1855,55.8608452627372,4.9798908578426095,0.5951005299889371,426.711618828862,0.09621443552788395,synthetic_uncalibrated_model
1856,84.00789945024212,3.516430253217306,5.733531092385853,486.7784338806178,0.23405942860124074,synthetic_uncalibrated_model
1857,83.07716134588468,5.997221496930751,5.7164766128430236,334.58922470108257,0.27334387877345945,synthetic_uncalibrated_model
1858,34.14164626349432,2.2604512174810645,1.209116940425492,475.1622283367775,0.06742430198323601,synthetic_uncalibrated_model
1859,57.29306418243683,3.2684299950890416,2.6794872845502784,311.42539153346587,0.14873756333204702,synthetic_uncalibrated_model
1860,53.16777227541121,2.6051680266586104,0.44899602749984313,346.4321543397454,0.07592592200074233,synthetic_uncalibrated_model
1861,23.073947453313735,5.60582081582975,2.756667645749675,395.5660953753306,0.1030001582318899,synthetic_uncalibrated_model
1862,20.139116609705315,2.7727329146995596,0.6945518613322255,414.04562581674327,0.02843251770833566,synthetic_uncalibrated_model
1863,48.694930880823634,4.728672178643437,3.9748194987022707,334.64881186179343,0.15208301371237942,synthetic_uncalibrated_model
1864,58.919153092697464,2.2580416732167645,0.38360114796979483,404.2520294368013,0.07122188988797712,synthetic_uncalibrated_model
1865,26.44751479218222,5.6966852191017425,4.896575522480216,493.3448809907128,0.06943245772876872,synthetic_uncalibrated_model
1866,53.02099935236477,3.123456898596255,0.6600206371110731,349.65340753949806,0.09594051346802562,synthetic_uncalibrated_model
1867,74.35756570215607,4.846794757727354,0.6715951492642943,357.890851169392,0.12223407260815505,synthetic_uncalibrated_model
1868,66.35619009665442,4.462397691511199,1.3626989480050316,409.8987539928181,0.14142937968398783,synthetic_uncalibrated_model
1869,32.258102512243546,2.6549267466758524,4.7001208787545865,403.2178139226153,0.1129265283369199,synthetic_uncalibrated_model
1870,30.825745605077945,3.0414778613717064,2.7049448853559266,307.9421045399126,0.11312869314535268,synthetic_uncalibrated_model
1871,66.73096795377903,5.20374427744354,5.400400513301609,288.16301245269494,0.2182501859646505,synthetic_uncalibrated_model
1872,20.643637216755344,5.829998107430984,2.9780547681671976,304.2773449842549,0.09312546113188996,synthetic_uncalibrated_model
1873,9.113820905173911,0.4700346786703774,1.3129873588339935,405.2676682714066,0.0,synthetic_uncalibrated_model
1874,64.82098613676533,4.795077285234455,4.719945219698865,487.86003635140423,0.16037376495906064,synthetic_uncalibrated_model
1875,39.31332251525183,5.58698214524995,4.53193102302388,327.72518702974475,0.13323695216897136,synthetic_uncalibrated_model
1876,59.462825912846505,5.608584024488633,4.101564873805255,342.9573680125584,0.18053286188781137,synthetic_uncalibrated_model
1877,72.49320579450206,1.2860733691451356,3.6339456051051937,334.4336085689978,0.15084203330498758,synthetic_uncalibrated_model
1878,54.8034556042915,1.5091748172050612,2.505926175019345,314.83087263679226,0.11132228211841899,synthetic_uncalibrated_model
1879,80.99634205408711,1.607161284878842,3.7956201851852165,428.5633953228048,0.17832024759918363,synthetic_uncalibrated_model
1880,52.27172149903508,1.1610899390274205,4.050433002583333,310.0154512582295,0.10813776195548075,synthetic_uncalibrated_model
1881,42.66086598973488,3.954258240474415,5.906688225414184,318.2544718444801,0.13803776225891407,synthetic_uncalibrated_model
1882,84.36827397124996,1.9089314087276985,4.703453525519562,489.84395301546624,0.1939451024327452,synthetic_uncalibrated_model
1883,24.18743683195155,3.5411209227645033,4.511555555000233,345.5831207731057,0.11788137235356477,synthetic_uncalibrated_model
1884,49.087368678631144,4.535338475714031,4.725033528056449,328.54028873727293,0.15712392112492812,synthetic_uncalibrated_model
1885,83.85853114067719,4.181625254835959,2.259710547813026,355.1965947530723,0.18043708714009243,synthetic_uncalibrated_model
1886,65.4390095314238,3.4485591940672733,1.319277710964327,499.45995600980154,0.09119270699630189,synthetic_uncalibrated_model
1887,30.792345840015166,5.338832443964891,2.053389443543644,498.6748823988384,0.0623675166800404,synthetic_uncalibrated_model
1888,54.34195360594818,2.9791003778385448,1.1649340449348558,347.78752513323906,0.11842759201637354,synthetic_uncalibrated_model
1889,60.484514935854634,4.335840527650054,5.2799951122366595,467.8865862598891,0.17217008229792707,synthetic_uncalibrated_model
1890,41.44221359663561,1.753191013225772,5.684372596643355,299.8494141929102,0.1025408774294338,synthetic_uncalibrated_model
1891,6.093715817007569,3.408834274088333,2.0819784799422263,459.2530630607129,0.0,synthetic_uncalibrated_model
1892,76.90746449802525,2.1843353625087514,2.426797907584019,385.54468187242554,0.1557088365983531,synthetic_uncalibrated_model
1893,87.81947484025314,4.852900453554351,3.353918111153753,370.2353856372358,0.21768247668277307,synthetic_uncalibrated_model
1894,20.088688537427938,3.5742759985151706,2.894407474941965,341.9090006619376,0.08333029643564516,synthetic_uncalibrated_model
1895,23.007330144732123,4.565552514542058,2.257532505376147,309.60597097612447,0.09362074934972592,synthetic_uncalibrated_model
1896,44.16818137829609,0.7807796358761501,1.7735693978041442,455.7423115021213,0.05626041278041624,synthetic_uncalibrated_model
1897,77.47374784661173,2.7223895617255494,3.194948815287192,310.0831884251126,0.18311928448448522,synthetic_uncalibrated_model
1898,53.14824186921479,0.22414892672085635,0.11927842505115281,290.1573851444841,0.01218463792238935,synthetic_uncalibrated_model
1899,35.914199545500395,3.828258821729135,1.3583529683398166,319.33789068899335,0.10515951315326755,synthetic_uncalibrated_model
1900,21.22806567259471,3.9733377206528364,2.1518739130378037,318.10394288098723,0.07947575992134376,synthetic_uncalibrated_model
1901,42.37639835195882,4.370894714183635,2.7219009311436784,364.6986473191526,0.13158193803948504,synthetic_uncalibrated_model
1902,29.48060928285663,4.444484932176384,3.8958658984901082,455.5411886534118,0.10703600036820327,synthetic_uncalibrated_model
1903,11.253229132180227,0.429260240060344,4.02170919829345,388.7211999152173,0.0,synthetic_uncalibrated_model
1904,19.956061688281242,4.859633665027115,4.234427580496044,412.19096623104014,0.09877452323702346,synthetic_uncalibrated_model
1905,46.123732842966284,2.724834680987709,3.823357350977609,469.0550845751051,0.10965917565853411,synthetic_uncalibrated_model
1906,48.92322422768195,0.5334897870897227,3.630568500952968,417.02187083049023,0.06371642488984974,synthetic_uncalibrated_model
1907,22.430625155244215,5.377967275595907,4.479613682219939,459.4105391026752,0.0947908008802682,synthetic_uncalibrated_model
1908,58.95742452407462,3.6512685181948834,3.0008578296162893,490.5467365004133,0.11797829611571836,synthetic_uncalibrated_model
1909,24.039980876405913,3.6291258619190594,0.15247107689391654,302.96825033926285,0.011953246946257615,synthetic_uncalibrated_model
1910,5.103118073376007,5.459961333358901,0.22916742570823673,453.55589574504654,0.0,synthetic_uncalibrated_model
1911,18.84789790962415,0.9581303929072081,2.171246023611299,335.8386962687237,0.04196639836392754,synthetic_uncalibrated_model
1912,86.02979586519136,4.140837033019203,3.020010567205959,459.49000537308933,0.18724989338893983,synthetic_uncalibrated_model
1913,11.96169442360083,1.138491311218362,4.158822238926927,392.2686553825266,0.0,synthetic_uncalibrated_model
1914,79.06800809149377,1.0438035189613366,4.462856423643205,370.7418877831926,0.17297890334461774,synthetic_uncalibrated_model
1915,59.13307367792292,4.938415583703347,2.4123879364679093,490.5503553564192,0.1127430581953266,synthetic_uncalibrated_model
1916,54.13760869728376,3.9611425409396266,0.7730096472557069,296.03981232906085,0.10835556320616807,synthetic_uncalibrated_model
1917,61.079403510211655,4.777778553999755,4.068395414181058,383.38421583036757,0.18116394585785334,synthetic_uncalibrated_model
1918,37.83093148459398,3.143049494964004,4.172861045287689,446.9589129847627,0.10915791184500317,synthetic_uncalibrated_model
1919,73.4136825789302,1.1587681692110832,5.954033746457304,493.23387716746913,0.17683816361139648,synthetic_uncalibrated_model
1920,33.22272017489311,1.2283320750582112,2.5149499647399285,291.5021578470876,0.07656520926242472,synthetic_uncalibrated_model
1921,66.48754311166599,4.059979740267624,2.251285647572548,299.13864540870156,0.16016227582366138,synthetic_uncalibrated_model
1922,36.099415548043424,2.0786194148906705,2.2418732589839885,373.1120034973891,0.09996239031104887,synthetic_uncalibrated_model
1923,11.113352024753262,4.959685969848383,3.244101756026884,466.7752659405036,0.0,synthetic_uncalibrated_model
1924,66.46069077816995,0.16650427581464794,3.186680377897838,497.5519819608773,0.06505178962959363,synthetic_uncalibrated_model
1925,55.90121977494951,2.19938559089384,1.0455664011882309,349.5748765891026,0.10656667130948405,synthetic_uncalibrated_model
1926,86.08976291002973,1.75431984847601,4.403743256729766,363.54934976148877,0.21116712084690914,synthetic_uncalibrated_model
1927,54.65168271897632,1.5509936099810888,4.6007164433182055,452.63880489179303,0.12556533073341813,synthetic_uncalibrated_model
1928,56.53901139443878,1.7489523803904918,3.0553674893940785,409.17237237560545,0.12555622710472447,synthetic_uncalibrated_model
1929,19.141627661401103,0.5136469245080538,5.681997617414496,372.62785310483537,0.03878932740036961,synthetic_uncalibrated_model
1930,63.22591058833318,0.6302747660606799,0.7524328593503745,494.1240651856581,0.04442316891341819,synthetic_uncalibrated_model
1931,30.75614934396908,4.97384771912703,5.043384896172493,456.96325466550877,0.10952821914971755,synthetic_uncalibrated_model
1932,23.78881774840133,0.6917976045274907,3.546004853899324,326.75869247439846,0.05028491298471427,synthetic_uncalibrated_model
1933,9.16420334287848,4.53473597159788,1.2713238166707632,316.5021317703999,0.0,synthetic_uncalibrated_model
1934,26.566706362896355,2.8073735118074805,3.8507465780267016,349.1023165735994,0.11199114085108858,synthetic_uncalibrated_model
1935,74.11422034636779,3.1631344558248022,2.0606894955812223,298.69619450761974,0.15855151967613823,synthetic_uncalibrated_model
1936,8.76052827456227,1.5424710905217178,4.8223890247150205,427.1870567561945,0.0,synthetic_uncalibrated_model
1937,56.39661484980533,4.195412622951104,4.870909325134799,498.1594756406494,0.1267492380571309,synthetic_uncalibrated_model
1938,79.37701671198928,0.4084698430001097,0.5488026191581673,486.3623095594579,0.03807739558763501,synthetic_uncalibrated_model
1939,23.155459640021,1.2998376170167647,4.168712789484618,345.44326273102,0.07705150908334168,synthetic_uncalibrated_model
1940,88.95510922308708,3.6075297364187846,1.9822747093868593,409.0522785774926,0.17257574485315452,synthetic_uncalibrated_model
1941,45.20411124339201,2.381635059349166,5.599952981784938,327.51390544768543,0.1299820537537668,synthetic_uncalibrated_model
1942,47.1061746658326,0.2531300381350402,4.854783186466068,308.3543998735539,0.04614570574166055,synthetic_uncalibrated_model
1943,35.026246511452996,2.3356151193033785,5.43292580466475,427.03757975546785,0.10524526702699044,synthetic_uncalibrated_model
1944,78.47850560824223,0.1131458802480539,1.2664577197330906,478.5313795342713,0.03835992158914017,synthetic_uncalibrated_model
1945,44.744901716130045,0.6815091623720101,4.743218018322923,487.7956402240942,0.055603863640797446,synthetic_uncalibrated_model
1946,20.51459740701081,3.92583147144779,4.482229122459848,285.5941759947847,0.10638637263397899,synthetic_uncalibrated_model
1947,82.28980689365852,2.374094156621413,5.326292482628336,417.0971374630435,0.23710842607685634,synthetic_uncalibrated_model
1948,8.150626915578833,5.221573892492982,3.65550645573921,419.770074949104,0.0,synthetic_uncalibrated_model
1949,58.90852691219465,5.17625283586373,0.38465836144244614,343.8477416801913,0.08104920132554433,synthetic_uncalibrated_model
1950,87.77549189338048,2.72042367898609,0.5056910227069581,476.6097783725255,0.08828454900811761,synthetic_uncalibrated_model
1951,70.79981941284107,4.4332646637402595,2.7751933356678324,395.94368321416755,0.17578252742633427,synthetic_uncalibrated_model
1952,33.99161822564537,4.932597509131736,3.6663124110572958,280.61290694654707,0.1301313767493767,synthetic_uncalibrated_model
1953,77.51352060955222,3.87644554940476,3.1284255323555525,317.3657116761842,0.1919816002871847,synthetic_uncalibrated_model
1954,68.07443906594779,5.621657706714157,1.8703272540244003,437.18743815693244,0.1511842398503016,synthetic_uncalibrated_model
1955,80.35764200111741,3.512985734481756,3.2814517641909338,443.0528139382389,0.18909827933388423,synthetic_uncalibrated_model
1956,24.216560299963795,1.1555370046547757,1.7366302187315092,406.4813844663026,0.057949499914649705,synthetic_uncalibrated_model
1957,55.12002689016218,3.8693369634244053,4.363719183544997,294.357686209852,0.16726484399799701,synthetic_uncalibrated_model
1958,60.94539549543153,4.634914613035935,0.37425259704579805,418.9320653871405,0.07887268349090565,synthetic_uncalibrated_model
1959,25.974813828171552,2.034902175631759,3.7921938398192374,284.6015660920973,0.09896557256070565,synthetic_uncalibrated_model
1960,89.33850602919401,0.762210429543105,0.4816132323942258,339.85547584817823,0.06284413094330427,synthetic_uncalibrated_model
1961,68.54025854524153,4.443937422368366,0.148244043037357,305.06762716872106,0.04515576547775982,synthetic_uncalibrated_model
1962,31.18450324973005,0.9445193374150529,0.2763849374721012,340.8093878235803,0.026200686230763076,synthetic_uncalibrated_model
1963,45.72402212755232,2.681994057971322,5.593422506720092,344.8939808367871,0.13646218396927767,synthetic_uncalibrated_model
1964,37.4312172764336,5.394670618255678,2.3516197820505758,473.4806976670751,0.09601278335453695,synthetic_uncalibrated_model
1965,18.97409808433514,4.681950773649501,4.081164350598662,498.6303733786032,0.03939354266411149,synthetic_uncalibrated_model
1966,84.65126005651952,3.673037550024724,4.715111809364246,303.24693862311847,0.24374332147809397,synthetic_uncalibrated_model
1967,8.03831905042292,3.3471689744501565,5.044946966053467,425.4468913608981,0.0,synthetic_uncalibrated_model
1968,40.646432773482964,0.26985042480400867,3.82705139580812,450.7941371005785,0.023959748910465845,synthetic_uncalibrated_model
1969,32.31687044837241,5.405423430326193,0.609954578047818,395.2127320479589,0.06379193385504395,synthetic_uncalibrated_model
1970,82.85565526421631,5.868878535972784,2.820497184551988,353.22366561862384,0.19829785921737997,synthetic_uncalibrated_model
1971,35.50413010185836,4.87594670295892,1.382993553752313,439.8856796777636,0.09998499436174779,synthetic_uncalibrated_model
1972,76.82860812642772,2.0738797186695206,3.9005226037219725,319.96572987775147,0.18711185125843255,synthetic_uncalibrated_model
1973,48.971248339237775,2.235941609759663,4.27813419113589,379.97453758510505,0.13189719021381086,synthetic_uncalibrated_model
1974,27.73201983890604,1.8082429560898292,3.8898303939594476,402.9816615577096,0.09402360702949453,synthetic_uncalibrated_model
1975,50.04504085152062,2.7682179160609484,2.48543054771655,446.84428920590756,0.12068116798678125,synthetic_uncalibrated_model
1976,17.472862369870228,2.2445295928708395,3.801012944682388,297.03555826264335,0.06015755092443775,synthetic_uncalibrated_model
1977,78.2438312793453,1.0386384705353044,4.048239727703324,381.50609931277165,0.1611462524010634,synthetic_uncalibrated_model
1978,7.336443112832047,3.8064079821435284,2.944991983299711,471.050858383217,0.0,synthetic_uncalibrated_model
1979,53.64496776236756,4.918163904675345,3.718460541418994,297.8090339887428,0.16190543917271083,synthetic_uncalibrated_model
1980,28.72671200416655,5.335393987395487,1.994433437096675,459.0413324607444,0.09210946010001814,synthetic_uncalibrated_model
1981,60.61843962533762,4.29425213581983,0.3863790526711295,344.69802663663364,0.08186826043491002,synthetic_uncalibrated_model
1982,74.14540920866168,4.166775431534695,3.6920051960463702,494.3304184921467,0.15595316346102017,synthetic_uncalibrated_model
1983,22.160412523769736,0.6269514644237407,2.4470032057853692,475.33026226123917,0.031016258576052808,synthetic_uncalibrated_model
1984,78.43670620968756,4.1371947767688555,0.8789630287470995,305.4792414040833,0.13480548065187337,synthetic_uncalibrated_model
1985,9.105406798527856,3.3044336016798925,4.799131217649657,340.50463680844325,0.0,synthetic_uncalibrated_model
1986,40.97149197411721,2.2948534298879797,4.69074633355672,444.49437172006117,0.10353337689070291,synthetic_uncalibrated_model
1987,35.81069532846385,5.920914178592299,4.833748484196763,401.7834306421166,0.13128218919631685,synthetic_uncalibrated_model
1988,27.642731336563937,4.1590465362087405,4.757142990937294,355.05148189449534,0.12630527657810564,synthetic_uncalibrated_model
1989,67.68417983702238,5.620797736103298,5.606611729782885,411.59496183655904,0.22248355422332577,synthetic_uncalibrated_model
1990,48.28562926543383,3.990226882968552,5.935625602451304,300.8554117342932,0.15935742547527043,synthetic_uncalibrated_model
1991,48.24373404787812,2.870214020056515,3.7709202405058253,466.4388035963903,0.1175594584462103,synthetic_uncalibrated_model
1992,35.27528826705639,1.6267937751477899,5.311997499206344,393.9665514562099,0.0924647789823222,synthetic_uncalibrated_model
1993,54.233491047634935,3.873905458574273,4.5627681683014565,447.6372322662502,0.15521186372680484,synthetic_uncalibrated_model
1994,29.096361075496347,2.465245536719339,4.912615169689334,466.89021387597074,0.08856701747511575,synthetic_uncalibrated_model
1995,47.55398935602595,5.6702911416892015,4.2226150051531715,468.2582949441821,0.12623726480740327,synthetic_uncalibrated_model
1996,7.142259041757413,0.6384297524178091,4.296050969384019,485.0174875188722,0.0,synthetic_uncalibrated_model
1997,82.10043428566098,5.102817882428843,1.4143039695105306,322.0049541191429,0.15930042081763263,synthetic_uncalibrated_model
1998,25.95752329255119,0.3076178257301611,5.121257941549971,285.2454581173125,0.026693020528371914,synthetic_uncalibrated_model
1999,36.43640071298284,2.9340754645884934,0.8530101923017199,499.6803086124381,0.049125378077727516,synthetic_uncalibrated_model
2000,45.558461349277216,5.511841647621047,2.9530906872638183,281.8247765959013,0.141906827653003,synthetic_uncalibrated_model
2001,42.54493879997238,4.264710930616739,1.0340531248267877,410.31265249010244,0.1038783217965421,synthetic_uncalibrated_model
2002,35.09365059285276,0.19134066662175117,5.030639898932632,381.90470297156355,0.017303016752468037,synthetic_uncalibrated_model
2003,11.896353904547407,1.928825100445289,3.9344205748013334,313.0192853056014,0.0,synthetic_uncalibrated_model
2004,35.07447918870136,0.9315458397458058,1.008434318687867,426.5435477894535,0.052847861598240675,synthetic_uncalibrated_model
2005,21.763525528380075,4.108336083119217,0.39680427056786505,290.82741705907085,0.02281016619651874,synthetic_uncalibrated_model
2006,69.15995509142691,1.2746889798202272,3.363456202712221,320.8885506864705,0.13903006403204243,synthetic_uncalibrated_model
2007,70.55620608665728,1.6720968625966064,5.794607478417254,407.5438809939162,0.1996338819126411,synthetic_uncalibrated_model
2008,49.83325350849172,4.50581444328328,0.9527328019437395,385.7103171000895,0.11338531726628925,synthetic_uncalibrated_model
2009,55.58434991521745,3.6485099311372515,2.0430193712399873,327.9189051970339,0.14154016127066893,synthetic_uncalibrated_model
2010,36.02063509497508,0.3730901697175715,5.196470320623125,488.69611517410965,0.024029193494743167,synthetic_uncalibrated_model
2011,10.728967786007166,5.564688731838334,0.5008496402107586,348.64375984492585,0.0,synthetic_uncalibrated_model
2012,85.27790108418854,3.6669472937006837,0.41488768620809424,401.50749652960457,0.10086954944648313,synthetic_uncalibrated_model
2013,67.19549455693249,5.9298466728892585,2.6986274464362436,476.12072666419965,0.1434908563177526,synthetic_uncalibrated_model
2014,58.03001545838908,1.2821539791040422,0.9920442377446616,324.425285753226,0.08525505060564476,synthetic_uncalibrated_model
2015,17.894302519721446,0.6052551437007979,5.039890077202915,437.92326508014423,0.03468597644131041,synthetic_uncalibrated_model
2016,10.043982939022417,2.9676699422138255,1.328502872842602,283.6838751033566,0.0,synthetic_uncalibrated_model
2017,23.632647229149338,4.948514518900445,3.3000235850178306,381.807276778761,0.11238038995608818,synthetic_uncalibrated_model
2018,64.20060975063234,2.277282752898226,1.438181226998125,411.3507052799559,0.1227282435154336,synthetic_uncalibrated_model
2019,25.17071532380533,5.144035421770391,2.122394315551801,350.7916028191039,0.10141721507091828,synthetic_uncalibrated_model
2020,48.470973654142924,1.9471850444047174,1.7895132423950242,467.0978913180328,0.09256587919928155,synthetic_uncalibrated_model
2021,8.172435727630287,4.996281713137331,3.4058731707942256,285.0932477788645,0.0,synthetic_uncalibrated_model
2022,70.44205797501695,2.937499498610596,0.36022926610309314,326.40275353856265,0.08235327775492862,synthetic_uncalibrated_model
2023,89.8284945178512,2.3514056836826596,3.640511924004591,465.2028874432334,0.19547214129850288,synthetic_uncalibrated_model
2024,31.47788489523704,0.7243845014908221,2.9902911360411815,391.34644970087777,0.053463069638113925,synthetic_uncalibrated_model
2025,45.37917010783832,1.9881445010032375,1.2253375456243776,291.0254740517378,0.0964451232298501,synthetic_uncalibrated_model
2026,82.66005115954788,5.354649865726216,5.4681069916621885,332.2693415675957,0.26480856317982204,synthetic_uncalibrated_model
2027,46.761212661053754,2.906530041496016,2.085926291999051,410.6647367970013,0.12163714414077897,synthetic_uncalibrated_model
2028,68.8133649498336,0.427369688441105,3.1463260473400805,348.5922130060372,0.09116575196642174,synthetic_uncalibrated_model
2029,79.32141077565808,3.3116780180749403,1.6550920110513287,499.2627956561822,0.11070623106764993,synthetic_uncalibrated_model
2030,15.34741621694499,0.8150599134973633,0.3121601691820739,435.6438031007307,0.0009535469747274337,synthetic_uncalibrated_model
2031,75.97283678556381,0.6367672316036453,0.19302384983721832,348.4976383884446,0.036227960488742356,synthetic_uncalibrated_model
2032,64.33795245786183,4.043262522695815,5.778678350088434,280.0052191826988,0.21301508444011852,synthetic_uncalibrated_model
2033,59.083734348775664,0.2356535331643718,3.6603699683568003,372.4139968904186,0.06615078916844125,synthetic_uncalibrated_model
2034,48.87888803050767,2.697031072794665,2.2278462466151794,385.20235303872767,0.12495946227505711,synthetic_uncalibrated_model
2035,14.768305501310184,4.096818890904492,2.208380874593267,316.6664152189759,0.0,synthetic_uncalibrated_model
2036,38.667868630996956,2.58246019643574,2.1061502198861692,387.3570768210825,0.10844668928896128,synthetic_uncalibrated_model
2037,14.71551746920018,2.3469367510516874,3.7032163928801065,324.7132511249215,0.0,synthetic_uncalibrated_model
2038,23.68559530552271,0.5654235020303096,2.9252243427132427,368.03364271763314,0.04199029285232031,synthetic_uncalibrated_model
2039,12.846907956034023,5.759138923942633,5.983807865837322,437.3008177954342,0.0,synthetic_uncalibrated_model
2040,78.35002960808549,0.4117766915991662,5.047541058463357,374.19704200687374,0.15023665384783014,synthetic_uncalibrated_model
2041,10.574360804107352,1.8563562167070422,1.9413183737506674,310.777649979783,0.0,synthetic_uncalibrated_model
2042,45.69037956252848,3.101289582764659,2.942018653018106,294.0889155460482,0.13023943860917297,synthetic_uncalibrated_model
2043,89.42740632944094,2.5753213106193193,1.5590465060442376,282.10045355519054,0.1520874781871091,synthetic_uncalibrated_model
2044,16.442097670090263,2.0624822173567443,1.2832560908140629,283.1478952330052,0.016851779919095783,synthetic_uncalibrated_model
2045,53.575037475887285,3.3297958008512034,0.37294764444463047,448.0059895759024,0.06521450967360903,synthetic_uncalibrated_model
2046,33.42189379089828,0.7684622164390833,2.0714096733610616,340.56374236773837,0.05493105362105419,synthetic_uncalibrated_model
2047,67.15990315052255,5.231096220375363,3.739002949073619,479.9738740134651,0.157571835167728,synthetic_uncalibrated_model
2048,89.02229309084511,1.1890734628748585,3.7213786280758727,452.7064910427127,0.17453125863748498,synthetic_uncalibrated_model
2049,60.31174240961623,0.9826768562021025,1.028431911649392,397.1326672999506,0.0760185252557587,synthetic_uncalibrated_model
2050,9.212190425363772,5.01765446091261,5.475310311415359,377.4534951591901,0.0,synthetic_uncalibrated_model
2051,69.05504851499006,5.917361653427919,0.18729326337997182,421.1343480759542,0.053581047282557887,synthetic_uncalibrated_model
2052,83.78193872569729,3.626228143555693,3.0320974256750404,350.52389358415724,0.1974451467682119,synthetic_uncalibrated_model
2053,62.22002862178361,1.8218793692503361,2.738525656072848,329.303261094898,0.13411023424274504,synthetic_uncalibrated_model
2054,74.58437147083134,5.555520876885431,1.6032116597196517,416.91927909891126,0.15586097212817818,synthetic_uncalibrated_model
2055,60.77480485045921,0.9184757466283715,2.5194494661550553,483.7298354831521,0.08443668003067245,synthetic_uncalibrated_model
2056,57.62139228898222,3.6936739332779083,5.301826472026547,309.3174251963686,0.183392067995913,synthetic_uncalibrated_model
2057,25.545484409356796,4.047273492391823,3.07271433644981,410.3989403892718,0.11091097007364709,synthetic_uncalibrated_model
2058,20.254265288494814,3.6411410249790497,5.179108143935701,429.5790406384116,0.10000307938556963,synthetic_uncalibrated_model
2059,70.6814798982851,3.89478313209454,4.117836013352941,435.84911313385277,0.19311731454958792,synthetic_uncalibrated_model
2060,12.635491472809939,5.163170889305684,0.9181718432271142,463.24213859699046,0.0,synthetic_uncalibrated_model
2061,56.403752740715596,2.767434183321125,0.6874725004265172,316.14353403203074,0.0987421195140929,synthetic_uncalibrated_model
2062,68.94939992684456,3.0052713419736157,1.6478934381301964,498.97205910783623,0.10014338916858134,synthetic_uncalibrated_model
2063,26.089576449554762,0.6404011621994422,1.0871440158632817,414.32028595860936,0.03713688235452056,synthetic_uncalibrated_model
2064,54.18696726162178,3.7669745968841566,4.977641361640109,396.4685479818171,0.1687482158434912,synthetic_uncalibrated_model
2065,44.026813827176575,0.3591570788500258,5.248344163547886,338.3333194231993,0.04540051580017307,synthetic_uncalibrated_model
2066,20.75766528044432,5.773903614442507,5.091183775055578,443.9690395878474,0.10098965295614776,synthetic_uncalibrated_model
2067,85.29488450936748,1.2547214603430952,5.14080167177067,498.1116864270379,0.19152887206336744,synthetic_uncalibrated_model
2068,17.576206969876733,1.3449257298437134,4.739239560784466,479.89215728226634,0.033796654719675745,synthetic_uncalibrated_model
2069,26.386496325981337,3.734567761481336,4.682113863800308,484.46027421160727,0.0775022099798015,synthetic_uncalibrated_model
2070,51.163290403441444,3.9321289246387394,2.716694157823447,385.03151369845204,0.143597838127963,synthetic_uncalibrated_model
2071,43.07764034461262,0.1645778127715945,4.219051148091407,306.00066245542246,0.024214181742841442,synthetic_uncalibrated_model
2072,53.967359513210866,1.4406802300852615,4.728470974828366,345.9597635164705,0.12902003078323587,synthetic_uncalibrated_model
2073,40.55931994447012,1.4928831129790416,3.25643064427351,437.9952848202257,0.08478755805074795,synthetic_uncalibrated_model
2074,8.576108430026274,1.4939359063858908,0.6545619609256542,389.39067647262596,0.0,synthetic_uncalibrated_model
2075,5.151389807343238,0.16569351358160297,4.900636443500011,335.35105431882096,0.0,synthetic_uncalibrated_model
2076,48.99927987683585,5.927806480661114,3.018754556396847,494.8616172643465,0.09656676260225289,synthetic_uncalibrated_model
2077,83.97424005864912,5.367694095818082,0.738262021175065,380.36876085796473,0.13345668769085306,synthetic_uncalibrated_model
2078,11.556971986587286,2.2328322757910657,1.3644023780612815,298.3397472116478,0.0,synthetic_uncalibrated_model
2079,79.35593425883778,1.2971838400123972,2.4993153339798773,447.01799524966253,0.13227042788378107,synthetic_uncalibrated_model
2080,27.286839334247617,4.934738631666228,2.328253449442798,493.28943033286856,0.06428222177018644,synthetic_uncalibrated_model
2081,78.69294692969667,3.9989346418466845,2.8660580382785192,347.4841395302404,0.18825148078947818,synthetic_uncalibrated_model
2082,72.30270619981351,2.6042220831470133,3.092936656585223,311.3865318486262,0.17102471080948434,synthetic_uncalibrated_model
2083,48.390668010792325,4.315295637415065,1.4853869730585352,349.2503207968342,0.1276949004830099,synthetic_uncalibrated_model
2084,29.988920002747342,2.382923292015927,4.962314066294512,373.41763311784405,0.10992959112237594,synthetic_uncalibrated_model
2085,37.826192685490945,5.270326540612009,0.7616299194352865,329.93211557773617,0.08581019928687522,synthetic_uncalibrated_model
2086,67.61212927409491,1.015377714040094,5.214062678331141,487.6389179650207,0.14331367396009254,synthetic_uncalibrated_model
2087,47.97681430301873,0.5392579549394856,2.456681365020906,318.7856002625648,0.05599139921576912,synthetic_uncalibrated_model
2088,31.130701837810363,0.4900689181303013,4.244799754383178,343.5509898041698,0.03998041142932479,synthetic_uncalibrated_model
2089,39.8492805467757,0.3663130920305938,2.404837965556911,362.9210570980442,0.031038040365302944,synthetic_uncalibrated_model
2090,55.25766537257321,4.693672863546849,3.1933449121238633,462.7045810054418,0.13864406276493524,synthetic_uncalibrated_model
2091,81.6877292912365,4.683474061459055,1.7390366651157418,449.4173513801918,0.15474224059479458,synthetic_uncalibrated_model
2092,45.397114819753234,2.590334328442871,5.787649070606303,328.9549009684815,0.1347624798553414,synthetic_uncalibrated_model
2093,85.84533526874831,3.8272482690896807,0.8625120877562776,411.39970249894077,0.13464725016022405,synthetic_uncalibrated_model
2094,33.89246370837533,3.732999319642498,5.8380825371197655,292.22337578110313,0.1264031617342346,synthetic_uncalibrated_model
2095,18.83124540248323,3.698817996842664,2.7142238516166985,397.07305181203054,0.06763454921746759,synthetic_uncalibrated_model
2096,62.56235087826976,5.025713737476115,1.0478411159599155,354.2509275365064,0.13263106831067506,synthetic_uncalibrated_model
2097,7.107788713575868,1.7931301201948682,1.8722051875788526,363.0137476167178,0.0,synthetic_uncalibrated_model
2098,63.78099235025354,0.29344768880289257,0.1920998317282926,459.8489214538517,0.018849858443301656,synthetic_uncalibrated_model
2099,71.37413992577186,4.696761514076988,5.021973241201469,300.15257176438155,0.22289785501365644,synthetic_uncalibrated_model
2100,36.74003368357537,0.7781982974219526,4.061774721744962,471.8106577746395,0.04828133466715526,synthetic_uncalibrated_model
2101,72.73577754018314,4.391291667177975,4.903560811821889,307.6765706322859,0.22297885123680306,synthetic_uncalibrated_model
2102,39.139449909537035,3.9377641601310795,5.579847183339483,301.1889561272033,0.12778317037543419,synthetic_uncalibrated_model
2103,31.279506108671715,2.0988923715226036,0.5752138721894443,358.64206609398343,0.0532775474511705,synthetic_uncalibrated_model
2104,6.619832210417901,2.32567010454621,3.681867653816576,484.90220297038877,0.0,synthetic_uncalibrated_model
2105,37.11821001881136,2.898981267403008,5.823322923438711,416.69612482087337,0.11520313575417762,synthetic_uncalibrated_model
2106,32.73825002769357,0.8482290806861033,4.610287786741293,299.64563519838845,0.06161351259001735,synthetic_uncalibrated_model
2107,56.92213192191258,0.6623547006182369,4.550916358490335,286.98107086898483,0.1005508355567678,synthetic_uncalibrated_model
2108,74.6667508883315,2.717771689205618,2.566356902377325,380.3973428905736,0.16458765303913225,synthetic_uncalibrated_model
2109,16.612368388432294,1.1114717269647854,1.9380782613709977,292.0757134658913,0.023908642263807678,synthetic_uncalibrated_model
2110,52.2155879897556,4.742061530067155,2.723999802559078,409.0989242999932,0.14689625471539036,synthetic_uncalibrated_model
2111,34.86488863300972,1.7434985032233572,2.8376317957470265,347.85409900319695,0.09446354865364942,synthetic_uncalibrated_model
2112,82.90054069483544,0.8161927987738274,3.135069036785256,380.8105454930086,0.1367917534273022,synthetic_uncalibrated_model
2113,54.677001808663185,3.0990119205011766,4.732136877861173,480.55240070101206,0.13397696485356625,synthetic_uncalibrated_model
2114,19.548111238868735,2.0375325991240536,5.105989067312225,366.3375696279289,0.08788041259967877,synthetic_uncalibrated_model
2115,14.962613579300358,1.0670245194230574,5.777225454030772,435.7701145448915,0.0,synthetic_uncalibrated_model
2116,14.366326688825719,3.1803535904215035,3.6976319929595705,343.3518824569302,0.0,synthetic_uncalibrated_model
2117,48.71352278194033,0.2579275126712408,3.01190334506519,337.159079144231,0.040503706353745256,synthetic_uncalibrated_model
2118,16.259667080972303,5.184679979828332,1.5875561977542811,466.3107951147216,0.01471209534671851,synthetic_uncalibrated_model
2119,75.60242810766462,3.5837522390026897,2.4172475995595932,351.499425030653,0.17139927872505878,synthetic_uncalibrated_model
2120,54.783536760647635,2.0904228320380582,5.719365470352921,473.0075333544714,0.13976602110850256,synthetic_uncalibrated_model
2121,79.89849603739276,5.877796572634986,2.2059918006389965,339.7231559053109,0.17943120229352227,synthetic_uncalibrated_model
2122,86.4555822868212,5.45737750969861,3.7122994504287137,495.86792614780404,0.1795809882049898,synthetic_uncalibrated_model
2123,13.541416709026844,5.392300561007817,5.180964313755488,421.9297156864651,0.0,synthetic_uncalibrated_model
2124,18.15342784805147,2.9723402019083753,3.760770433287735,469.6529930836891,0.051322640074140835,synthetic_uncalibrated_model
2125,81.59507954443579,2.572097648347264,2.1855089295691084,310.2070990098051,0.16230917578960136,synthetic_uncalibrated_model
2126,13.307399422176664,5.597717710693751,3.0635842403638605,288.20486891501037,0.0,synthetic_uncalibrated_model
2127,84.23207109098479,4.329302977557993,1.5284913446118569,404.2049953154275,0.15986053280959922,synthetic_uncalibrated_model
2128,79.6551382341655,1.3575527008735584,5.6724548901847935,355.75593504345295,0.21558808205952262,synthetic_uncalibrated_model
2129,15.439711899276018,5.410629739940933,2.218079134506997,378.822449208379,0.009591230481209058,synthetic_uncalibrated_model
2130,47.19665834736217,5.251890251245121,4.414133532023496,452.1749536084344,0.13638767475948466,synthetic_uncalibrated_model
2131,45.58799415302953,1.958393408259405,2.188881075810695,398.9324050009035,0.10649534144824846,synthetic_uncalibrated_model
2132,41.94368920821285,3.239755415091707,1.7137968467645277,473.4110438545739,0.09153879981055119,synthetic_uncalibrated_model
2133,49.23907820746322,5.582372937319199,2.3690523710320344,369.30889942406793,0.14349680021499678,synthetic_uncalibrated_model
2134,44.79993467709738,2.9650882263855656,2.786239768742736,357.9744737767162,0.126231986529577,synthetic_uncalibrated_model
2135,77.29601467543824,3.0672744051414966,0.6915641125080131,431.1976759395137,0.11310760996005076,synthetic_uncalibrated_model
2136,26.96922319799956,0.3484679202175635,5.6157712350768705,443.5739165960797,0.027617899433682827,synthetic_uncalibrated_model
2137,19.490184258269032,2.5967520381781437,1.8535667671299576,290.54616143564783,0.05615327588959568,synthetic_uncalibrated_model
2138,33.807878669243976,1.0597436207936215,0.1550362617108983,381.07616418935004,0.019056757436706873,synthetic_uncalibrated_model
2139,35.59506780583975,1.9758182545696483,5.492536669445378,465.4168928193053,0.0853545227807384,synthetic_uncalibrated_model
2140,14.93386218596662,0.19615756603898407,5.177706086130045,352.4964979579137,0.0,synthetic_uncalibrated_model
2141,26.843184153001296,5.434821595532906,5.199267928527076,366.18160354921304,0.13039746018081366,synthetic_uncalibrated_model
2142,5.940181577311968,0.3667761646637211,3.635350431853905,355.5206023462814,0.0,synthetic_uncalibrated_model
2143,51.48847335449542,2.216855171117363,1.3244360864562452,297.6427230314161,0.10942956467233095,synthetic_uncalibrated_model
2144,37.22731467957756,2.905582500402844,5.510798778182735,410.2406007620822,0.11614110889349427,synthetic_uncalibrated_model
2145,21.215906791060565,0.466788713786227,0.7819939271649551,473.73525086266307,0.01572324039670675,synthetic_uncalibrated_model
2146,27.851045943567666,4.605142734282746,2.381438736630313,364.24894006627414,0.11303132676837208,synthetic_uncalibrated_model
2147,59.692059309095086,3.5633152646504085,1.6779553421879692,440.27109980760383,0.13170814584040103,synthetic_uncalibrated_model
2148,56.55051793276938,4.010109032544545,5.237901799839369,484.06005317088955,0.14532561730644133,synthetic_uncalibrated_model
2149,50.474581756446156,4.89137410086442,5.195625294772891,364.6263893179256,0.16535455065421045,synthetic_uncalibrated_model
2150,41.429299613258564,1.8716556379306388,5.5011807004861115,477.6031892777872,0.08297418954458113,synthetic_uncalibrated_model
2151,13.951101962505888,0.5041572969785248,1.11518263127262,388.50977879403854,0.0,synthetic_uncalibrated_model
2152,78.85079963956909,0.7450786172820574,1.1426485259005417,425.57118214809174,0.07808469368276283,synthetic_uncalibrated_model
2153,48.980801056734734,3.476266636722097,4.876299132663418,369.502088303023,0.15156533363999236,synthetic_uncalibrated_model
2154,35.30675174105002,5.201013819712844,1.8109740162208636,373.7939820948809,0.11798035534596857,synthetic_uncalibrated_model
2155,31.978865185614477,5.136316846470762,2.437534871309597,409.4605713749603,0.11951411212551766,synthetic_uncalibrated_model
2156,36.07930616623501,0.575270801341876,4.659964892992535,445.32733673768826,0.04276724605009638,synthetic_uncalibrated_model
2157,60.56519852484986,1.641454705689848,5.652123757293266,292.27203731504613,0.16597346561011428,synthetic_uncalibrated_model
2158,43.266493313649775,1.1534768276288077,5.033316381424394,371.22916878632077,0.08707170313382884,synthetic_uncalibrated_model
2159,81.54855299493875,4.22770628430215,0.8482498153324135,424.6964887438446,0.13140515787153573,synthetic_uncalibrated_model
2160,9.372756444194803,5.631264963278241,5.737759117470131,313.3373372638197,0.0,synthetic_uncalibrated_model
2161,87.85587870474316,0.740444732193969,4.106289011860642,320.7532950108129,0.16788155776023173,synthetic_uncalibrated_model
2162,84.86471609027062,2.425365064686419,2.3566890380507477,319.05060303522686,0.16807581784340742,synthetic_uncalibrated_model
2163,36.916925738776825,0.7336166811402939,4.956633657881356,339.7691030626569,0.05541265924037392,synthetic_uncalibrated_model
2164,65.79934640731877,4.701465629627394,3.5086849170073258,432.40877845485073,0.1762071566175707,synthetic_uncalibrated_model
2165,25.040730672799494,1.3758193683378672,0.8418326278998022,353.1583962347954,0.04642941385220484,synthetic_uncalibrated_model
2166,61.29847377893455,4.561505456824517,5.426050884305625,296.9893703365762,0.200542164341462,synthetic_uncalibrated_model
2167,81.08502400879615,5.77977378194324,5.868824406480883,440.52321495589536,0.26189722782379365,synthetic_uncalibrated_model
2168,78.50371899397194,1.2391173135842177,0.9842404132585232,394.20401029264644,0.09587489713314401,synthetic_uncalibrated_model
2169,40.40745068637659,3.649690816911309,0.9199268663599406,445.71469268899887,0.08697571719952146,synthetic_uncalibrated_model
2170,72.08824694629038,1.3667020241222845,0.8363809637629147,312.6634732291525,0.09242424680941741,synthetic_uncalibrated_model
2171,31.764909669036104,4.468639687136343,4.358225480073941,360.76747054787404,0.12878736173018435,synthetic_uncalibrated_model
2172,69.49640771346259,4.2774978613218915,3.7738072881617475,311.8867531032387,0.19317610645052918,synthetic_uncalibrated_model
2173,88.54712610499398,3.8450663007998593,1.7106991022225817,446.6924474378193,0.15791080017865122,synthetic_uncalibrated_model
2174,6.179754303176221,2.1175255900388747,0.9755431395579904,428.0212807759523,0.0,synthetic_uncalibrated_model
2175,67.9556918543073,3.451088354387201,0.6989162502475361,362.32040829153254,0.11412449569378363,synthetic_uncalibrated_model
2176,76.50131246944915,5.343999468881548,3.7729104238245084,389.56822499027885,0.20901072206666926,synthetic_uncalibrated_model
2177,67.02685205278549,3.157527818308993,3.4162741864591384,307.9226376548534,0.1746127893447451,synthetic_uncalibrated_model
2178,22.6850846411399,1.7943548636657836,4.768426936866155,449.832547721666,0.07979731141323532,synthetic_uncalibrated_model
2179,39.38193900797833,3.3927414273986334,1.5713537782419205,445.05158252013655,0.10181724010392862,synthetic_uncalibrated_model
2180,67.46747439056895,5.459128789988579,3.0532727219816,365.4674915622056,0.17973423667692412,synthetic_uncalibrated_model
2181,54.50364381472852,1.9985938376538341,3.375551166854066,307.10472967995037,0.13277327726650823,synthetic_uncalibrated_model
2182,29.81672401076143,4.6310685778188425,2.872505422853422,482.83769012530433,0.0816343584951762,synthetic_uncalibrated_model
2183,69.71748951511073,1.0471106807753194,0.412914353833289,358.5106727015627,0.06233467845375873,synthetic_uncalibrated_model
2184,36.19978384970841,2.5079156612863676,0.17377166281779494,296.8845952004078,0.025818803615267616,synthetic_uncalibrated_model
2185,24.734930932106103,2.9266127190154982,2.205663096716896,396.889798771034,0.09219099599265002,synthetic_uncalibrated_model
2186,40.743841848954624,2.309040833056991,5.961549074235273,417.56141344655975,0.10966171598968022,synthetic_uncalibrated_model
2187,24.137892281328543,5.372627505436578,0.8321377205836106,362.2092135737387,0.05381080317279352,synthetic_uncalibrated_model
2188,74.27439765128592,2.4467061996678288,5.822629386318953,456.48135573752177,0.21806363431702502,synthetic_uncalibrated_model
2189,80.59376244075325,5.134062528773927,5.414620127797682,463.3587726302444,0.23764697546251523,synthetic_uncalibrated_model
2190,72.61825663051056,0.5233399582243418,1.0517352238762554,432.8255823871806,0.059728230569578045,synthetic_uncalibrated_model
2191,73.57693448841154,5.67529623286696,1.798557676027233,446.07505064899317,0.1519395365813564,synthetic_uncalibrated_model
2192,24.41210186484946,3.899739624923918,4.166184783313496,485.3386059182503,0.07274321701065156,synthetic_uncalibrated_model
2193,26.63019165830478,0.463344832080525,5.376760984821693,356.8507041327215,0.038085422499267135,synthetic_uncalibrated_model
2194,49.87717021883054,0.22272737436964007,5.255490346318028,441.0126431120009,0.05442224938822149,synthetic_uncalibrated_model
2195,64.58724200385232,4.557903588567833,5.907872599230611,450.8409460586967,0.20481044741547771,synthetic_uncalibrated_model
2196,13.057430667497233,3.1908292074289704,2.8488928910490765,484.71068404600953,0.0,synthetic_uncalibrated_model
2197,65.60963955351717,4.27462619145361,1.5477969510987162,428.73337026741797,0.14135536771864743,synthetic_uncalibrated_model
2198,34.89669974398083,3.4205586895683173,0.5039548350943046,457.37539593960247,0.05163579538987209,synthetic_uncalibrated_model
2199,19.703227262635018,4.983632436334712,4.8877928809735325,390.515149806815,0.10532815099391368,synthetic_uncalibrated_model
2200,86.4477289795486,3.784215668302556,3.1549672593354643,471.6292116618289,0.18302775752540856,synthetic_uncalibrated_model
2201,36.672005862611826,1.0066787023616093,3.5901270765626903,392.96546011073326,0.0688420926360222,synthetic_uncalibrated_model
2202,80.47673222322899,2.0951673504084187,5.173448291111096,368.46233212465427,0.22557610084035606,synthetic_uncalibrated_model
2203,29.28836812348127,3.6247853352030672,1.346045365973692,354.90993346662333,0.0906290629083405,synthetic_uncalibrated_model
2204,76.4518086256678,1.2497618191584972,5.131743844534505,302.8864302320107,0.19037418429631248,synthetic_uncalibrated_model
2205,56.207847619423035,5.5456883973880045,4.787676682464769,444.6381062015822,0.16872926151988465,synthetic_uncalibrated_model
2206,12.763726158758326,1.4440997345234645,4.9071152578652635,328.2347372043162,0.0,synthetic_uncalibrated_model
2207,63.80732826352284,1.4511945788334077,2.4694143726210944,338.46136796536564,0.12159871930467603,synthetic_uncalibrated_model
2208,80.95027667447614,0.9202267564077956,0.7188228400137967,458.6919057434252,0.0712507666799323,synthetic_uncalibrated_model
2209,50.26731202919262,5.818893049756403,5.560418043471593,290.1140683402715,0.1695270178995686,synthetic_uncalibrated_model
2210,77.50360863240294,3.4185520900754494,2.8553297257635513,326.5889166837964,0.1825877973956953,synthetic_uncalibrated_model
2211,51.779492866530575,5.679364825967116,3.4521544986394517,358.7084655725011,0.15712018712434417,synthetic_uncalibrated_model
2212,27.208795823724458,4.018002567686356,4.7693098967609835,466.9597199026065,0.09649308670502671,synthetic_uncalibrated_model
2213,50.38171173608522,4.05599972709466,2.52921681931432,499.07701860759784,0.08974391282989747,synthetic_uncalibrated_model
2214,88.73657741166339,4.513538863434111,3.8317885809828347,447.3521693738286,0.22104264669896467,synthetic_uncalibrated_model
2215,21.057572422498502,1.1149448762145562,5.239664540934018,283.942599771927,0.0699563129134359,synthetic_uncalibrated_model
2216,72.13116649372625,1.3121605037591517,1.6368083601245447,302.32193185911086,0.11077228312690657,synthetic_uncalibrated_model
2217,74.24089374704693,4.574481132634841,4.551576714256572,415.036023913058,0.21686501875528819,synthetic_uncalibrated_model
2218,65.26333413317222,0.7859700700560649,4.779923416940518,365.70631255804085,0.13294425264545895,synthetic_uncalibrated_model
2219,85.4578194905407,5.663385389742945,2.2503137743158304,356.2431707520252,0.18609029127820165,synthetic_uncalibrated_model
2220,17.913485875150606,1.5549242369150629,1.0051165783507356,294.17836216051876,0.023832361510001107,synthetic_uncalibrated_model
2221,7.272345054181107,2.33964783357639,4.514848169104541,492.87800968270756,0.0,synthetic_uncalibrated_model
2222,55.26585977497232,0.25119317449281525,1.1215763728762949,324.9181139322367,0.03270018586091994,synthetic_uncalibrated_model
2223,12.953144803346117,0.24080959536156676,1.5254584440460424,358.5726696333043,0.0,synthetic_uncalibrated_model
2224,44.735032780573746,5.364334360580635,4.508695147418636,370.2249734435104,0.14572220605445074,synthetic_uncalibrated_model
2225,47.7866112053623,5.899311846836237,1.3664489813653782,403.6777868420976,0.1258797567015314,synthetic_uncalibrated_model
2226,87.61461188943949,0.8530005751939759,2.8074218162413684,478.41821885534284,0.12799020293929209,synthetic_uncalibrated_model
2227,28.81405143030583,1.892996999656944,4.629620517759041,440.30025423927674,0.09157613955610872,synthetic_uncalibrated_model
2228,50.496153619967984,1.28777024454406,0.8296765879996075,299.4828936536093,0.07535256642288096,synthetic_uncalibrated_model
2229,84.53112682608264,1.6337415059132716,1.948262108230753,387.1131785264994,0.13918760358350413,synthetic_uncalibrated_model
2230,23.834259347164256,5.146189295825807,0.8043600400252258,484.56645809839324,0.0356254112541845,synthetic_uncalibrated_model
2231,79.11683945371277,0.31250688203258803,2.2523638877640404,350.9541460854337,0.07903271494505903,synthetic_uncalibrated_model
2232,30.143481504861413,1.1394852199433072,5.428710439492963,311.8354795422065,0.0754935332703846,synthetic_uncalibrated_model
2233,46.397213188873465,4.278741921109399,0.7772763118297917,422.06765871541376,0.09625834514522952,synthetic_uncalibrated_model
2234,59.03356547981247,5.520311261140547,4.844145546070104,446.88344873733934,0.17635118325565757,synthetic_uncalibrated_model
2235,21.972227135301736,0.591017725931464,1.0793928658625365,354.617113291073,0.03075849972895743,synthetic_uncalibrated_model
2236,32.39702056753519,1.1850823440604459,1.9465540962191843,309.23361244290055,0.0718670227498398,synthetic_uncalibrated_model
2237,34.79049476349628,1.423527446999652,5.419081727670444,285.72015324590205,0.08671635671053363,synthetic_uncalibrated_model
2238,83.35253408809987,5.484369745986871,3.84731421477635,297.38235519720325,0.22505736595838866,synthetic_uncalibrated_model
2239,86.66571800257269,4.626333443399548,2.093551173888088,486.5390468228452,0.14405460009564197,synthetic_uncalibrated_model
2240,37.94904288016227,2.649020049197908,0.8206378275255529,457.53842163851994,0.07113792408583097,synthetic_uncalibrated_model
2241,38.4237461701042,2.3151397165342193,4.478178138450986,282.02386217647177,0.10978590415997508,synthetic_uncalibrated_model
2242,74.37558621491341,0.3973992565484118,0.578415725691991,330.19876957366546,0.04244818525340385,synthetic_uncalibrated_model
2243,38.538737265888194,3.4964517656926724,1.4708596430051635,292.72529328484626,0.10955149629709104,synthetic_uncalibrated_model
2244,12.926589290683408,5.069599295105614,5.461687127541026,323.95568256489673,0.0,synthetic_uncalibrated_model
2245,78.76214309355468,4.531381745895098,0.9820634098510302,389.2036504993059,0.14009112534870638,synthetic_uncalibrated_model
2246,26.237613396669282,5.820308440795324,2.3048931224351086,449.2981231488477,0.09593027195621834,synthetic_uncalibrated_model
2247,36.2517794768757,4.80100566359567,1.6932851337026682,456.21588987993385,0.10033852961906287,synthetic_uncalibrated_model
2248,18.568844302270662,0.2996933492371315,0.8570492312663454,317.8697884049449,0.013041004200801662,synthetic_uncalibrated_model
2249,55.51365474598383,0.8598783865082095,5.976992052466992,324.4918698122766,0.12226395403542051,synthetic_uncalibrated_model
2250,66.40765112494667,1.3326533847204902,4.188675564443757,318.4554351106107,0.15002677037470347,synthetic_uncalibrated_model
2251,5.809141890520594,1.9715424379874165,5.574902848541859,469.4627642060145,0.0,synthetic_uncalibrated_model
2252,45.63863265722953,5.00605708397003,2.6201055726916604,290.38317543307204,0.1390119343125955,synthetic_uncalibrated_model
2253,10.314788297371177,0.5576256207046998,3.32227835021359,384.4761232592956,0.0,synthetic_uncalibrated_model
2254,64.06730859835767,0.9968231541765742,5.542359484565533,408.75498961933704,0.15112661342032252,synthetic_uncalibrated_model
2255,22.363090700838537,5.302842359037365,1.504550572685168,349.36845451248155,0.07144316767821968,synthetic_uncalibrated_model
2256,25.13514635184548,4.364357506719177,3.0344996361674896,388.0219882605339,0.11263902447827828,synthetic_uncalibrated_model
2257,30.37915675849894,1.789510039312687,0.8903112407827947,483.24661254902855,0.046627584087664486,synthetic_uncalibrated_model
2258,22.46487957652168,4.124722577619703,2.7194754980262386,460.18468075135047,0.07957588567010654,synthetic_uncalibrated_model
2259,63.19053836900383,1.5727519634920362,2.7657160992820615,412.8784742332036,0.1275600096644799,synthetic_uncalibrated_model
2260,30.750871748960424,2.56149366920579,2.3551873696012158,348.18027020257233,0.10455645218694287,synthetic_uncalibrated_model
2261,50.9176891699888,2.854007174550974,1.3225433663207589,365.0561743253911,0.11731670036312697,synthetic_uncalibrated_model
2262,86.38932057032785,0.773555023745598,3.3494808952708475,492.34183465351947,0.13393733354003368,synthetic_uncalibrated_model
2263,34.46944106294599,3.501161742035331,2.198941970697216,288.758737550014,0.1162196487966275,synthetic_uncalibrated_model
2264,29.681614697805717,2.482478016574498,5.2854989352386985,336.1368006033321,0.11216983172277373,synthetic_uncalibrated_model
2265,56.467811057883445,3.544187370042604,5.139374707080066,433.19499357832115,0.17048852082415888,synthetic_uncalibrated_model
2266,67.43857865382682,1.019565803630725,4.917720701562758,439.3283305168102,0.14953127748791184,synthetic_uncalibrated_model
2267,35.92714290939735,5.310974681363818,2.41589946143411,327.83916715333277,0.12658319227427117,synthetic_uncalibrated_model
2268,83.73988369974752,0.8955826274466139,5.610016169452504,423.3476957876255,0.2053554208262266,synthetic_uncalibrated_model
2269,57.83823877486044,1.8505712714772728,3.1248584033319156,420.81205284988386,0.13020195881577812,synthetic_uncalibrated_model
2270,24.16511951739452,4.422210048048515,1.406300595790911,447.2984335491721,0.06857551310301213,synthetic_uncalibrated_model
2271,84.99826959995914,4.030798546081059,0.5908029368421449,326.09365394081055,0.12072018866594902,synthetic_uncalibrated_model
2272,38.15069233682991,2.4314442046984674,5.72536456021256,323.10079777263877,0.11199577333698846,synthetic_uncalibrated_model
2273,51.606157547906676,3.2023648735726167,1.7216033003100968,492.9853541130921,0.08859118604134086,synthetic_uncalibrated_model
2274,52.20111375216648,5.712796203156956,0.7574745675976556,401.3883238591621,0.10720361637048181,synthetic_uncalibrated_model
2275,74.40876307525275,4.7244704216165925,0.8252846232684814,369.7124849934121,0.1311496564655401,synthetic_uncalibrated_model
2276,17.705792316216176,0.6218258014510896,5.253567147089444,327.29521472412125,0.04071615543283455,synthetic_uncalibrated_model
2277,23.576916540835576,2.8679562919906765,0.1763654528339818,345.0780632121108,0.013025367261237236,synthetic_uncalibrated_model
2278,47.24064900382713,1.093212963620768,1.7270608846595292,445.22313503392814,0.07463372274319463,synthetic_uncalibrated_model
2279,27.61640664179893,2.7380495064043355,3.818298401048243,368.6310379180236,0.11191266615108053,synthetic_uncalibrated_model
2280,56.01641064121247,4.368050751940443,1.1776255396722806,280.3572454129303,0.1290511380355821,synthetic_uncalibrated_model
2281,59.24851268363044,3.06158324728927,0.847212533357555,307.7894907379233,0.1123900191958942,synthetic_uncalibrated_model
2282,50.523937174670635,0.1350750861946814,1.58206726256181,393.8814645105441,0.02347558106818705,synthetic_uncalibrated_model
2283,36.63801643422104,2.791317111241653,4.347789895465115,298.6003424999643,0.11709924090039175,synthetic_uncalibrated_model
2284,58.488242366918584,4.0977321823863875,3.828817763418697,340.14841786177914,0.17034846306995588,synthetic_uncalibrated_model
2285,38.899655405256425,2.844099248824319,1.3427626990338728,487.4490516155645,0.0704421589313654,synthetic_uncalibrated_model
2286,73.81244221161062,4.251724416813214,1.007127251122527,362.0997720328978,0.13746460971531893,synthetic_uncalibrated_model
2287,89.57732934239489,1.603646055169538,3.248281510371138,346.04564758524793,0.18107710148074796,synthetic_uncalibrated_model
2288,21.466216069502558,1.9034577944227675,1.4893376212444307,393.76436187640644,0.056034803587589915,synthetic_uncalibrated_model
2289,70.31757021460503,5.718961302374228,1.3182719965619805,399.5923696560711,0.1473254665207906,synthetic_uncalibrated_model
2290,70.36190030622498,1.5262186541024314,5.755589841539805,375.9503838233833,0.194994783419846,synthetic_uncalibrated_model
2291,69.56988415237912,0.8931045174199449,3.8039033360852033,405.08608066982475,0.13103707304715695,synthetic_uncalibrated_model
2292,8.316939618896866,3.189285061893301,2.1192358424714066,474.18238239302116,0.0,synthetic_uncalibrated_model
2293,37.41403679020519,4.351917713085734,3.1725768096078997,439.4679053973123,0.11777512043614313,synthetic_uncalibrated_model
2294,38.21375849838492,3.199091141740521,0.8983244500250974,375.49610309885827,0.0885551954316165,synthetic_uncalibrated_model
2295,35.12297440772422,1.6310329627678937,2.78438343123592,295.68446269407997,0.09134957648620551,synthetic_uncalibrated_model
2296,46.28074735623333,0.1778047434896136,5.841918533473765,295.9194862754401,0.04168006797877821,synthetic_uncalibrated_model
2297,22.187717585254195,1.6892849997874686,2.666177248638569,339.4422948746384,0.07582032296372021,synthetic_uncalibrated_model
2298,88.41205685179604,5.800848361451167,2.066925930067381,295.51461186784604,0.18433935811860813,synthetic_uncalibrated_model
2299,52.73851108803407,5.038880084527395,4.547623953170592,407.106985793166,0.16494296491892402,synthetic_uncalibrated_model
2300,22.511275700315714,4.957183095382458,5.835147223764449,314.57092250231494,0.12565799362706087,synthetic_uncalibrated_model
2301,38.866581613419704,5.68909296856876,3.5258807568114485,414.25497823875367,0.12868689853843795,synthetic_uncalibrated_model
2302,59.551789480482476,4.173902267878373,1.7436088134773255,406.62993697870036,0.14220614210264237,synthetic_uncalibrated_model
2303,75.67835340190132,4.357752868894309,1.1673492344636793,287.64070551831793,0.14503998659629302,synthetic_uncalibrated_model
2304,39.75990756645468,2.851231048647157,2.451092098681489,412.17390614472043,0.11248435068893858,synthetic_uncalibrated_model
2305,78.58688835357603,4.173062964034738,4.6282303819101545,465.1046840503817,0.21058836851461804,synthetic_uncalibrated_model
2306,67.400105180444,2.8140204977035026,5.698954088395684,380.8275109005909,0.21067621152007443,synthetic_uncalibrated_model
2307,47.753554076720555,5.483763952476479,1.5144069979992207,309.17617508898155,0.13059454479826327,synthetic_uncalibrated_model
2308,20.012021865872338,0.24417355999369625,5.119730424533451,362.00021311672833,0.02104295928388822,synthetic_uncalibrated_model
2309,82.45955669602868,1.115959142997946,0.9400762459808817,352.3507264428983,0.09242299385701519,synthetic_uncalibrated_model
2310,39.898654880747664,0.34704285771227317,0.3189035963165333,287.9356305338906,0.021069386896183206,synthetic_uncalibrated_model
2311,72.64360588423092,0.927391734223999,5.351128420797794,369.946244015344,0.17079836655616,synthetic_uncalibrated_model
2312,6.273670257042237,2.512966593629153,5.9434751175086395,331.2218181900788,0.0,synthetic_uncalibrated_model
2313,63.81715856683999,2.256643103141437,1.455695839466984,356.634264436485,0.12417641917968508,synthetic_uncalibrated_model
2314,68.73880915729839,1.556418441044605,3.5449432354284576,440.0355043262088,0.14651258120491506,synthetic_uncalibrated_model
2315,24.25812745355675,2.0112873509249045,5.25428148150932,499.202382688489,0.05090021892053781,synthetic_uncalibrated_model
2316,17.468794568136257,4.954659356911025,3.5390694688696627,458.4356357434989,0.04986540676010939,synthetic_uncalibrated_model
2317,71.32516273268284,4.6000860202811005,0.4456103827363974,489.1097392185304,0.07118872657813352,synthetic_uncalibrated_model
2318,56.7362475967105,1.221199717822276,0.4678844802839788,395.3686764684503,0.0627458540357792,synthetic_uncalibrated_model
2319,52.48345634597473,1.436651908933376,1.1337769270806473,494.2569116517668,0.06491412690538917,synthetic_uncalibrated_model
2320,79.16852335519238,5.492980416701951,2.3766331119421107,305.0197669677237,0.1821899653729958,synthetic_uncalibrated_model
2321,81.41931755825672,4.243968836362796,1.4930791105852241,495.24333051969757,0.11418724045040984,synthetic_uncalibrated_model
2322,29.395902587541705,0.9238112228650789,3.004762958986031,388.55699166165874,0.06313105353285747,synthetic_uncalibrated_model
2323,86.95561779681138,3.7729769317496795,0.9136124383597695,379.4515849931749,0.1391377056565265,synthetic_uncalibrated_model
2324,7.612642362786058,5.1574436418377045,3.2651248722989936,374.0964694677034,0.0,synthetic_uncalibrated_model
2325,75.68555056535587,3.435504493413434,0.3301160310539883,306.8248543244075,0.08375312827622894,synthetic_uncalibrated_model
2326,37.7670564864953,5.807752478956393,3.8352591676124854,356.3271062814656,0.13286814178602835,synthetic_uncalibrated_model
2327,26.865449914581202,1.414186919953571,2.473501401785553,454.58416824325764,0.06803903819485813,synthetic_uncalibrated_model
2328,64.88486514728442,0.7300852042478267,4.634225302614251,415.73069551697085,0.1258259536987616,synthetic_uncalibrated_model
2329,44.49331348010385,3.6804228960762337,3.3427289279676136,410.08276100860326,0.1318794524418656,synthetic_uncalibrated_model
2330,33.66383528387696,3.946980832796701,5.958032156632035,311.6530268388821,0.12774152481686252,synthetic_uncalibrated_model
2331,79.3444986378138,3.7953789493041485,1.8551340025081997,472.8727835556486,0.1398169230669144,synthetic_uncalibrated_model
2332,50.25894352510428,3.780872341730153,3.6411179684106703,280.4808646478434,0.1490618947995328,synthetic_uncalibrated_model
2333,45.18867984784901,1.394063519885399,1.0641419883132464,341.2934031574607,0.07908041901773288,synthetic_uncalibrated_model
2334,27.050595155247624,1.078702460715633,4.5328092025839615,353.5672241302915,0.07183631861858375,synthetic_uncalibrated_model
2335,24.983013877146597,5.346038834725437,2.28104659669065,490.85838598609496,0.061425308365193,synthetic_uncalibrated_model
2336,10.797467859752558,1.8608143114931646,4.524424356652156,402.2550369804897,0.0,synthetic_uncalibrated_model
2337,16.129305630948746,1.6873207581459253,5.8303509533611315,439.11827643067375,0.03759230536954214,synthetic_uncalibrated_model
2338,49.796265468854486,4.486501801886372,0.10477348944948414,423.55265395206754,0.023919791558545872,synthetic_uncalibrated_model
2339,46.67027385154362,0.37562808103720724,4.904400854418096,346.38296541016456,0.054287726405631787,synthetic_uncalibrated_model
2340,53.69903757413836,1.9647126106900086,1.9975779561388118,381.8621074221776,0.11617566950545788,synthetic_uncalibrated_model
2341,24.92679252945677,3.0280153443594826,2.84444757659371,290.3223507445517,0.10380886523458599,synthetic_uncalibrated_model
2342,73.50707293751843,0.6505742200075515,0.16353950399466632,288.052119316566,0.03296695792248161,synthetic_uncalibrated_model
2343,32.8554049600667,2.410494335598978,4.897244985636167,488.4941871121493,0.0727069116723445,synthetic_uncalibrated_model
2344,29.840113751589158,0.6038987802666879,3.4730029808558323,375.22025056605185,0.04683192763925703,synthetic_uncalibrated_model
2345,60.83386631009674,0.6193917557478749,3.122754316091452,481.0439071415986,0.081235758841394,synthetic_uncalibrated_model
2346,9.285728131641623,3.265323170086753,3.9561934998962602,343.97951495149334,0.0,synthetic_uncalibrated_model
2347,25.99600186214498,1.8025692716953492,5.343697742286623,390.169466073915,0.09598974841610108,synthetic_uncalibrated_model
2348,57.38720892100296,4.259656751995099,0.25881982543091203,301.39470247993785,0.059880476821766226,synthetic_uncalibrated_model
2349,58.0510186118946,2.718898026507148,0.5439631274701318,443.1916627294646,0.08394129696258701,synthetic_uncalibrated_model
2350,23.268675662385995,0.3323957530414161,3.338769904298094,324.07176202103966,0.02767515249679063,synthetic_uncalibrated_model
2351,50.535811513902004,1.0353999224998354,4.169948514326764,454.3389000249364,0.09336598068939123,synthetic_uncalibrated_model
2352,89.09309962230579,2.026364406355857,0.4336867027067276,403.08633029868963,0.09190730132945302,synthetic_uncalibrated_model
2353,64.69824916927453,0.7756163818328726,1.3793029326071962,418.6515061556468,0.07539180108063087,synthetic_uncalibrated_model
2354,73.0580711627301,5.079944514390672,4.530001563418178,397.95051581360804,0.21679506202833387,synthetic_uncalibrated_model
2355,7.821121723099759,0.7596674106858117,1.6793323229965718,287.2937691823751,0.0,synthetic_uncalibrated_model
2356,51.13980325832476,1.0841283213211848,4.933883093849856,383.1550454567086,0.10853243403648832,synthetic_uncalibrated_model
2357,33.06310139109053,4.834931690657478,3.030559465299997,489.08560698507824,0.07885730012377912,synthetic_uncalibrated_model
2358,18.995411880682425,1.5887495969957333,3.767662509760907,452.8656673012391,0.056404258469413104,synthetic_uncalibrated_model
2359,78.87115455521912,1.123058857854894,5.528233714019415,488.4426122457272,0.18527495048164888,synthetic_uncalibrated_model
2360,53.36111788391917,4.548121316320046,1.0928802378077314,382.24957599132796,0.12338337201258481,synthetic_uncalibrated_model
2361,17.1458925244385,4.886140777042257,2.994481966762331,497.3398801103434,0.023539779372990538,synthetic_uncalibrated_model
2362,52.122551702952265,3.5277215578419705,3.1163430491740147,282.188688555173,0.1468379336831911,synthetic_uncalibrated_model
2363,76.9719025149637,2.4699859652289864,5.515248410185082,440.8031608224409,0.22452761476794525,synthetic_uncalibrated_model
2364,22.53115514795409,1.7101425859425825,0.7300629672539197,449.6205702384575,0.03347256039877641,synthetic_uncalibrated_model
2365,78.02867057193949,2.537170657688163,5.689913333231366,353.4681160544516,0.2390029821323746,synthetic_uncalibrated_model
2366,86.14064145103484,1.2577660887734066,5.940652405324284,373.96079283091115,0.2375509057122248,synthetic_uncalibrated_model
2367,10.9027646827139,1.6942303408802957,4.4880236443601635,380.4879537142371,0.0,synthetic_uncalibrated_model
2368,32.51668789779965,4.027933045101277,4.548961737662779,333.712279396452,0.1274015102331182,synthetic_uncalibrated_model
2369,47.40563574343291,3.4032585732402856,3.222388470474081,370.4642933119125,0.13740492604167875,synthetic_uncalibrated_model
2370,56.07125844681631,2.8089329127801115,0.12016737044313071,300.32215571552075,0.030833335828745007,synthetic_uncalibrated_model
2371,32.00350823484875,1.8454375520729485,4.28496234483932,395.1825143126656,0.0977172194531547,synthetic_uncalibrated_model
2372,21.519459417757428,3.8524566448286235,1.2632958085122907,365.4032443004545,0.05731278048277105,synthetic_uncalibrated_model
2373,46.77607200513092,3.914847835762408,1.3789832774263042,376.9933169304333,0.12117658255213176,synthetic_uncalibrated_model
2374,59.762809006153006,0.6097565528866139,3.983431635984151,407.06868242045226,0.0972127484487934,synthetic_uncalibrated_model
2375,82.05841732434108,4.7041368367382015,4.793451231762052,470.9849914843967,0.22024274764360308,synthetic_uncalibrated_model
2376,55.435975473505195,4.816506182553088,1.2443199728104968,376.7771104143553,0.1312733127291883,synthetic_uncalibrated_model
2377,87.41175289288297,5.250871060875169,0.2647978320142247,349.4785212272636,0.08265259213636378,synthetic_uncalibrated_model
2378,65.29998184560148,1.0869717785558464,2.303604061000155,387.90887305000547,0.10692486338706286,synthetic_uncalibrated_model
2379,52.66963182924627,5.440593880242125,3.3578124017841637,435.2709357738398,0.14951886276888549,synthetic_uncalibrated_model
2380,76.2016875331166,0.577318740730699,2.888626092984706,468.76649905488193,0.10288538509118261,synthetic_uncalibrated_model
2381,30.938160910506472,1.6202673024801708,5.23295828268113,429.7416440112279,0.08830324304276571,synthetic_uncalibrated_model
2382,76.2452763304651,1.2462041818004685,3.2955335064090376,445.61020787283724,0.14450872096011913,synthetic_uncalibrated_model
2383,87.88408303580228,1.5325162380400414,5.726437460191284,417.1586746545174,0.24436111721717513,synthetic_uncalibrated_model
2384,21.50076119088373,2.1378683167141084,4.836554167334382,428.1300061917417,0.09039998989678943,synthetic_uncalibrated_model
2385,57.77250627921921,5.488713812314652,2.5106423192218625,341.5783042607525,0.15731400147503916,synthetic_uncalibrated_model
2386,57.49003641032787,1.9361516792963456,3.49700210413386,354.67439364544606,0.13847818005012869,synthetic_uncalibrated_model
2387,68.69759973099423,5.711701252420493,3.6320500007155863,305.98991457077244,0.19292678381485173,synthetic_uncalibrated_model
2388,7.933720792397365,3.729734320625001,0.33169873188870014,381.24401405539885,0.0,synthetic_uncalibrated_model
2389,7.8354770636894955,4.613385366911599,5.904180392847553,402.102441744806,0.0,synthetic_uncalibrated_model
2390,57.67520102461572,3.077166253640243,5.0261869407519075,350.381450490504,0.17505965959908742,synthetic_uncalibrated_model
2391,6.563592757343043,3.29983287303776,3.041003418322434,336.2455155401035,0.0,synthetic_uncalibrated_model
2392,30.564835617354202,4.115007168076906,4.998727922836502,284.90625524960564,0.1278807066236246,synthetic_uncalibrated_model
2393,88.28967121778199,3.0345613261652633,5.570676773927096,351.4057328472984,0.2708035978525214,synthetic_uncalibrated_model
2394,21.992843110008593,3.396160631927124,2.283518618597476,399.7714383957399,0.0837806180664985,synthetic_uncalibrated_model
2395,14.946138809119724,0.8085998929653435,4.024847477581592,423.2564839493731,0.0,synthetic_uncalibrated_model
2396,12.370892698690502,1.8330470356516342,5.813714846350446,484.3954661703308,0.0,synthetic_uncalibrated_model
2397,83.92438121948938,0.9856669398099205,3.426349143997224,392.7340217292806,0.1539506702379454,synthetic_uncalibrated_model
2398,43.4344174068034,3.5229833666804646,0.8411107174451004,366.82455067479816,0.09580572198382897,synthetic_uncalibrated_model
2399,47.807515680159476,5.8136863006597945,0.2962914966734934,331.64086728598926,0.05701716289775913,synthetic_uncalibrated_model
2400,43.46313695621374,1.1368281370171343,5.88233077694323,415.4916388041422,0.08775572197265546,synthetic_uncalibrated_model
2401,53.38976219878729,1.681672770987691,1.5310571014144272,324.17574021912776,0.10326718624240239,synthetic_uncalibrated_model
2402,59.49501547549603,3.2424897958473378,5.59100004344753,442.5993936573609,0.18047934589364045,synthetic_uncalibrated_model
2403,71.68363937285564,3.5178019853560887,0.4384264261554961,366.7196502821233,0.0951885434569647,synthetic_uncalibrated_model
2404,26.66482799517343,5.220625264938099,4.128024309604835,299.0284707511533,0.12714321972499354,synthetic_uncalibrated_model
2405,51.27337021283848,3.038861876846979,2.348583158599388,477.8848880034766,0.10668751369850493,synthetic_uncalibrated_model
2406,56.5730710952969,0.15804828998447673,5.888763195581376,300.6593272003725,0.0789491731846732,synthetic_uncalibrated_model
2407,36.502517653360485,4.588866908589862,1.1691027231615698,396.17843925387064,0.10121230013562399,synthetic_uncalibrated_model
2408,30.39558785687413,1.6191899532868101,2.2741200366817083,377.0543557997479,0.08552813188693675,synthetic_uncalibrated_model
2409,78.05577304160806,5.450031430312711,1.5611568320543063,350.23804039979075,0.160936083000365,synthetic_uncalibrated_model
2410,88.11729764475498,0.9683687532749972,3.7934132901687643,367.758251634075,0.1707979841394447,synthetic_uncalibrated_model
2411,73.9200691537183,5.230093487396571,3.821452876630719,348.2934214874691,0.20575414301507955,synthetic_uncalibrated_model
2412,33.15624571880788,3.402246009541163,3.6004606086636226,395.97260494304487,0.12040627525853315,synthetic_uncalibrated_model
2413,52.539341033830134,0.5815739297434176,3.0674913721036874,343.0663210767832,0.07089464351586233,synthetic_uncalibrated_model
2414,73.34810088923821,0.7466836553325092,4.287428247169056,366.8830335142855,0.14172002630193448,synthetic_uncalibrated_model
2415,34.56404223286944,0.7528610502508728,1.3124615634591303,354.5596570939705,0.050839679201031135,synthetic_uncalibrated_model
2416,60.30237685969979,2.9409008310341247,5.533350059083593,455.2053053868866,0.17503902638963875,synthetic_uncalibrated_model
2417,42.95690347397328,4.888174438917994,3.390980128582935,436.7303069727103,0.1279536280984277,synthetic_uncalibrated_model
2418,26.58352753650532,3.3502800786641975,3.516120054159931,423.18749052837336,0.11024623126124478,synthetic_uncalibrated_model
2419,65.85322170492795,2.729215522193291,5.259037211952936,283.2545589591458,0.1980237756023201,synthetic_uncalibrated_model
2420,41.802067512643866,4.791439471150915,3.401525534963701,465.82427264268523,0.10946003309260866,synthetic_uncalibrated_model
2421,29.733404364440833,5.573624906851271,4.0282578954848205,289.78273788508886,0.13039643846448745,synthetic_uncalibrated_model
2422,45.25681126431055,5.420727972732656,5.332435883016499,355.45389284226695,0.15063593420765653,synthetic_uncalibrated_model
2423,74.44151738363497,5.273939835327231,3.232142752670636,397.3915492811706,0.1929516447466605,synthetic_uncalibrated_model
2424,11.091425671114784,2.3406967609876945,0.20060946309156386,384.4559419124102,0.0,synthetic_uncalibrated_model
2425,42.58044222304507,3.126176712672299,4.084260356579035,294.9166130130447,0.12775975132610629,synthetic_uncalibrated_model
2426,88.85227119852445,5.077941912268177,1.6977891921859056,319.266769673281,0.1725953680637814,synthetic_uncalibrated_model
2427,70.89181425887435,1.6000453043472507,4.424438946728002,481.98512435272335,0.1548899199338113,synthetic_uncalibrated_model
2428,15.026109063676303,0.31923553193045284,3.3207982970212133,376.4386438697066,0.0005914781556803153,synthetic_uncalibrated_model
2429,16.345827048592106,1.1441873109847243,4.764332871911082,332.42144801500336,0.03964402973875314,synthetic_uncalibrated_model
2430,32.89622463435676,4.640251383419462,4.688514668793074,338.6861150105989,0.13025373323298595,synthetic_uncalibrated_model
2431,7.373902392302161,2.0506231159220896,0.8890094026456851,467.5988392787076,0.0,synthetic_uncalibrated_model
2432,10.548923307813139,4.941370778578359,2.3163914072614804,481.2883579038305,0.0,synthetic_uncalibrated_model
2433,67.1107340501406,4.477211984674141,0.6429311249527797,399.1528940057242,0.11258544199331993,synthetic_uncalibrated_model
2434,5.352279615718789,1.4479822861170604,1.8463449623617985,341.141334783166,0.0,synthetic_uncalibrated_model
2435,88.1632358041455,4.471151339484191,4.842504988831033,350.43419314803043,0.25927221949580415,synthetic_uncalibrated_model
2436,44.86858008448858,4.999199895047256,1.3968695496785797,396.0213058671118,0.12169152377639919,synthetic_uncalibrated_model
2437,72.71698433921982,3.706644005994022,4.231214743968796,366.7489786849341,0.20547860340203117,synthetic_uncalibrated_model
2438,48.11589872796431,0.5176955351392135,0.49236731980325343,424.40516311843004,0.03566082398816242,synthetic_uncalibrated_model
2439,36.71418135587895,4.532886929050146,4.776965016218755,334.34232635926367,0.13034609447883017,synthetic_uncalibrated_model
2440,13.469234736506163,2.7416937575183793,3.931922277575818,396.9667413154909,0.0,synthetic_uncalibrated_model
2441,37.71643691814975,5.976188249011651,3.9945616503886443,287.4308029058937,0.1334653388649819,synthetic_uncalibrated_model
2442,34.20435971959513,2.678246618425279,5.138084431213984,354.3496672347985,0.11552436685716894,synthetic_uncalibrated_model
2443,38.16739765805994,2.5061735449880276,4.774514579784858,487.15730422937776,0.07699490860012431,synthetic_uncalibrated_model
2444,18.216541025935843,3.67708027664264,1.824636066938335,400.3761728739818,0.045059070090121334,synthetic_uncalibrated_model
2445,42.225247037448554,5.083142345510097,2.000415306481177,355.02216457367126,0.12878598531053287,synthetic_uncalibrated_model
2446,69.50709500278919,1.072810833583031,5.839803405244698,335.78549219964475,0.1775088549068372,synthetic_uncalibrated_model
2447,61.897366015902946,3.597503085171844,0.8385993375480013,332.57651767145586,0.11792304167859496,synthetic_uncalibrated_model
2448,33.325686474248094,4.236849310183783,3.9932054788119378,402.2134263006622,0.1257049649832711,synthetic_uncalibrated_model
2449,47.16760248063148,4.618214895225569,3.5439835974954086,412.91288942151715,0.14250823824345726,synthetic_uncalibrated_model
2450,52.313445062813585,2.6803748787885593,5.388266185750351,316.3767347995797,0.1575516686161581,synthetic_uncalibrated_model
2451,87.69187763943239,1.791253869395612,5.519342602493347,404.9285978886118,0.24580425507279569,synthetic_uncalibrated_model
2452,84.15955440179697,5.167766171066676,3.944059015095789,476.93751393304206,0.19906672041308449,synthetic_uncalibrated_model
2453,85.77428800651361,4.2109064118181925,3.7587390339992686,472.4369175238442,0.19906643784375122,synthetic_uncalibrated_model
2454,26.18719064453859,4.944157371681142,3.7091412668914807,346.7689121727528,0.12346846892049235,synthetic_uncalibrated_model
2455,70.76667974200842,2.3543991527808417,4.2793580772255755,341.206366169079,0.18743375383928906,synthetic_uncalibrated_model
2456,71.50200239673606,2.148224153650594,0.8491537657685058,393.5182717919183,0.11001170462817289,synthetic_uncalibrated_model
2457,47.366044743252104,3.8371729765201708,3.470901974693146,483.33755282253026,0.10559644794496753,synthetic_uncalibrated_model
2458,53.27506309626109,5.538038686164297,1.8935516695763375,400.47316640828564,0.14189486351831948,synthetic_uncalibrated_model
2459,31.434452240924074,1.1407521541926116,4.104609817312983,374.9091001685649,0.07488505829942943,synthetic_uncalibrated_model
2460,14.74107328314264,1.8282100609240735,5.435085681224276,474.2918267407527,0.0,synthetic_uncalibrated_model
2461,5.4314316705322145,3.731966988329802,5.987274074613782,365.1646092962252,0.0,synthetic_uncalibrated_model
2462,14.60030025973436,4.720846379885826,3.7410402590301013,468.3804682321494,0.0,synthetic_uncalibrated_model
2463,10.139005552774357,5.049088387790037,3.7542177662038125,298.149191468947,0.0,synthetic_uncalibrated_model
2464,49.12572599076782,2.661641975897246,3.785312677262439,490.4662910599133,0.09994819968740165,synthetic_uncalibrated_model
2465,7.570064298711312,0.25628575075046767,5.322911710722182,447.09870877419615,0.0,synthetic_uncalibrated_model
2466,10.70558292429438,4.543115520471222,4.6445548414959035,314.2790641854169,0.0,synthetic_uncalibrated_model
2467,44.113983284661735,1.8905622547594856,2.6970313797088927,400.1072819302724,0.10532269326959587,synthetic_uncalibrated_model
2468,65.41606098288835,4.055060195131488,2.8955824522230325,464.58528097037527,0.14965520211070948,synthetic_uncalibrated_model
2469,52.40102191282473,5.992996693448442,3.559659623110549,296.416562849431,0.15996576989203892,synthetic_uncalibrated_model
2470,89.97431963680867,1.014496193163803,1.9298549679232373,375.0497823180879,0.12188069558908893,synthetic_uncalibrated_model
2471,36.95333065336768,3.2028785676602394,3.4306359678241387,353.5961358758025,0.12078441465098616,synthetic_uncalibrated_model
2472,27.01700887432847,1.4123536939329926,1.9861350204028205,374.50419027904525,0.07352702602103323,synthetic_uncalibrated_model
2473,50.75783697402042,3.911524363515244,4.658176524957064,402.4703286714563,0.15657961526256337,synthetic_uncalibrated_model
2474,6.4597855391448356,3.1410399188672575,5.274465747725466,462.6214326029019,0.0,synthetic_uncalibrated_model
2475,37.34761568460965,1.488283107759296,3.1137929699180966,369.67033524020303,0.08784344759371576,synthetic_uncalibrated_model
2476,66.6623709229789,2.0795702147050226,1.9544849056732667,281.67644224646324,0.13298530429886557,synthetic_uncalibrated_model
2477,49.31955475457653,3.7473710831012603,1.3486974388471042,470.2100876770187,0.10098103161871891,synthetic_uncalibrated_model
2478,55.906820980678766,1.4766867931263137,5.681194256693836,382.7863288107255,0.14546927897822992,synthetic_uncalibrated_model
2479,28.749276754028106,3.700479505929728,4.040860117240852,372.0126750027377,0.12244158913042857,synthetic_uncalibrated_model
2480,24.025293575810917,0.2965695624841718,1.680735022244622,404.55347524277283,0.02292478189697461,synthetic_uncalibrated_model
2481,16.01730089163803,0.572501716481559,5.947187347947539,397.94741593287347,0.027055295232344928,synthetic_uncalibrated_model
2482,35.5718977212511,5.876830956402652,5.583607500616391,377.34136585410874,0.13309561523882074,synthetic_uncalibrated_model
2483,77.93275270910674,0.48718041337242324,3.3065726456529974,285.51657627714206,0.11406232970737856,synthetic_uncalibrated_model
2484,52.72358708153967,4.140012362272321,5.625823244852337,491.3683237042276,0.12914414574928879,synthetic_uncalibrated_model
2485,63.29424624432007,1.5545036373546028,5.068349718966381,334.48582274735446,0.16336636209691768,synthetic_uncalibrated_model
2486,70.03021538895985,1.2854225636276355,3.6883711448866894,336.92064558063163,0.147098840996422,synthetic_uncalibrated_model
2487,89.88313033250041,0.27782267558038265,1.4583187860649376,357.9885850589388,0.06537080028873948,synthetic_uncalibrated_model
2488,6.248970216005125,3.6384350145271593,3.1901821254676688,343.94412823924563,0.0,synthetic_uncalibrated_model
2489,70.6437280681009,0.4685565091747238,2.75406897683792,357.80912642115334,0.08951732465272827,synthetic_uncalibrated_model
2490,87.50022688093335,4.550278860192413,2.0198866566641365,443.7659112584092,0.16951308651777275,synthetic_uncalibrated_model
2491,54.53459061715406,3.147934709381245,3.252562669975745,408.1209758796738,0.14707384407734292,synthetic_uncalibrated_model
2492,50.02801012590838,2.0884653699650797,0.9675379993625527,375.70783854150665,0.09639715891252465,synthetic_uncalibrated_model
2493,85.08211037483365,3.9800325845161963,2.6558373410787737,468.03604532011695,0.17060099282902563,synthetic_uncalibrated_model
2494,73.69499356859343,1.8417093036016436,5.2796335004053345,498.0596460219821,0.17307981126316185,synthetic_uncalibrated_model
2495,18.005642326605734,0.5623607369846888,5.458418529629738,297.26278210534923,0.03931060120547958,synthetic_uncalibrated_model
2496,44.31234250409011,2.2045268855466444,2.51296167661121,338.39376624882493,0.11274348064306672,synthetic_uncalibrated_model
2497,87.91775935023398,4.428008863764297,5.1526071157317155,407.7596989581077,0.265137751310186,synthetic_uncalibrated_model
2498,37.28237103400498,1.4998959907800329,1.1250732196313618,462.2172157354116,0.06469473220163996,synthetic_uncalibrated_model
2499,43.30168590727698,3.579839954318328,1.5787834176393427,336.04838874264954,0.11879388319784517,synthetic_uncalibrated_model
2500,21.58660597830403,5.8866219963885005,3.5524179929972193,293.5868983918611,0.10779836406246762,synthetic_uncalibrated_model
2501,50.087689707189064,2.7155939687014974,1.3237951288995675,360.9434921518033,0.1148990232966437,synthetic_uncalibrated_model
2502,58.6192892903987,4.992680332942823,4.595977008186942,443.89843256537364,0.17250053925626196,synthetic_uncalibrated_model
2503,25.4605141864737,4.207872565647668,1.8804643622135837,431.35188078652277,0.08951228854132698,synthetic_uncalibrated_model
2504,72.2646526154998,0.41863410123824185,2.5958823021313293,434.7559772556908,0.08440778784946051,synthetic_uncalibrated_model
2505,29.255507546333604,1.9001269466256057,1.619204162601998,457.246285229999,0.07161706132135137,synthetic_uncalibrated_model
2506,69.90765658078772,4.929574627919595,1.8502291065719874,333.5411072381249,0.15942739993636024,synthetic_uncalibrated_model
2507,9.630190724324098,2.3576568129631066,4.354198368447603,471.3317152059228,0.0,synthetic_uncalibrated_model
2508,38.312570822422465,2.1366083729205156,1.5677986205929202,318.1915977197708,0.09640698781916346,synthetic_uncalibrated_model
2509,85.87250724686444,1.751276487819761,3.4799354324084812,474.9956100369985,0.1701335971736847,synthetic_uncalibrated_model
2510,70.14007088860855,5.487928010238897,0.3410936912965836,432.6111046469896,0.08089242920950646,synthetic_uncalibrated_model
2511,39.503605504265295,1.6665086509114426,2.7898060955616923,422.8480890595067,0.09035771866693798,synthetic_uncalibrated_model
2512,53.58110803420078,2.951034641492157,0.6977764855705859,339.3493355747251,0.09788873762018319,synthetic_uncalibrated_model
2513,65.64363390691045,0.8613929184385942,2.387633574560461,392.6225431176546,0.09833415029490222,synthetic_uncalibrated_model
2514,53.80830681452772,0.5719019321617015,4.644935845162252,357.50640134244554,0.08736210057790605,synthetic_uncalibrated_model
2515,43.995334331116986,0.7014023339330007,3.8410655219797714,434.5763006101731,0.0616609793644281,synthetic_uncalibrated_model
2516,17.522303918568184,0.3737906834382848,1.5557034491283706,283.54706490758645,0.017532926615910355,synthetic_uncalibrated_model
2517,43.34502972821729,5.308441591924745,5.914258765189726,334.9512709199619,0.1455520398043365,synthetic_uncalibrated_model
2518,51.43641144199382,5.491816175321178,4.814282650422681,423.04589221505853,0.16187069754936856,synthetic_uncalibrated_model
2519,11.732825368647966,2.302164892540326,2.295620919245195,403.7116634899999,0.0,synthetic_uncalibrated_model
2520,69.94291699353585,2.778874448471169,4.671733268075135,469.17221774642064,0.18037796453389787,synthetic_uncalibrated_model
2521,80.21222068707226,0.8651429382927044,4.922995086396143,324.96521381681094,0.17855922885349262,synthetic_uncalibrated_model
2522,84.76713581062532,0.40177441251835266,5.628848623987802,347.7776499565486,0.18145411947899737,synthetic_uncalibrated_model
2523,46.89508145979177,3.314125855149883,4.082977205994849,483.3678487403889,0.10567395256343964,synthetic_uncalibrated_model
2524,80.86838930440825,0.5249693471164959,0.6442814719933235,423.0197354269088,0.05342159055840909,synthetic_uncalibrated_model
2525,16.372589790292505,3.4248415296190786,2.0158628412074626,473.20862882509334,0.017779207514706394,synthetic_uncalibrated_model
2526,28.519190080474786,4.96968289485027,5.747453954954583,386.78017587010015,0.12993858539379688,synthetic_uncalibrated_model
2527,6.206505571930364,2.479072023035691,2.9572748345302826,323.0064714927098,0.0,synthetic_uncalibrated_model
2528,56.146796615692594,5.542144058092992,1.3747651390493458,451.9590010799209,0.12347195371240116,synthetic_uncalibrated_model
2529,85.5810201726868,3.285448839234478,0.16128964107376734,342.1267770124429,0.055741988595498254,synthetic_uncalibrated_model
2530,77.92082944981976,5.957904182075107,3.4906411853958437,339.02151516734926,0.20716944563469109,synthetic_uncalibrated_model
2531,39.17507350921613,1.1798872134645273,1.824178467184577,331.2429121936449,0.0739385410642513,synthetic_uncalibrated_model
2532,63.64245004324279,5.331088725989521,5.102785836767012,464.86732300941355,0.18290125701321225,synthetic_uncalibrated_model
2533,81.91745450161154,5.292972601751589,2.8864291798140136,439.6176084982927,0.18902789988492585,synthetic_uncalibrated_model
2534,30.343623459431136,1.8779492401682332,3.089810327917816,473.89399781846976,0.07461105471033835,synthetic_uncalibrated_model
2535,40.19514929232393,5.859089399899792,5.581812209855176,372.8051002495866,0.13404439428673798,synthetic_uncalibrated_model
2536,49.626690221136755,2.9564861043835995,0.6171020417234663,436.4569454152957,0.08326623235717862,synthetic_uncalibrated_model
2537,8.664441206232976,5.579861279577672,2.91679467951496,427.4420262069184,0.0,synthetic_uncalibrated_model
2538,9.523010940619951,4.111106730680933,1.8654607049444842,298.887981447823,0.0,synthetic_uncalibrated_model
2539,38.29676433043689,0.45752822154134565,0.6526671124421932,385.60942717151875,0.03150427080074661,synthetic_uncalibrated_model
2540,60.197155867905586,4.620701104333926,4.099532954259906,379.0140072322986,0.1792262806101289,synthetic_uncalibrated_model
2541,27.036338200981046,2.2290221116220974,4.984632162282927,488.89116035475,0.0662669330153619,synthetic_uncalibrated_model
2542,62.817166372073245,2.5514000345619947,5.549860361703902,289.91944823854334,0.19096313375605478,synthetic_uncalibrated_model
2543,61.17787407104227,5.724605058025697,3.187964434180826,381.74534248525435,0.1713317205532685,synthetic_uncalibrated_model
2544,78.37706140844179,1.2340036703262187,0.15723096899388347,386.1510239794046,0.04241237325039751,synthetic_uncalibrated_model
2545,54.82807416703109,0.9014412336176547,1.9837756752865263,375.8713827110306,0.08154565810137027,synthetic_uncalibrated_model
2546,15.790089797950664,0.8791445336660443,5.319282000565534,411.5193828301052,0.025699677504177537,synthetic_uncalibrated_model
2547,32.55354880540072,0.4453872293234855,1.8444344162504327,449.29049325031826,0.03262776171741005,synthetic_uncalibrated_model
2548,62.10304950563582,1.2689497764048066,0.7467522821767973,392.1526831784071,0.08003475508501612,synthetic_uncalibrated_model
2549,34.092181791939794,2.4094661678359257,5.748459397872251,483.41357567184497,0.07795425737872752,synthetic_uncalibrated_model
2550,9.033113291724174,4.3438380405855535,5.8409459553730825,350.60363403593715,0.0,synthetic_uncalibrated_model
2551,67.6563375784463,1.8665884478383243,3.2854936334358955,343.6364202027998,0.15286483461529443,synthetic_uncalibrated_model
2552,32.05519062447057,5.643697477118591,4.287315728058106,290.71977051784484,0.13216311883949028,synthetic_uncalibrated_model
2553,68.58392692372072,5.327945900617203,4.381383356997818,424.9893377199816,0.20037328506885255,synthetic_uncalibrated_model
2554,40.6167116216498,1.4957763482191209,4.0078001202044975,386.632406802492,0.09018222359470551,synthetic_uncalibrated_model
2555,76.10028161314055,1.1101478419755257,1.88805864935765,337.05673237645544,0.11205545920440152,synthetic_uncalibrated_model
2556,73.81888058015315,1.7151186945213945,4.885484802241611,356.91008683212124,0.19301730844877907,synthetic_uncalibrated_model
2557,86.94814988235423,1.401628269613024,3.5735564402793365,306.9219296406585,0.17971210524911285,synthetic_uncalibrated_model
2558,22.75672603403388,3.849042189757779,4.01684312865774,371.8860219464551,0.11246056181121139,synthetic_uncalibrated_model
2559,8.116510860100286,2.4505261015763313,5.331122828665784,387.88373129050933,0.0,synthetic_uncalibrated_model
2560,87.58655801073702,1.860200242726579,5.887307249848353,369.7865518108024,0.25844129982711284,synthetic_uncalibrated_model
2561,75.03133346776495,2.347379204729196,4.346318488818612,327.6744217007021,0.19831174779484229,synthetic_uncalibrated_model
2562,20.583938277899353,0.8678489207421483,5.589779727617557,491.2997862422284,0.032833112654526514,synthetic_uncalibrated_model
2563,64.70523348506002,5.505477711094852,0.8307421039714965,455.3497456300671,0.1120200338848088,synthetic_uncalibrated_model
2564,89.71179249243798,2.6446475971843735,3.0508989901129797,350.2585216983078,0.19683578971581128,synthetic_uncalibrated_model
2565,66.03488209852352,5.873290566414831,1.5979511035876737,493.1656409782304,0.10614370719411481,synthetic_uncalibrated_model
2566,86.34141286411896,5.686815508505949,1.5599141925607676,403.57321193013314,0.16582267595587363,synthetic_uncalibrated_model
2567,13.097610281746258,0.2336383934442232,0.11052015328406622,495.44253197523676,0.0,synthetic_uncalibrated_model
2568,58.15397598868931,1.0588160308440508,2.1667459574392187,334.24083101494904,0.09511683074851601,synthetic_uncalibrated_model
2569,39.28753543632137,0.4493486624058246,5.446808279943387,325.49403205773257,0.03732959897233662,synthetic_uncalibrated_model
2570,39.91160625718895,4.711039873766255,0.4061803434666088,305.8910653084527,0.05936471878204219,synthetic_uncalibrated_model
2571,5.825937591118517,5.015919847869791,3.9187370666662247,334.0927300405075,0.0,synthetic_uncalibrated_model
2572,19.80653890227846,0.9467914698494657,1.2691892634024906,471.2778531459063,0.02576677726433116,synthetic_uncalibrated_model
2573,16.914817062456027,3.9065548918428483,5.926449883124336,485.516001008314,0.03633390504134704,synthetic_uncalibrated_model
2574,89.40359930455999,2.5855708772979504,3.563393487327015,454.3463814137072,0.19981816180419976,synthetic_uncalibrated_model
2575,19.915570097425398,5.9458787674820766,1.4473621419824172,389.64824131271354,0.052979831563119556,synthetic_uncalibrated_model
2576,62.796905270404,0.2172437635648583,0.23754967013376255,358.14280681009143,0.018990545669107184,synthetic_uncalibrated_model
2577,66.0999089887842,2.322392716447066,3.162315243561805,466.3507136582339,0.14194794180452608,synthetic_uncalibrated_model
2578,36.655601111295766,5.9308607375580795,1.127440740213065,362.7229761058471,0.10277047426034525,synthetic_uncalibrated_model
2579,64.94520434977596,4.198729834807807,1.5721562043347403,465.06547229456265,0.12645070893009525,synthetic_uncalibrated_model
2580,12.01815925632124,1.232860513721999,0.35751431276268864,389.16316110835294,0.0,synthetic_uncalibrated_model
2581,33.96520134950892,5.616841342958919,5.443654349001149,471.25427450119184,0.10028428837707865,synthetic_uncalibrated_model
2582,38.776482348617684,2.0159319527020325,5.3065946452309,385.44288543016404,0.10307408190354606,synthetic_uncalibrated_model
2583,40.66107736652559,0.4658581721789763,2.7371548958481133,411.9177536206187,0.03893516035066685,synthetic_uncalibrated_model
2584,30.304845033465135,4.35369034998399,5.347038645478566,408.5454971378852,0.12591472724408115,synthetic_uncalibrated_model
2585,10.503998501320492,2.931919768638637,4.275779482116529,294.98791694645337,0.0,synthetic_uncalibrated_model
2586,41.01726436316007,1.8287489855483656,4.603439012153929,388.41205495618476,0.10144400367008338,synthetic_uncalibrated_model
2587,45.292835175660194,0.4560332059855392,2.9502300585771626,482.4637956286721,0.04123827947120168,synthetic_uncalibrated_model
2588,52.86313114443475,2.324394317760932,5.482206384646352,421.4917816802381,0.15128164844630376,synthetic_uncalibrated_model
2589,46.51458740278574,4.764602052793443,4.267632459348236,286.2460749161825,0.14841193581748946,synthetic_uncalibrated_model
2590,57.00806140564499,0.3052025724829923,2.479311440144816,408.9234567907333,0.053375065830104235,synthetic_uncalibrated_model
2591,40.52574339914628,5.91037797006042,4.336603093403535,377.4082725996698,0.13449356804920243,synthetic_uncalibrated_model
2592,86.83536773577872,5.94960311479027,1.9938262896322003,386.7762935534917,0.18008128129338707,synthetic_uncalibrated_model
2593,88.00550130082787,1.6481097263251956,2.968290300746109,494.69465799632894,0.14661908911639598,synthetic_uncalibrated_model
2594,21.486067734108595,2.8767810610956257,2.1475394831109114,473.7882591156481,0.05665876400083519,synthetic_uncalibrated_model
2595,8.409923564420641,3.9853944444392297,5.22933872080509,477.7735003517092,0.0,synthetic_uncalibrated_model
2596,41.46609100207793,3.208003290991491,1.381067206484685,359.99699012403266,0.10938611910542972,synthetic_uncalibrated_model
2597,87.32002677643206,5.93346185794029,0.10909889741119484,469.7106002533742,0.0357531881007184,synthetic_uncalibrated_model
2598,50.84985738104018,1.1910278082131835,5.870870258301085,308.1208673764553,0.11938559296043771,synthetic_uncalibrated_model
2599,21.185399261792575,5.52984878596297,4.686471804677809,405.64035930271336,0.11268145367251448,synthetic_uncalibrated_model
2600,42.41727758707787,3.8463374740350877,5.26177120342614,338.94320307762234,0.13528751909564551,synthetic_uncalibrated_model
2601,74.86746980753189,3.007938055563553,1.2238491224847188,333.35258607867394,0.13736670587914845,synthetic_uncalibrated_model
2602,10.631100844572927,5.769146673339331,5.054348159276597,383.60715932867004,0.0,synthetic_uncalibrated_model
2603,89.33324086560765,1.0312115038842071,5.671135970110784,438.01942203454166,0.22735949166659442,synthetic_uncalibrated_model
2604,14.90964936487361,5.600880608270873,2.735960627478319,368.2618269696664,0.0,synthetic_uncalibrated_model
2605,46.18906785333636,3.234104469488006,0.2996092620572315,310.86960612069976,0.05359477635838886,synthetic_uncalibrated_model
2606,78.92641380571816,3.3071373081560993,0.4642681741824425,336.62288989586426,0.10209192576554132,synthetic_uncalibrated_model
2607,46.55732470639033,5.16511134704942,3.8206242041596825,492.1245585919541,0.09808002787474007,synthetic_uncalibrated_model
2608,76.02806585990048,2.753999807767349,5.001353380966175,357.3976617764108,0.2209461430787225,synthetic_uncalibrated_model
2609,6.157318946105838,2.8254184883669957,3.1739951164238778,400.6121532852428,0.0,synthetic_uncalibrated_model
2610,76.8162011072218,1.7501835669612542,0.5090973875450168,332.9794591870082,0.08847350824254124,synthetic_uncalibrated_model
2611,60.52092130854132,1.1255342003174067,3.9994623354786762,461.968154980401,0.11798085304942213,synthetic_uncalibrated_model
2612,73.37671077851613,5.286591390940406,5.657932824030801,334.68335850312474,0.24280723921704606,synthetic_uncalibrated_model
2613,62.96456135304638,0.7075766529168495,5.102076350288643,403.6006706889121,0.12685110813552103,synthetic_uncalibrated_model
2614,23.105516880362583,3.3032642816264794,3.9208894712656734,414.888255401125,0.10612773533815423,synthetic_uncalibrated_model
2615,37.996161088291316,0.6075183859561395,0.8461192501325281,428.5802974070168,0.03950749154353886,synthetic_uncalibrated_model
2616,55.83707922152494,5.462918276954623,3.5132653929544597,400.0869347391831,0.16380602376037545,synthetic_uncalibrated_model
2617,77.82964465067056,3.9715074052616073,3.872145667289517,359.1928423837475,0.20995940519595924,synthetic_uncalibrated_model
2618,86.12421278490666,3.7070736741192527,4.60797210638775,313.45832596972866,0.24441961921179,synthetic_uncalibrated_model
2619,50.76876516726818,1.567173019845101,3.572592242237624,308.7946406547237,0.11538728387882463,synthetic_uncalibrated_model
2620,13.176806005491514,0.8777574930641124,2.407862572353233,358.0610210833137,0.0,synthetic_uncalibrated_model
2621,38.48822703077536,0.8855597116460282,0.4181496594651044,418.57049086137073,0.038501175766501056,synthetic_uncalibrated_model
2622,56.96302573940931,5.169395853963646,2.711134274051576,357.2658673168216,0.1578152971154494,synthetic_uncalibrated_model
2623,52.31548889270134,1.7688260551993455,2.714523285464157,495.54903856846795,0.08597467236891487,synthetic_uncalibrated_model
2624,56.45770183426081,3.5560286979677604,4.819336684284102,312.56111654991787,0.17355573746607023,synthetic_uncalibrated_model
2625,23.23337305201105,0.15033979605929226,4.055173551874375,281.41707963591597,0.01368628766573561,synthetic_uncalibrated_model
2626,42.52419836037933,1.2829441682266214,3.335804755529254,481.51888506053285,0.06842196586006788,synthetic_uncalibrated_model
2627,66.71594982096904,3.15546517666792,4.91600553687458,470.73920979916966,0.17804037000361728,synthetic_uncalibrated_model
2628,8.337686274603088,2.146263721506946,4.634589087208554,334.883361436017,0.0,synthetic_uncalibrated_model
2629,47.10443608720116,4.333922007430588,0.1697246668921708,299.55335773650177,0.03550661322670126,synthetic_uncalibrated_model
2630,57.79490971294198,5.402582607592212,3.3265349053458304,486.17048702806414,0.12651167380906658,synthetic_uncalibrated_model
2631,17.53633577524276,2.4055032857861636,0.12454183111676839,405.1651495713521,0.003038631320872398,synthetic_uncalibrated_model
2632,28.011644566445035,4.541551585633886,0.7414296530516831,467.9847702212176,0.05010005417009905,synthetic_uncalibrated_model
2633,20.743580270940914,2.3445969779609332,4.570867499746677,377.57406377499524,0.09514643089448038,synthetic_uncalibrated_model
2634,8.098475982077707,0.7369932394235844,5.742856635843855,390.91540316013334,0.0,synthetic_uncalibrated_model
2635,30.484947968018087,3.114137383149889,2.6550914016065295,284.73875855858046,0.11305195207942192,synthetic_uncalibrated_model
2636,72.04451492580361,5.092755701726319,2.0797450801726525,336.4290282076642,0.16676058698444385,synthetic_uncalibrated_model
2637,32.92058286487317,2.817323346744653,1.2308457217307596,387.51778323463196,0.08986317162177887,synthetic_uncalibrated_model
2638,81.43093421180008,2.2966101288709444,1.1993802980075574,345.2093928250106,0.13143636699305428,synthetic_uncalibrated_model
2639,64.90271131927884,4.60988010341717,0.4762335111240692,291.395158625915,0.09709595003897215,synthetic_uncalibrated_model
2640,71.42002395557152,3.0607764403355606,2.7492246417233255,313.8275758166516,0.1684385090665802,synthetic_uncalibrated_model
2641,18.641732680836608,2.5178611521261858,4.091179430434985,309.38893631699335,0.07916907774038451,synthetic_uncalibrated_model
2642,81.5264653635896,2.6986296108197356,0.6234968970136873,322.1891620615467,0.11236172250999832,synthetic_uncalibrated_model
2643,11.299809324888027,0.953597666442834,1.104241698969351,405.75462641921706,0.0,synthetic_uncalibrated_model
2644,69.95830965304066,5.71706923912556,2.5166644336851207,366.95334220017673,0.17395041103377695,synthetic_uncalibrated_model
2645,68.4226035744266,2.7339477219384634,5.994945210157868,422.95330675982825,0.21508782446326724,synthetic_uncalibrated_model
2646,44.37826007866421,4.205679929808423,5.071486442557867,426.3638057041744,0.13736984306481914,synthetic_uncalibrated_model
2647,23.487107706994582,3.7794717373173654,1.2580143757411932,312.3980121943077,0.06747032470949893,synthetic_uncalibrated_model
2648,59.855374398601974,3.360515762935949,5.70499677969668,414.682592633333,0.19000297881477157,synthetic_uncalibrated_model
2649,76.36123979050252,1.8796904896263307,0.8546831280273046,380.9820484755565,0.10837363544014861,synthetic_uncalibrated_model
2650,46.65475306107118,3.9923862638821612,4.826230588258372,457.1498667066554,0.13081775243321703,synthetic_uncalibrated_model
2651,61.872141730915146,4.920947276667725,5.427611608349149,389.94982943428624,0.2023739330091111,synthetic_uncalibrated_model
2652,85.33186701861459,0.25157948288413323,2.4202377586816115,303.72979029080517,0.08602696754095929,synthetic_uncalibrated_model
2653,31.606498882220492,5.059194994153866,0.511121481661069,349.15937124753384,0.05508153724163187,synthetic_uncalibrated_model
2654,41.62092994734456,0.639185411632936,3.0903902691522838,342.2629200628875,0.053002412207210636,synthetic_uncalibrated_model
2655,13.747235395406829,0.9146483891849627,1.64283319855686,491.5363321382656,0.0,synthetic_uncalibrated_model
2656,25.886910567148284,3.803801579191837,2.2703859356638025,497.68700639471035,0.05575948577089418,synthetic_uncalibrated_model
2657,42.460282111220394,5.375419227530731,4.979938287378606,291.1558665664477,0.14071750791116755,synthetic_uncalibrated_model
2658,59.785365149274874,1.8103166261153478,0.4390251314375718,322.1054990219956,0.07355211178314291,synthetic_uncalibrated_model
2659,48.35147356020246,1.6514972121463878,2.707829121970373,439.77342149374533,0.10197846696573493,synthetic_uncalibrated_model
2660,56.32584602187187,2.131245871843901,1.8331449911333115,359.38599843216537,0.12094184126036595,synthetic_uncalibrated_model
2661,62.988492990994466,4.5979992114145025,2.4097319890339106,435.71787358961205,0.1530223627839591,synthetic_uncalibrated_model
2662,68.88975729494304,2.9690026101796465,2.8588192080019716,351.25054344877117,0.16576049165703477,synthetic_uncalibrated_model
2663,19.467917850685758,1.3716924479593904,1.267704929410991,371.4016157276734,0.03744069912417117,synthetic_uncalibrated_model
2664,15.423750294778898,4.672270497471039,4.426393941429265,337.71358240654104,0.017891066162876876,synthetic_uncalibrated_model
2665,59.40888117430735,0.5455222691031502,3.7975940737211342,280.6564592761272,0.09054917160537279,synthetic_uncalibrated_model
2666,28.3205652960276,1.0425838808194323,1.7791161510783893,425.12533231405234,0.05980990804034825,synthetic_uncalibrated_model
2667,48.34709840265363,3.394114916485265,2.341026366683093,485.7775798406449,0.0969979400447491,synthetic_uncalibrated_model
2668,43.3850364425311,3.6049153965550356,3.9906742458316473,287.0052880651087,0.13372581368712455,synthetic_uncalibrated_model
2669,76.16912603513894,3.164153869546879,5.354547648480135,291.36371907733235,0.2338340803307326,synthetic_uncalibrated_model
2670,82.35292966538837,4.729784374333167,4.032640653272616,298.96811074727367,0.22605283574172208,synthetic_uncalibrated_model
2671,10.982832226838683,1.5771166310394558,2.89036023242287,360.3583686202744,0.0,synthetic_uncalibrated_model
2672,55.68705049063086,3.7572716295760396,5.431210589126617,367.8973868832049,0.17889438370765165,synthetic_uncalibrated_model
2673,58.60085706894421,2.3568299552978167,5.588359191499434,377.8016469881495,0.17455986461252193,synthetic_uncalibrated_model
2674,62.45240893417062,4.551496917008443,2.754887146902494,455.6429772827547,0.14934426489671782,synthetic_uncalibrated_model
2675,76.1218350529077,3.95544301854702,5.54173845932602,361.1212590702874,0.24343986731835,synthetic_uncalibrated_model
2676,34.13198009450403,3.6901826768915744,4.355057128594597,326.32298140852595,0.1254833169113304,synthetic_uncalibrated_model
2677,51.11819523102609,1.3982915782997303,0.20251482145744987,445.08405865498446,0.03523766597680009,synthetic_uncalibrated_model
2678,24.288992104104135,5.197427188749474,0.8553401827788938,360.1745442477072,0.05549493799976152,synthetic_uncalibrated_model
2679,10.343469701255971,4.673700515761301,4.380931723037689,442.44529750589635,0.0,synthetic_uncalibrated_model
2680,56.834779583381,0.4813114351306824,3.1968738260858123,455.51824174627905,0.07113105210273996,synthetic_uncalibrated_model
2681,40.88040441932876,3.6319357216086243,5.409827367498206,442.9798319072144,0.11799472854095916,synthetic_uncalibrated_model
2682,81.24730332250648,5.831618732859889,2.1561855713253335,351.8096283008125,0.1794877466984771,synthetic_uncalibrated_model
2683,50.68107943243425,2.9938454212006285,1.462274777236271,324.2329193299801,0.12156763534501158,synthetic_uncalibrated_model
2684,5.739573163064121,3.0883291605918077,0.3366317724697596,284.4913942954721,0.0,synthetic_uncalibrated_model
2685,25.836183556966798,4.2703469275202135,2.551571504529293,341.9921677846564,0.10937201695513049,synthetic_uncalibrated_model
2686,39.18318044899725,3.4396124724127324,3.68451386165996,414.6084433792083,0.12024392533136624,synthetic_uncalibrated_model
2687,27.2580305787161,4.190590618206682,1.2749399162319803,458.7894666677884,0.07116501914466272,synthetic_uncalibrated_model
2688,13.971462398066315,0.7061632439537986,5.29182027407838,377.62145685341847,0.0,synthetic_uncalibrated_model
2689,39.65908906762695,1.6909761980993696,0.450125526559092,360.89401777145144,0.05361689110646237,synthetic_uncalibrated_model
2690,22.01275648334379,3.479700102178009,3.107308035639694,317.28488111636455,0.09871586099335294,synthetic_uncalibrated_model
2691,57.987295784146575,3.6689611097665376,0.5461743580548187,454.6448957314185,0.08514205266384761,synthetic_uncalibrated_model
2692,8.365951793805127,0.5684332633072918,1.1802741895188542,326.8197013702628,0.0,synthetic_uncalibrated_model
2693,75.11207462600223,2.641514908720869,5.85862250748242,451.05132757213954,0.22577700023225633,synthetic_uncalibrated_model
2694,51.75652447589153,1.5224580980641749,5.965798231192955,286.09700896693624,0.13533903491402532,synthetic_uncalibrated_model
2695,12.502557734620595,0.6479078709477557,3.9988695677192583,424.2004500825568,0.0,synthetic_uncalibrated_model
2696,41.23313108455425,1.3994562859240764,4.182555480007555,330.8568916507343,0.08918876172061418,synthetic_uncalibrated_model
2697,78.95933371571027,1.641007096246396,4.405534030104835,325.2344766236683,0.19265894185830668,synthetic_uncalibrated_model
2698,68.28260218235803,2.4925986803005196,5.282454874412323,337.49438156816376,0.20196423935211982,synthetic_uncalibrated_model
2699,23.29942043927151,2.670725603328041,4.466028614108427,438.18578582186507,0.09786575842905676,synthetic_uncalibrated_model
2700,43.59652028887241,3.0323553934441385,1.8751934584788736,307.3892828092737,0.1188334270721953,synthetic_uncalibrated_model
2701,62.42999091918338,0.3829227296212928,4.262422679108924,304.79870921493466,0.09307990798386145,synthetic_uncalibrated_model
2702,8.357062564002574,5.264033083353477,0.24060196783932508,397.4343849624304,0.0,synthetic_uncalibrated_model
2703,9.994962441696398,3.723108955657703,3.4848636466066294,428.66802706555643,0.0,synthetic_uncalibrated_model
2704,39.3497890332887,5.296023598399888,0.6887540263956958,387.29538323320327,0.08290268912280946,synthetic_uncalibrated_model
2705,88.67276192807293,0.13153917267078313,0.2538621660906677,387.6136209862563,0.017879137016696398,synthetic_uncalibrated_model
2706,77.89575722484992,1.7440358519441088,1.150518908651029,381.5391100150254,0.11585493088755583,synthetic_uncalibrated_model
2707,71.97462114975117,4.276621781516377,1.3751254187507378,339.40203572521335,0.14801257813864177,synthetic_uncalibrated_model
2708,42.6375498623985,2.439712368836858,1.8986218490877773,476.8463677339606,0.08601550430966048,synthetic_uncalibrated_model
2709,62.24747896937996,2.883325727745715,5.8701856175036635,290.2735793700863,0.19824740062803015,synthetic_uncalibrated_model
2710,20.693136294948637,0.4130985658222427,2.091762455838259,311.96846558140066,0.02895048154285683,synthetic_uncalibrated_model
2711,66.79486630550508,1.5059950332964331,1.1951491187439116,320.0654203164398,0.10338359482857873,synthetic_uncalibrated_model
2712,57.817885887430116,2.38379200246872,4.976642912966737,295.23132019961093,0.16567788721373722,synthetic_uncalibrated_model
2713,72.057723741297,5.026666256554048,2.328494564933405,395.0878789407109,0.17044174238848087,synthetic_uncalibrated_model
2714,27.1084921916022,4.316589496726645,1.020903002166811,495.30066891051945,0.04412802637945121,synthetic_uncalibrated_model
2715,19.601260518408857,4.721240714106275,2.3437573100967186,475.9800362070978,0.04992318349476754,synthetic_uncalibrated_model
2716,18.788721806281835,3.7525442128759265,0.4874277159032445,385.5392220059707,0.016641718531036534,synthetic_uncalibrated_model
2717,87.26707131476005,0.7424703221456658,3.873270834603664,490.27042152157503,0.14942270347138253,synthetic_uncalibrated_model
2718,32.68688059743775,3.7511126777851214,4.579742627899545,295.43849655359327,0.12585934898047846,synthetic_uncalibrated_model
2719,16.76152984213193,2.752557024379836,0.8168508912344251,470.52454007895074,0.010495665000814704,synthetic_uncalibrated_model
2720,76.59204239494782,3.485215743156618,0.571355642657188,336.3502197175639,0.11143622518609636,synthetic_uncalibrated_model
2721,62.028546272359975,2.986290114952304,4.712945816830408,343.8703655057528,0.1820910824571511,synthetic_uncalibrated_model
2722,57.88889697811771,5.765122948070534,4.299872889964947,380.0504827957704,0.1788875852523627,synthetic_uncalibrated_model
2723,40.364024579446145,2.8750398697603727,1.532242941650163,466.54012055348335,0.08911326228396133,synthetic_uncalibrated_model
2724,77.41810767396173,3.6740500299342256,0.9512611551960545,449.39870469761513,0.12455995210852905,synthetic_uncalibrated_model
2725,51.97906285823968,5.8425431474151495,3.5319634705641447,454.48121496680636,0.1417676946260762,synthetic_uncalibrated_model
2726,18.587438192276835,1.4323020824253665,0.13647524749954654,482.65009631401915,0.003242646576947948,synthetic_uncalibrated_model
2727,53.480516356454345,3.2964155240555684,1.4227316463401878,474.1330294644042,0.10261006830671215,synthetic_uncalibrated_model
2728,32.19217612915212,1.9154423559387102,5.0926276708245135,382.4823859151214,0.10044475842776784,synthetic_uncalibrated_model
2729,29.35393786875923,3.3328757892726384,3.620694198823967,466.53803017710504,0.09427354288896972,synthetic_uncalibrated_model
2730,64.00761807789786,2.08109082753786,5.955754025353161,331.91866853758125,0.1925169573735821,synthetic_uncalibrated_model
2731,21.948210503966802,2.402984706752258,1.7067160371729955,495.9760139758068,0.03846813739078331,synthetic_uncalibrated_model
2732,74.18917037529015,5.3051943850170336,0.9437203746763586,453.1216956442901,0.12494370879558891,synthetic_uncalibrated_model
2733,80.25228923301984,2.6257857653799537,1.0602062308273243,374.1486241360293,0.1309284708574292,synthetic_uncalibrated_model
2734,35.530581840802526,4.127992421821989,0.1311465815648305,282.26022134894174,0.020126414299188433,synthetic_uncalibrated_model
2735,32.4618964404187,4.01518981706192,4.465259025020506,340.29296486296533,0.1272086066585385,synthetic_uncalibrated_model
2736,86.90926139168049,3.0947112379329504,3.5138748712936074,439.37007875325696,0.20402512890239144,synthetic_uncalibrated_model
2737,42.447679559982895,4.001821102090775,4.341513110058706,351.5999937870767,0.13450327137398954,synthetic_uncalibrated_model
2738,73.55690866331011,2.471297697065855,1.6500132505684968,469.38635588968896,0.12308203613067253,synthetic_uncalibrated_model
2739,89.02574406677627,1.1838440332454687,5.235863746962783,431.6266404023611,0.2206489152291925,synthetic_uncalibrated_model
2740,84.55846063662369,5.036082414906264,4.905326470811352,284.95809988749966,0.25434644277758767,synthetic_uncalibrated_model
2741,84.03306009745292,2.9115285415581633,4.950627901008497,378.18658968413706,0.24133989660591926,synthetic_uncalibrated_model
2742,41.635438046268405,2.261502121857326,2.671813596750819,344.78150587911523,0.10997187395519509,synthetic_uncalibrated_model
2743,80.8086933261239,1.2359227245660764,4.761795029317783,355.93226939092034,0.19212588480919746,synthetic_uncalibrated_model
2744,58.07413519282874,4.168897141709712,2.0106846468884263,287.7570281177509,0.147005283365361,synthetic_uncalibrated_model
2745,84.57672946226292,5.0316392827212475,1.6151144894826355,360.1292237288659,0.16653843305822014,synthetic_uncalibrated_model
2746,70.10486469852644,2.6737285976022758,3.2111581873963555,396.66021685260057,0.16962535463997697,synthetic_uncalibrated_model
2747,67.79001638118638,0.692166336655023,0.22732075265450774,309.8248741609625,0.038465343723646434,synthetic_uncalibrated_model
2748,64.77473679016663,1.1094807651243035,1.4643072255196363,401.18111474398756,0.09277118852993427,synthetic_uncalibrated_model
2749,14.082098812364558,5.513474922092572,5.745702163690373,374.32129130592693,0.0,synthetic_uncalibrated_model
2750,61.34564451377909,3.7932026672261157,2.681423894473651,294.71848520215934,0.15872131043041238,synthetic_uncalibrated_model
2751,79.98215740302169,0.907908327677735,1.4254727739868072,481.3812383814997,0.08483228376812363,synthetic_uncalibrated_model
2752,41.59941400464127,2.4365439989619055,3.808291786264191,398.601649378705,0.11428414983637791,synthetic_uncalibrated_model
2753,68.38331062777596,3.6574457409639023,3.477843600999615,292.96737763170245,0.18225706928272045,synthetic_uncalibrated_model
2754,39.707293897569514,4.109575022752272,3.8103504807621684,330.9348225503887,0.12822074604096745,synthetic_uncalibrated_model
2755,28.129487809611696,1.4483363735812749,4.422779767261999,474.92947241499587,0.06572833463000438,synthetic_uncalibrated_model
2756,24.750827135030587,1.7324159472371234,3.4331248807786396,306.4351054417437,0.08895416444971593,synthetic_uncalibrated_model
2757,58.42603574750911,5.871892879898847,5.218742972596723,417.91555219897793,0.18812007115066032,synthetic_uncalibrated_model
2758,58.9759326687514,3.237931884901875,5.55078301342768,325.17567564060437,0.18702274034095123,synthetic_uncalibrated_model
2759,30.86692630845058,4.571877755820175,2.644442864469444,368.73864680404444,0.12127805851691953,synthetic_uncalibrated_model
2760,69.20727633796727,5.855484106336601,0.9718364454945052,294.7014691442862,0.13662969380256695,synthetic_uncalibrated_model
2761,27.938981687374714,1.1748417337474397,0.5668627272178951,384.71222715807096,0.03948541150904278,synthetic_uncalibrated_model
2762,19.62245380053269,4.518873202023714,1.7490998141344076,333.04680618527794,0.05837289613251159,synthetic_uncalibrated_model
2763,35.051484835594835,3.622687749964443,4.7550117115043244,396.3519020767068,0.12376606639867982,synthetic_uncalibrated_model
2764,71.79606331052534,3.594113258756183,2.400458530023146,371.6264771161192,0.16623550871898418,synthetic_uncalibrated_model
2765,78.20428621818343,5.8464836835851735,3.1692239896918637,413.29545343102257,0.1969636611593243,synthetic_uncalibrated_model
2766,75.57278885351474,5.882827979766807,0.3248532265734954,301.5686159140025,0.08657647544163438,synthetic_uncalibrated_model
2767,70.00719837245984,3.3821824152360773,5.266872977834733,329.4614731748124,0.21682602229865489,synthetic_uncalibrated_model
2768,75.51779555400883,1.3829515990479506,3.1566544388693702,485.91080322407873,0.13162766093308143,synthetic_uncalibrated_model
2769,23.44676652322344,1.4777421271685354,4.693202049092303,429.27596246108294,0.07952805195312823,synthetic_uncalibrated_model
2770,25.05349829649466,3.2146606035078755,3.9384664091838864,371.70022005413216,0.11385284491433112,synthetic_uncalibrated_model
2771,85.61487716374674,5.625490191219347,0.2818805104462557,431.0571556319263,0.08157296099131894,synthetic_uncalibrated_model
2772,38.82844115936687,5.692339614495033,1.216977240182135,498.8593238689899,0.06230957605832438,synthetic_uncalibrated_model
2773,57.50912121103451,4.233493554168293,0.5983266143788839,304.44835605585905,0.10072117262871683,synthetic_uncalibrated_model
2774,35.44203876485226,0.3165364817566506,0.8343933952002537,404.04903191073106,0.02432137111442821,synthetic_uncalibrated_model
2775,20.940424123296758,4.556553448403375,0.872549758544077,374.659478485511,0.040643996110465846,synthetic_uncalibrated_model
2776,49.930727532119064,1.8369093906882785,0.21120147795963107,409.8488704435344,0.04019898938854466,synthetic_uncalibrated_model
2777,52.96962042662063,2.0584632500805777,2.965899685678087,406.08535373100256,0.1258537532513675,synthetic_uncalibrated_model
2778,60.405498538830926,4.638181667814392,1.604309890339636,426.1744134966415,0.13930681663229127,synthetic_uncalibrated_model
2779,61.15134387088569,5.676820799550642,2.9197232729787324,280.5548944191359,0.16820292965465833,synthetic_uncalibrated_model
2780,77.05284054262313,1.2299445274598957,4.924465192393581,324.57593219785235,0.18652324574430157,synthetic_uncalibrated_model
2781,86.41085700744762,3.936850651544654,3.4643334176457135,391.54564809283664,0.21412254549667442,synthetic_uncalibrated_model
2782,46.045606211889634,5.713656915023965,5.223261989384262,467.3285665767148,0.1271301821184061,synthetic_uncalibrated_model
2783,70.73841487218957,3.8826045353628507,5.183591771166029,311.15610890551864,0.2207584788619965,synthetic_uncalibrated_model
2784,58.127869510205194,4.480481652559249,3.279778735130393,340.6304884970169,0.1646205832131521,synthetic_uncalibrated_model
2785,41.350638469623924,0.9494322597777851,3.9809250269429084,305.8335820334503,0.07046102707107293,synthetic_uncalibrated_model
2786,71.56931797161425,3.247795648874633,4.063884689968892,387.8489686994215,0.19559393485045917,synthetic_uncalibrated_model
2787,17.96770427514845,0.7227111871330678,5.669940913322635,450.954055918103,0.037189881289637516,synthetic_uncalibrated_model
2788,48.304546992987184,3.010026764366514,2.5988569135297026,418.7871624542775,0.12807881842425073,synthetic_uncalibrated_model
2789,70.84790078485743,0.9399486624259481,2.695388078099295,492.7884825757446,0.09963811507337617,synthetic_uncalibrated_model
2790,50.21459292149104,2.0521862173388983,2.9603332391560757,332.69411158529704,0.12233700277437376,synthetic_uncalibrated_model
2791,22.891760379132666,3.22056358236019,2.442125796990769,413.5853497877413,0.0890506372367264,synthetic_uncalibrated_model
2792,12.040561586924984,1.3952517935450217,5.308490290843023,280.2304972564824,0.0,synthetic_uncalibrated_model
2793,39.78432858758348,3.6348769168453794,4.983660943410787,477.0918532208399,0.09302801298437097,synthetic_uncalibrated_model
2794,81.27535187325478,0.1623687506548605,1.1300212779058068,432.7754037815631,0.04168815904710349,synthetic_uncalibrated_model
2795,35.87418967052534,1.726219803147748,4.565880672022026,358.425241324374,0.09600180557696697,synthetic_uncalibrated_model
2796,82.5279277591324,0.8426890453777168,0.90672698318753,458.9378982082303,0.07488922932324482,synthetic_uncalibrated_model
2797,30.66558692638378,3.1200716374928135,4.95221972083971,433.9829580827218,0.11232659890229835,synthetic_uncalibrated_model
2798,57.177449379705294,2.784107966420497,2.49018028198745,369.8255922497291,0.14077402496787328,synthetic_uncalibrated_model
2799,17.367818084520383,1.341399089157119,1.3010798645479786,431.5670045588414,0.022484638056487594,synthetic_uncalibrated_model
2800,49.68444447248002,0.8373269507896917,2.101234779044591,303.0861216142276,0.07320225170719252,synthetic_uncalibrated_model
2801,64.36888272335179,0.1948342462678626,4.802270610255475,442.22607271675565,0.0914082332691612,synthetic_uncalibrated_model
2802,21.065914645238063,5.793833369870058,4.259073363816022,451.29632697464103,0.09352745063394652,synthetic_uncalibrated_model
2803,18.10875135752486,2.365681073750423,3.4516552536176532,358.9501604242033,0.06539684017597547,synthetic_uncalibrated_model
2804,16.104635494595477,0.6957952783585631,1.6851592390697507,317.01925991372144,0.014099408254738086,synthetic_uncalibrated_model
2805,87.08701724465814,4.643620677328539,2.460753805875491,293.88530291932005,0.19144559200848166,synthetic_uncalibrated_model
2806,38.98969626168836,4.023372832902829,3.291569650663376,326.95852821365844,0.1270798560788119,synthetic_uncalibrated_model
2807,26.75480984964976,3.9635967352234642,5.304183507134106,403.9114596858696,0.12315290805428925,synthetic_uncalibrated_model
2808,19.753509349990154,0.2673408418043235,5.324812600901481,304.567825294456,0.02284825439612216,synthetic_uncalibrated_model
2809,29.76872488793034,4.349617411893483,1.0841881931056432,344.60688983549613,0.08404421038427856,synthetic_uncalibrated_model
2810,83.63345367182576,5.229256961356234,2.728063178164415,368.96437548783086,0.19562627520278286,synthetic_uncalibrated_model
2811,60.34915928884841,4.085001867605775,3.4544195647808515,352.42970089956043,0.16920510314186132,synthetic_uncalibrated_model
2812,62.87200495864571,2.6228712207640164,1.567131641044842,436.9014377474548,0.125424985085539,synthetic_uncalibrated_model
2813,78.10414852059506,0.6297900604036321,0.8685064224845106,421.20334205069776,0.06461375845318007,synthetic_uncalibrated_model
2814,37.866334484029046,5.181326450440989,4.36296947868552,473.45232517664317,0.09907200890088402,synthetic_uncalibrated_model
2815,84.84188132274164,0.15059017418651696,0.7690166035102515,464.6965076428755,0.03236748129912159,synthetic_uncalibrated_model
2816,71.73699502377437,1.7851058761723597,1.2933078167787042,447.86366798232837,0.11032713769035851,synthetic_uncalibrated_model
2817,25.23212359003855,5.82400030664177,4.239335307739992,441.27676999903474,0.11297030519850698,synthetic_uncalibrated_model
2818,70.70154672944211,3.7051019905937843,3.8637527172700374,435.0445158050662,0.18748477239560735,synthetic_uncalibrated_model
2819,67.14930967589416,3.6547981363295166,1.4606191506590356,468.4552231321692,0.12213769636417171,synthetic_uncalibrated_model
2820,76.90361406836593,3.272396144962495,5.211362297700313,306.6364839044997,0.23362035907105316,synthetic_uncalibrated_model
2821,16.976725273366405,2.5742480939835324,3.11055367513887,449.0319974367279,0.03898748672654975,synthetic_uncalibrated_model
2822,20.20217328778599,4.395032093518411,0.5554136643056816,499.336063748741,0.014576464281439154,synthetic_uncalibrated_model
2823,84.60109819115061,3.0448841588077804,3.458377081442398,448.2307119303372,0.1955198131897381,synthetic_uncalibrated_model
2824,22.312746846365638,4.15066669361027,2.383463196488505,283.4030081808246,0.09142706616484586,synthetic_uncalibrated_model
2825,20.80260862843175,0.643059920798821,4.177915265512304,381.95147762306203,0.04588604087688802,synthetic_uncalibrated_model
2826,78.9646235026436,2.60695615201521,3.7871258435480706,420.94419028663106,0.19484662544984865,synthetic_uncalibrated_model
2827,34.446797028451,3.1663471934072063,4.759208490862793,312.35621226217006,0.1214217033482638,synthetic_uncalibrated_model
2828,6.6070130023851,0.2653961637266423,3.5856888893117924,435.534933504866,0.0,synthetic_uncalibrated_model
2829,76.60775384593354,2.7287639363382015,1.408353152016298,356.7933349521821,0.14041445430175736,synthetic_uncalibrated_model
2830,9.869416655979832,4.327178730474989,0.5083447764098674,380.1247177883641,0.0,synthetic_uncalibrated_model
2831,54.9883549448125,5.983664479988265,5.009427985848238,460.84235085182576,0.15935283466747885,synthetic_uncalibrated_model
2832,21.85411421289336,5.726373347575944,0.13801634289667147,325.44178910116534,0.00858806241857487,synthetic_uncalibrated_model
2833,12.358371519652906,2.4948367462864103,5.942229768416617,441.99028361188965,0.0,synthetic_uncalibrated_model
2834,83.4373088703512,5.525409922100367,0.8108409848373801,475.2275716347698,0.11219936945834014,synthetic_uncalibrated_model
2835,20.07395300723969,3.7195387903658337,5.270672693914163,303.8908554459615,0.10848574564649693,synthetic_uncalibrated_model
2836,87.43305263525411,3.4943486870609104,2.5865617684363946,490.22153452214104,0.15297219254706595,synthetic_uncalibrated_model
2837,49.73238384354981,5.890574937593752,2.044502842984188,477.04295817584637,0.10881853817392328,synthetic_uncalibrated_model
2838,49.532853064305975,3.0541100452652032,2.3910573959804005,440.47982105774156,0.12403982324406293,synthetic_uncalibrated_model
2839,69.29953754611282,4.638905244890541,4.707645897316072,336.766703849576,0.21134596019705265,synthetic_uncalibrated_model
2840,39.05758093072057,3.3777549823975246,1.6961651842082082,386.22379220585293,0.11248491160664442,synthetic_uncalibrated_model
2841,72.57608881336891,4.248547961433013,3.625924559273256,319.43453118089667,0.19611689686912837,synthetic_uncalibrated_model
2842,49.333818622134565,3.338355374562183,2.0760236594884707,438.8536379337221,0.12369240618087896,synthetic_uncalibrated_model
2843,51.33643770399889,1.4238123817292205,0.9785718063560876,319.796287512803,0.08389541162078318,synthetic_uncalibrated_model
2844,19.964271661050915,3.8158753670229464,1.535248433058155,303.67108285733406,0.055074838252877595,synthetic_uncalibrated_model
2845,27.626917855974526,3.2643467848440695,0.9765607104974356,295.1715409476436,0.07054635017530136,synthetic_uncalibrated_model
2846,29.79166024275527,4.652835685154666,1.2420587843410011,388.24332232568656,0.09034711064266415,synthetic_uncalibrated_model
2847,56.10856835184094,0.3646182749736304,5.750320370675968,436.0595799083653,0.09084165665358485,synthetic_uncalibrated_model
2848,20.238105874154847,3.5333679501234236,0.9154688836995925,425.734972450621,0.03631100692301384,synthetic_uncalibrated_model
2849,84.31731655984593,0.5483822049873407,5.190264421968008,305.51388085781,0.1782100439349601,synthetic_uncalibrated_model
2850,11.935581095559005,0.3498098001867821,5.618048129260167,384.6196314104767,0.0,synthetic_uncalibrated_model
2851,31.093208459506076,2.2110704191687716,3.302542096910879,384.87745749524464,0.10412303458313543,synthetic_uncalibrated_model
2852,28.33530472666655,2.7573220330996127,2.7876182405392256,450.63558548632477,0.0946901256590702,synthetic_uncalibrated_model
2853,86.64192643044034,0.2619685598426953,3.1292997724278693,342.8552522016848,0.10787153908502478,synthetic_uncalibrated_model
2854,6.104652131684276,3.897679823056211,0.9789279350035398,450.5353383891677,0.0,synthetic_uncalibrated_model
2855,65.1656865426151,1.0462102112423748,4.672426509480079,400.2523204817644,0.14298922178232887,synthetic_uncalibrated_model
2856,63.14537014015976,1.2614286834984905,1.0667663002811643,419.63990597461907,0.08829323659959665,synthetic_uncalibrated_model
2857,69.1842522871882,0.17506579954205737,5.8802538976835335,319.8516311180118,0.12321358809945882,synthetic_uncalibrated_model
2858,9.944753510413781,2.5244625190993255,4.293790187325528,417.8469766714598,0.0,synthetic_uncalibrated_model
2859,86.21615401768021,0.14575026052897688,1.228209016305167,392.9084857007357,0.04609321566354699,synthetic_uncalibrated_model
2860,81.77556010633691,1.2116173014670983,0.7708544992321006,335.53439184766484,0.08989282660226489,synthetic_uncalibrated_model
2861,67.6443136286349,0.8835568016576864,2.2883174792547454,361.7880117425813,0.10055224728883572,synthetic_uncalibrated_model
2862,83.2412931662366,3.3891589815735625,2.0116843175251793,284.99724528318785,0.16851939467040167,synthetic_uncalibrated_model
2863,47.84516118476539,5.863031930947913,0.23288014892336992,417.2840120820889,0.04605280557724484,synthetic_uncalibrated_model
2864,46.31251174720915,0.37936665553125204,2.329931866359239,350.0387779887758,0.04186588006954162,synthetic_uncalibrated_model
2865,83.18313401268888,2.6950435559447663,0.9978878922068277,288.30963288586787,0.13163657629674197,synthetic_uncalibrated_model
2866,6.5382655983789295,0.33085140628043697,0.68275133371256,378.3792075744891,0.0,synthetic_uncalibrated_model
2867,85.79117419408269,0.9502034531832615,3.8330190184711084,304.5275630347231,0.16683855286150595,synthetic_uncalibrated_model
2868,9.481614873261396,2.7401899236454845,3.221333467068416,407.1861886213387,0.0,synthetic_uncalibrated_model
2869,33.44775533386671,3.4621686677919152,1.890744838883433,329.6372006234077,0.11083779419787776,synthetic_uncalibrated_model
2870,6.501947502265341,5.4186079169195995,4.154631055345542,444.69390322807584,0.0,synthetic_uncalibrated_model
2871,18.254686951922853,5.904183692713443,3.3079021329681586,317.65831655596924,0.07305565216093107,synthetic_uncalibrated_model
2872,74.74247523239255,1.4198129300213302,3.260152798968565,287.3569620735196,0.15181285713465986,synthetic_uncalibrated_model
2873,24.610011031895397,2.83224988909744,3.3673339366278436,471.4062677498631,0.07923751009079422,synthetic_uncalibrated_model
2874,30.711339085128866,4.5984791666198435,2.0999885418508133,495.73568026188366,0.06534545499329758,synthetic_uncalibrated_model
2875,23.499975038799036,5.297761760652303,0.1410951182117069,400.7092654397016,0.010444014142781177,synthetic_uncalibrated_model
2876,89.37981487727325,5.656743137015807,4.736041720001272,399.82890584004804,0.26045688208199236,synthetic_uncalibrated_model
2877,51.217508736837885,1.6710681560193883,4.586547692456021,478.99915571845054,0.10776868934787082,synthetic_uncalibrated_model
2878,82.55867348637858,0.47721534298041224,0.3171224127630928,345.4009497437943,0.03996999672963453,synthetic_uncalibrated_model
2879,26.47856076560815,5.09190901662605,2.5772075706711606,385.3502585906175,0.11278190230776486,synthetic_uncalibrated_model
2880,65.67031138404911,5.381976497487784,4.8449757261441695,469.86732147070256,0.18102174927322967,synthetic_uncalibrated_model
2881,36.96011447533243,1.5825019613400269,0.7984991804346093,340.70820448312526,0.0671689611696385,synthetic_uncalibrated_model
2882,76.78575926685014,5.840685153385442,5.356736265204853,489.7922531382386,0.2045046538646642,synthetic_uncalibrated_model
2883,30.419907912205822,2.628346923087395,4.184906534532319,415.6608384516222,0.10998156778311596,synthetic_uncalibrated_model
2884,48.672509494512944,2.7170242759584196,1.429819322898622,411.4410099694259,0.11337095885362702,synthetic_uncalibrated_model
2885,18.014750446055377,5.017555553732282,5.476507702233575,284.3050971953132,0.09319164042424327,synthetic_uncalibrated_model
2886,68.24441561323826,3.6194078759198964,3.874517443643867,300.0155307871886,0.18882355419396213,synthetic_uncalibrated_model
2887,77.99963515369319,2.94246797259683,5.191726469138595,332.8590754506349,0.2327541512259479,synthetic_uncalibrated_model
2888,71.58105525085648,0.5564555979784565,1.2095579069563867,452.6037976657778,0.06306563110755048,synthetic_uncalibrated_model
2889,11.3873664745347,1.2668041238212264,1.2210581245284218,477.19471225655957,0.0,synthetic_uncalibrated_model
2890,14.133995676174306,2.5882790938085196,0.38168831137383696,405.40486369405045,0.0,synthetic_uncalibrated_model
2891,72.54442427096312,1.169617036385109,2.5264672241171238,416.8160818478636,0.12273593696809859,synthetic_uncalibrated_model
2892,29.37437079446945,4.727246181815592,4.503634799977527,422.17320956225285,0.12325339224876408,synthetic_uncalibrated_model
2893,80.77943978227836,2.656903923013673,2.2393174560195472,335.10376917190666,0.16394818599193417,synthetic_uncalibrated_model
2894,50.33608312765562,4.8372577262053165,5.952949251170094,373.0512290503008,0.16996415528615305,synthetic_uncalibrated_model
2895,13.269760171027803,4.706834710398812,2.8982747750719504,374.7255357653755,0.0,synthetic_uncalibrated_model
2896,57.04868679550802,2.903116203563322,4.221391477463249,425.9209581019407,0.15791269337102565,synthetic_uncalibrated_model
2897,36.41611928985988,2.945987717194381,4.489820729479093,465.8808414682362,0.09694466518369138,synthetic_uncalibrated_model
2898,8.529885620706514,3.056236019257708,3.8243509026991656,444.6093167526295,0.0,synthetic_uncalibrated_model
2899,28.690831009414797,4.059055493527182,3.2074190547173256,386.4502795061498,0.12010523481489971,synthetic_uncalibrated_model
2900,64.20845927737255,2.887047704056722,4.25670203723544,451.0696802302075,0.16872075561234934,synthetic_uncalibrated_model
2901,31.164265689967344,1.677124819602554,1.213973000175459,429.83240029356267,0.07011280035549439,synthetic_uncalibrated_model
2902,5.994187985372846,1.472724101482603,0.5651447623777709,330.29907181949955,0.0,synthetic_uncalibrated_model
2903,57.87118508292575,5.007864365822148,1.631382006607636,351.15921307033756,0.14339450927625097,synthetic_uncalibrated_model
2904,89.68172688256533,3.4473474640282564,2.758620242443571,396.2713317939148,0.19565730807055393,synthetic_uncalibrated_model
2905,71.03713781333505,5.8453763842528605,0.606317423751809,418.8065778996084,0.11319551116276078,synthetic_uncalibrated_model
2906,36.11086625606008,1.862652066984155,4.789737694839,419.16619635199555,0.09684583452837259,synthetic_uncalibrated_model
2907,23.87763365691039,0.5974220454626057,5.033935727016602,337.76535974657423,0.04638370682901549,synthetic_uncalibrated_model
2908,38.71718309744478,5.4308265139688405,2.791461573424074,448.5711903080868,0.11571859205124668,synthetic_uncalibrated_model
2909,27.520572223064978,4.8768828082716515,4.93420872960324,453.38047135653926,0.10943063419333798,synthetic_uncalibrated_model
2910,42.08938785089674,0.9310177206132573,5.503908643060454,476.28077721646366,0.06184884285538861,synthetic_uncalibrated_model
2911,5.444295268292665,2.528303096109277,4.110756988793027,416.6218433320962,0.0,synthetic_uncalibrated_model
2912,51.850876762253,4.732660976237481,1.1264186021396136,290.6064386938735,0.12395661466669045,synthetic_uncalibrated_model
2913,5.112831007522478,2.915229081786835,4.534776021257001,456.83791998537777,0.0,synthetic_uncalibrated_model
2914,15.161512937802673,2.900692231509249,5.553256929728052,422.71027699442885,0.008070024278930887,synthetic_uncalibrated_model
2915,51.01181062505529,4.142685111460557,3.6055717832226324,288.35807703914554,0.15242306003242023,synthetic_uncalibrated_model
2916,5.877367504105035,4.244612571773059,0.28768497416484295,357.83311039477553,0.0,synthetic_uncalibrated_model
2917,75.21514035785245,5.090124469048867,2.1462146247719085,456.88955527900725,0.15542073819970414,synthetic_uncalibrated_model
2918,32.9430273415181,5.739603926903981,3.7903732825372627,476.78528896233547,0.09372502669861915,synthetic_uncalibrated_model
2919,15.494336621548126,0.32622611631179654,1.8191426824569081,427.8466412564454,0.004888892012584325,synthetic_uncalibrated_model
2920,27.818758171428914,2.55528179895697,0.4012401857173652,494.14753078846445,0.023490856582903813,synthetic_uncalibrated_model
2921,89.73345849746633,3.3253501526112865,5.557501418663419,462.28049092387994,0.26112382415542057,synthetic_uncalibrated_model
2922,6.315755815344864,3.1758126926906,3.0237802827872726,309.7694868134755,0.0,synthetic_uncalibrated_model
2923,20.622071068848104,2.9646358000940243,3.8432348404115992,320.29147507040335,0.09586961527760668,synthetic_uncalibrated_model
2924,38.06342111053857,0.442057850568659,2.4942537790871593,480.2981337367154,0.02947297682867117,synthetic_uncalibrated_model
2925,72.4357578581163,5.153342167969684,1.9175251874133767,375.63215079419183,0.1634164898903352,synthetic_uncalibrated_model
2926,68.72679430002856,2.5999711700524935,3.330134238759369,383.49668407257286,0.16894539935750252,synthetic_uncalibrated_model
2927,74.65470652227852,0.767420689403451,0.8668644725134292,364.80665091422463,0.0709631079708668,synthetic_uncalibrated_model
2928,87.67380276530709,4.527374755407437,5.735187537654979,302.3507455244881,0.28344826954073943,synthetic_uncalibrated_model
2929,45.708906959490925,4.5455709318108095,1.1550032703869937,416.5340935310237,0.11315345625408085,synthetic_uncalibrated_model
2930,20.126209782093596,3.067936402251168,4.838160163054605,423.1231232701149,0.09572122791705084,synthetic_uncalibrated_model
2931,54.388674065908994,3.2443829548924423,2.939873938837944,280.7684706460748,0.14677538056674044,synthetic_uncalibrated_model
2932,15.610469984913752,5.096589911593418,1.5118256748945476,439.1789610025114,0.008325419784680169,synthetic_uncalibrated_model
2933,17.763190607503013,4.75097726029221,2.839932841132337,418.68656386872215,0.055701366820518294,synthetic_uncalibrated_model
2934,23.970964985419382,3.738800741520245,0.49847858176491966,313.69215442297883,0.03467280720656035,synthetic_uncalibrated_model
2935,10.715516489719004,3.4771961848448623,5.23802261743,458.51955565478715,0.0,synthetic_uncalibrated_model
2936,17.255830751492685,5.748064726533132,2.6145739382698565,282.6773462277177,0.047571510708668524,synthetic_uncalibrated_model
2937,63.036779790351105,3.5689013821057376,5.863361050132509,333.65107961492265,0.20713657007518416,synthetic_uncalibrated_model
2938,56.244422466335116,0.49530102716235136,1.4760874250648126,373.5821209956914,0.05452525661545399,synthetic_uncalibrated_model
2939,55.49034308228207,4.749207880290596,1.0574539490141013,427.2441724699998,0.12060110555751369,synthetic_uncalibrated_model
2940,58.57263169701287,5.309351769969081,2.3484109535493958,392.24789714869877,0.15476036892454947,synthetic_uncalibrated_model
2941,15.937620393161524,3.437377216903112,5.585746616455856,287.2104476302774,0.04288525286802952,synthetic_uncalibrated_model
2942,33.471433496113896,0.9610561000798811,2.0728455261274386,475.3731689847766,0.051378307151483255,synthetic_uncalibrated_model
2943,63.51341904295551,4.325285865326396,5.076358460607476,363.25058441259415,0.20079502119312265,synthetic_uncalibrated_model
2944,30.109830678877064,3.9670560251781,2.2730874486046764,449.0847917710388,0.10092083825730697,synthetic_uncalibrated_model
2945,82.03032071275288,5.869597806676075,3.2537087161733016,282.91654284604067,0.20823295464729807,synthetic_uncalibrated_model
2946,20.861989150143565,1.237927728756599,3.8110771581364475,352.97584830402,0.06896040108131546,synthetic_uncalibrated_model
2947,47.46320950641734,1.2650362900932128,1.444329684241537,296.6167946842257,0.08320788569457166,synthetic_uncalibrated_model
2948,81.04237189324881,2.2517485128530725,4.3929570003398775,344.73580682375456,0.21097645944425192,synthetic_uncalibrated_model
2949,71.1470703436999,1.9374980084156186,1.7548138003879885,434.0811056358583,0.12614170087849352,synthetic_uncalibrated_model
2950,80.41749867900184,4.22336048235478,0.3539438456719336,328.5686474385987,0.09247548267477185,synthetic_uncalibrated_model
2951,69.8358631667357,4.8077944636963545,1.7901846268541204,361.5590691320027,0.1575758320199827,synthetic_uncalibrated_model
2952,16.533980854886725,3.4002508447307527,5.471413779634356,317.5188900160078,0.06040099246385103,synthetic_uncalibrated_model
2953,27.143719410583447,2.3902860918524005,4.76053013772357,329.37515669379275,0.10916602558056088,synthetic_uncalibrated_model
2954,52.07282173370329,5.2189453460902335,1.8846245537797484,453.4619779862162,0.12614631933779252,synthetic_uncalibrated_model
2955,73.27834169316927,2.2659379163794267,2.1716483914904687,370.5751815502852,0.14773130870376272,synthetic_uncalibrated_model
2956,64.02487279909559,3.487479035341449,5.392902031357721,331.8750061435533,0.20249248664328046,synthetic_uncalibrated_model
2957,46.623300941189754,1.9133715538930067,3.780115243384486,461.3705290611706,0.10373728173525498,synthetic_uncalibrated_model
2958,74.56925783496901,0.4853996226549485,4.171710218963834,419.1187879056842,0.1259750519136663,synthetic_uncalibrated_model
2959,48.796475206600576,3.078919349146863,1.3882699479303133,339.5645817208896,0.11868408909301925,synthetic_uncalibrated_model
2960,82.53109242340422,1.8748146890428425,4.715662084908592,457.9156127484715,0.2049368676483938,synthetic_uncalibrated_model
2961,8.456177071232402,0.12235233603759173,5.782827538627693,294.4206808709671,0.0,synthetic_uncalibrated_model
2962,21.307382299953684,1.4092667852425977,1.206068237541482,448.6388386123183,0.03982720893545788,synthetic_uncalibrated_model
2963,74.05486879874942,4.0642174671699625,4.3287571741528375,377.14591999932605,0.21229103531877014,synthetic_uncalibrated_model
2964,58.47315521585454,2.775532256657626,1.4963279268778964,401.30442674389224,0.12652678963907849,synthetic_uncalibrated_model
2965,5.312278365392227,0.5839910326405862,2.553285977456091,470.6842858515928,0.0,synthetic_uncalibrated_model
2966,81.65011853368561,1.9630808782504017,3.797076736505909,345.8611918246684,0.19153690740060458,synthetic_uncalibrated_model
2967,76.38315291825614,1.5862113371302888,0.43556438109908824,354.4643635917641,0.07961873780167378,synthetic_uncalibrated_model
2968,29.037225158203846,5.243769570925594,5.64347811620909,325.04323427771783,0.1319230719380714,synthetic_uncalibrated_model
2969,46.32144717615854,1.2796558946773948,1.0534944976650327,281.0409067378614,0.07667171087096886,synthetic_uncalibrated_model
2970,38.64739030697283,5.660301896695389,3.324268951502435,302.1853365277612,0.13228707847813004,synthetic_uncalibrated_model
2971,19.10480402964113,5.7228643221929225,0.5811356736981526,442.7920763345845,0.01954117114972488,synthetic_uncalibrated_model
2972,56.98787795104452,4.981599547017457,0.5343089774971974,437.52594030414525,0.0901976249779528,synthetic_uncalibrated_model
2973,28.478783387495877,5.0135963860299615,1.690186779886751,371.5146411133178,0.10178573123910861,synthetic_uncalibrated_model
2974,14.70480422792999,1.0056618130130497,4.937851319006382,499.3580539487403,0.0,synthetic_uncalibrated_model
2975,53.9102532908124,4.14987857313449,2.143311318580937,339.6040831905756,0.14355518744874662,synthetic_uncalibrated_model
2976,10.597247788719862,5.268672598204511,5.313465508136806,351.3381779676901,0.0,synthetic_uncalibrated_model
2977,15.886369330099942,1.9025440441750052,5.367804645988763,367.07341497466365,0.03676342336001004,synthetic_uncalibrated_model
2978,45.903759280184936,5.312527599454855,1.9898647497586088,300.9034165572745,0.13489383305613112,synthetic_uncalibrated_model
2979,16.646103841915647,2.1386868374644394,3.244482109120387,430.9040176000561,0.037099507247822544,synthetic_uncalibrated_model
2980,42.690910439232226,2.2121037630373213,2.6845167664677647,460.96549749533267,0.09631952670874516,synthetic_uncalibrated_model
2981,82.48383441143913,4.384775536213075,5.176949634136872,303.3240820412413,0.25416918548768974,synthetic_uncalibrated_model
2982,73.674101299332,1.9742390477024194,4.480651302970812,488.1515802115563,0.16513028463142598,synthetic_uncalibrated_model
2983,52.9341075143185,3.129748733879524,3.3684976440982766,443.2467045019664,0.13797151065362445,synthetic_uncalibrated_model
2984,78.60934368983665,3.9243421843732897,3.537788258502237,302.0363467449325,0.20356197437000012,synthetic_uncalibrated_model
2985,65.68825769439184,1.5916298013612848,2.297750191463798,338.58542450900416,0.1256363061690634,synthetic_uncalibrated_model
2986,17.053046229400735,0.4217466424100723,2.202822726252394,407.5940173282813,0.019543997495870005,synthetic_uncalibrated_model
2987,24.84875895377487,3.3705845743614713,4.528089823210572,375.0982672707142,0.11733138100155738,synthetic_uncalibrated_model
2988,67.31639630666456,3.688121587574971,2.255106102737487,399.2565406331081,0.15758486042459652,synthetic_uncalibrated_model
2989,85.41887512017365,5.427964764372912,5.147602808279978,495.691966609576,0.21641731564335376,synthetic_uncalibrated_model
2990,39.41734302465483,4.1142211673688935,1.160510905446885,375.59225941071463,0.10464172063140798,synthetic_uncalibrated_model
2991,18.525018868268603,5.266663961947972,3.2779903373788857,293.03586772002643,0.07590873896850048,synthetic_uncalibrated_model
2992,38.399889208710405,1.011313418703988,5.065485659807848,399.3872494129813,0.06919391044863676,synthetic_uncalibrated_model
2993,71.42822975280666,4.200440452672888,5.597970526229098,364.4206867306593,0.23216136004492727,synthetic_uncalibrated_model
2994,34.05119995630598,5.827913682003698,0.7852840619623369,459.1320971362847,0.06885121745623274,synthetic_uncalibrated_model
2995,9.824473649238595,3.581182403845825,5.143734742444717,493.5441604638987,0.0,synthetic_uncalibrated_model
2996,44.715529297618744,0.8745180973696809,1.1758449759174472,417.22131287643543,0.06064372700787285,synthetic_uncalibrated_model
2997,62.193668460887544,2.5938637364392787,4.198136107003321,339.12194669747976,0.17014579158072962,synthetic_uncalibrated_model
2998,13.76029147130296,1.3296051246190337,0.6788450316434027,453.92650498974587,0.0,synthetic_uncalibrated_model
2999,83.56565667450968,0.18152133013922944,3.689811045765572,320.1426316690434,0.11136702086318706,synthetic_uncalibrated_model
3000,66.43578232809838,1.3814730370759594,2.087684856103689,287.03661771559376,0.11624930653177945,synthetic_uncalibrated_model
3001,34.318882869440515,1.7978988476556743,4.392140648681954,430.39556955335183,0.0931624666725932,synthetic_uncalibrated_model
3002,52.277853146147095,5.894189881392409,0.9585603037352745,351.48642276763354,0.11973638357697897,synthetic_uncalibrated_model
3003,27.227548344139688,1.7837752633592383,5.436228595921383,363.51760715985284,0.09678887794774493,synthetic_uncalibrated_model
3004,47.70754092668472,4.32346315965216,3.875964278848645,442.08790873870123,0.13724348122491714,synthetic_uncalibrated_model
3005,87.17199069662065,3.4109003159522127,5.6639149406551015,314.37385521015733,0.27392723364617466,synthetic_uncalibrated_model
3006,72.45098101545656,5.824824408048303,1.9136388102663597,397.1716533474553,0.1635547915899792,synthetic_uncalibrated_model
3007,24.873217709532994,4.302437023589058,3.915417797742607,434.8687453912594,0.11048822042390954,synthetic_uncalibrated_model
3008,35.510143360586625,5.851414691379659,3.936846078861316,462.3557333458348,0.10807720841338109,synthetic_uncalibrated_model
3009,84.92603266634914,3.5317778720177255,3.315438913973971,462.53243739761996,0.1893459097408171,synthetic_uncalibrated_model
3010,23.550802177664483,5.514857574682619,0.5394422039502524,329.57233374236864,0.03624606474459202,synthetic_uncalibrated_model
3011,22.553636174487576,5.705141197828851,4.290779688427286,437.88961090337557,0.10744146948720307,synthetic_uncalibrated_model
3012,29.87040133418947,0.4000366949337876,0.3686336886901618,448.96707972865727,0.017932859217898008,synthetic_uncalibrated_model
3013,50.195897933965746,0.289504573599216,3.1811901806466536,444.9163302201084,0.04581461491246727,synthetic_uncalibrated_model
3014,63.430066233919305,3.8798190023437082,0.31550465582972276,327.1308563901842,0.07364199465976806,synthetic_uncalibrated_model
3015,24.5459222551017,4.021227864848983,2.4382490753302863,425.1380044730398,0.09726030129222135,synthetic_uncalibrated_model
3016,7.85702117635709,1.7112127163104272,5.064918648413571,412.6142111638815,0.0,synthetic_uncalibrated_model
3017,17.843672711296467,2.5621999075948048,4.87400854037404,308.45832470112225,0.07710261265558233,synthetic_uncalibrated_model
3018,22.71458679870713,5.844371472962915,3.069364260566465,285.7473421895944,0.10767202920329871,synthetic_uncalibrated_model
3019,15.242543891276885,0.6012839237060058,1.5027966967772286,382.72794434679713,0.0031272025862815467,synthetic_uncalibrated_model
3020,76.67928051209616,1.0119696036763235,4.394895217209611,306.0670668143484,0.16470829144960886,synthetic_uncalibrated_model
3021,13.32389560190859,0.8219910700560781,2.981394528915551,309.1031331457023,0.0,synthetic_uncalibrated_model
3022,25.916453801545778,0.7789974924655964,1.8854122005792078,350.88565232784646,0.050485727870685226,synthetic_uncalibrated_model
3023,56.64553578306359,4.1268766322398704,1.1580020573663277,447.5034528874025,0.11752056436895142,synthetic_uncalibrated_model
3024,19.45607426950017,5.669974896585269,2.92775708411433,429.3373989506857,0.07577364022178573,synthetic_uncalibrated_model
3025,48.90810090681368,5.188427524663823,1.047202484404059,318.6933260270343,0.11834705413814273,synthetic_uncalibrated_model
3026,17.210265156856153,3.0188215794413624,0.546968352529705,363.622378444788,0.011420708257834193,synthetic_uncalibrated_model
3027,52.10060586253694,2.2678216913737503,3.84878359743133,479.24451303292904,0.11318831354214187,synthetic_uncalibrated_model
3028,86.85121636009148,1.767776857913822,4.966302290698965,327.6251287296034,0.2287904990054721,synthetic_uncalibrated_model
3029,55.04578542471708,1.8087539569121116,3.0138861978792524,345.67006537217657,0.1255129213212718,synthetic_uncalibrated_model
3030,68.03631287242142,2.4756779978174013,1.8311095156130577,452.7909104349092,0.12895468555410394,synthetic_uncalibrated_model
3031,83.5669409751007,5.357829206584268,0.17591105865267703,301.98582747463473,0.060448007599039094,synthetic_uncalibrated_model
3032,46.93797178156877,4.360976428720051,3.413685459487199,375.54228109946524,0.1431377740258476,synthetic_uncalibrated_model
3033,46.849894920028625,3.6610292035662892,4.647623452654341,453.7269685192565,0.13089593086950768,synthetic_uncalibrated_model
3034,75.09013025451016,5.581194010008627,4.470514033502719,359.5048177981623,0.22262265538600756,synthetic_uncalibrated_model
3035,6.880450101496605,2.174734530763307,4.945810931772754,380.5924347315697,0.0,synthetic_uncalibrated_model
3036,80.7158223588294,5.259537585103793,0.9233368222691515,306.49172313025826,0.14155744510697033,synthetic_uncalibrated_model
3037,60.75640932185274,1.1219245277852459,2.9087851914484406,374.80530200245096,0.11107133221566773,synthetic_uncalibrated_model
3038,85.64582509788414,3.0506850551192524,0.2603114884579506,384.0325045028635,0.07628395269388505,synthetic_uncalibrated_model
3039,27.56058525214996,0.6247265519938175,5.183103562587726,428.02838094660007,0.04658610837481919,synthetic_uncalibrated_model
3040,41.19093869927794,2.6472147914821056,0.5073942005662181,301.7680086223564,0.06657605964849739,synthetic_uncalibrated_model
3041,49.22095104209293,4.89939489863067,3.5938107614088572,420.45442331972936,0.14679304428116025,synthetic_uncalibrated_model
3042,20.184691435453978,3.8816860556278168,1.0398535804348614,305.25262052877855,0.042135576668197616,synthetic_uncalibrated_model
3043,73.86974362386354,2.833136188514112,0.9326394827297069,496.38350369193506,0.08841502169704796,synthetic_uncalibrated_model
3044,73.9081178040988,2.7491103519151436,1.7012788712749798,311.2393192802199,0.1457771523262188,synthetic_uncalibrated_model
3045,21.32547605010874,0.9861386144740192,4.555349296111919,481.59696246246415,0.041823038275879965,synthetic_uncalibrated_model
3046,41.96703892549876,0.3443112740829327,0.46008943991150597,361.6849935860007,0.024750450282997535,synthetic_uncalibrated_model
3047,5.702506772426716,3.144901439497901,1.657602812703927,348.79638750744084,0.0,synthetic_uncalibrated_model
3048,58.26848660010605,3.45420966042756,1.3067213784884009,285.20212663084965,0.13005320774546902,synthetic_uncalibrated_model
3049,62.89491677992615,0.9264375943188432,5.811970846288106,426.0530319746045,0.14732739158169794,synthetic_uncalibrated_model
3050,46.71448095344814,0.9127604088590189,0.516819712345641,395.8057428205434,0.05047804893759725,synthetic_uncalibrated_model
3051,43.73311093060732,5.568399217441153,3.7768240817268173,429.245111200148,0.13452659661251398,synthetic_uncalibrated_model
3052,24.62446398895161,3.5654601875092524,3.4348877133449767,376.13960425328287,0.11192728902901006,synthetic_uncalibrated_model
3053,87.35050091657227,4.2183837121245755,4.253482708191598,413.57533101269405,0.2372161255212183,synthetic_uncalibrated_model
3054,80.50746692279318,2.6721130280866685,4.111617509281283,424.7675589979599,0.20602054915889212,synthetic_uncalibrated_model
3055,81.02018662514394,5.541200346967315,3.9060338027096666,463.2766197229299,0.20214869476789032,synthetic_uncalibrated_model
3056,58.66317370486733,4.7479459525160115,5.096831907085686,303.3905865162831,0.1889939643650218,synthetic_uncalibrated_model
3057,49.39100512996556,0.2662118233020746,5.819225775289535,379.53034363123186,0.06061903269289684,synthetic_uncalibrated_model
3058,73.97591831703203,2.2072411705522144,4.319137669959761,326.46518262058544,0.19283310841647827,synthetic_uncalibrated_model
3059,52.65306331510545,3.800109551499911,1.3690621074839466,487.2294003424324,0.09204845138169854,synthetic_uncalibrated_model
3060,27.066093496190263,4.459859575973708,2.179241399874845,431.0983967839147,0.10094229949564154,synthetic_uncalibrated_model
3061,19.363251435766053,4.430563369706244,1.4532508584770647,434.97229237250303,0.04520703752072591,synthetic_uncalibrated_model
3062,21.715112023494495,1.2229335160828645,5.913451178670067,422.38092506624577,0.07232357268947243,synthetic_uncalibrated_model
3063,41.71517983037181,0.3779674028366008,4.229636572350536,352.6223091828176,0.03718409337298578,synthetic_uncalibrated_model
3064,64.91703130990146,2.35138553343279,2.7427390000222918,363.04982176237036,0.14916739458585904,synthetic_uncalibrated_model
3065,19.08191013964891,2.20811379219852,1.7039778040868725,424.25672129669994,0.045928457653422905,synthetic_uncalibrated_model
3066,67.90495159369596,0.6645000641235166,0.6855242232610533,484.1461449506736,0.04903512355100456,synthetic_uncalibrated_model
3067,17.51246208769188,1.9118542141312895,3.6796559872743564,489.5706170687862,0.029520126781591605,synthetic_uncalibrated_model
3068,52.64070767022313,0.9741419044798583,2.624013741186577,281.3188479451181,0.08845291573931519,synthetic_uncalibrated_model
3069,11.70405054241093,1.8866163293370943,0.16261347744119337,387.22547392457074,0.0,synthetic_uncalibrated_model
3070,82.92274507871757,1.1875954844885843,0.650306900707651,498.53497295627875,0.0644856962328092,synthetic_uncalibrated_model
3071,52.50893429784347,4.004714038100483,3.852971170998989,460.10508456235175,0.13869652195589655,synthetic_uncalibrated_model
3072,44.637479285495985,5.547216459998226,4.930202226305675,303.75546534053797,0.14765980815000646,synthetic_uncalibrated_model
3073,84.20561580856958,1.7901583765684057,1.5495686070297345,403.1718513810068,0.1317340520544824,synthetic_uncalibrated_model
3074,78.71093859451084,5.926480134038179,0.9898941406841558,470.1826373889105,0.12057747314721468,synthetic_uncalibrated_model
3075,62.790984644908264,4.011552717993733,5.390873201737301,308.0667189650403,0.20215107233538632,synthetic_uncalibrated_model
3076,21.380170694869157,4.8701608044577815,0.6814731412206212,482.39171588362734,0.02515007758227443,synthetic_uncalibrated_model
3077,60.04132774942381,4.497126395947342,2.002931263295567,311.5552557264829,0.15050331473769352,synthetic_uncalibrated_model
3078,81.81982340001943,3.1155637185086524,2.0205613460244614,304.418758601163,0.16491375598462787,synthetic_uncalibrated_model
3079,16.313056224955222,2.834608020145123,0.5833105927242156,424.32887780441456,0.00716052488995874,synthetic_uncalibrated_model
3080,10.385901363879487,1.8984997510163772,1.1686494319500813,469.9024052213505,0.0,synthetic_uncalibrated_model
3081,28.067932347278354,3.4703452949991647,5.088801719509251,332.0918834825388,0.1229689997218163,synthetic_uncalibrated_model
3082,38.11547518749235,0.9692113176963432,2.947342040275421,312.29962719037394,0.06731221812840049,synthetic_uncalibrated_model
3083,17.872633394458433,3.8893365201605032,5.782369241376751,468.06941420814394,0.061576099002754126,synthetic_uncalibrated_model
3084,31.975611238840866,4.194399440790773,1.0971717076981053,467.74011900534094,0.07262181206090357,synthetic_uncalibrated_model
3085,45.934301086547116,2.917558455704933,4.553662034014847,479.54257804406234,0.10616653702141193,synthetic_uncalibrated_model
3086,72.92529029439099,0.3111385601503538,2.42319289152485,448.7513938738108,0.07391705221948824,synthetic_uncalibrated_model
3087,60.26407385506271,4.075249302363466,0.39402898372140427,293.9915222293983,0.08217025834373592,synthetic_uncalibrated_model
3088,42.98724427633744,3.684337129765932,2.385652165383528,396.1537496219987,0.12607735748089532,synthetic_uncalibrated_model
3089,63.16900117741738,5.439329659208746,2.410562172119778,372.49054537762356,0.16270846960445928,synthetic_uncalibrated_model
3090,38.036032199466206,5.7543615388615015,5.266573795442336,317.83281808195545,0.13364715478954636,synthetic_uncalibrated_model
3091,26.042697479327817,4.183766699882088,5.396568211444463,430.8625642190116,0.11778710640947343,synthetic_uncalibrated_model
3092,80.40134346535508,1.152615843994939,2.2607894028870343,282.4604360648251,0.12702785200383215,synthetic_uncalibrated_model
3093,83.33542809874152,5.340265683709201,1.1195621356507541,441.92828422209277,0.14194174844231655,synthetic_uncalibrated_model
3094,51.66953450538582,0.7483838690160797,1.6012446320626692,417.37890968520105,0.06548538050880082,synthetic_uncalibrated_model
3095,61.51206618535609,5.408815729778784,3.568878034710656,321.23265095620025,0.1774459491192404,synthetic_uncalibrated_model
3096,63.342774509460085,0.3155147699713063,4.782566580244033,411.82889667126943,0.09796352168354028,synthetic_uncalibrated_model
3097,65.37260238818405,3.1929581708898676,5.352733860457011,440.8363973171266,0.19542081912266096,synthetic_uncalibrated_model
3098,40.324726274199286,0.7121041172344523,2.7834169577230288,394.8674880364273,0.05403567997164266,synthetic_uncalibrated_model
3099,73.53906369968568,5.236032614376136,4.733727259967975,361.6088276936649,0.22381764537520143,synthetic_uncalibrated_model
3100,42.17356007250744,2.5216621437996647,3.2003080846350964,302.69843654616665,0.11706355190949047,synthetic_uncalibrated_model
3101,76.30506130392834,4.823563144801131,5.2041227247679736,406.74670237064606,0.23793719053295492,synthetic_uncalibrated_model
3102,83.22139578274596,0.7891134885014631,1.111637781495671,385.9297247440508,0.08305133847533369,synthetic_uncalibrated_model
3103,24.467094917574915,2.53007826321069,0.1235795667816062,468.9031957207359,0.008234198191198992,synthetic_uncalibrated_model
3104,66.24085183009888,2.950606585765042,1.507821791247351,423.93572674068275,0.1334368136653442,synthetic_uncalibrated_model
3105,58.18113003524684,3.962803893755264,4.335607796661655,358.84707261739294,0.17494519914593976,synthetic_uncalibrated_model
3106,47.661122388993626,4.617145553309066,1.7958890880034808,391.83211834294127,0.13192508229789102,synthetic_uncalibrated_model
3107,42.91386424900251,0.17137536971154435,2.2876379803342934,394.62703056853496,0.02014754902983998,synthetic_uncalibrated_model
3108,9.023530645998306,1.8458378881864674,5.4069537253459865,430.1487144466844,0.0,synthetic_uncalibrated_model
3109,70.26288689070493,1.114036290034012,4.325436342781947,377.30199045126056,0.1527434502761179,synthetic_uncalibrated_model
3110,55.9700618940379,2.4426539056811056,2.653259719618085,444.98786094892034,0.12807926423372218,synthetic_uncalibrated_model
3111,66.37430764459253,0.6327242025769438,2.1257237854715356,300.48504384864685,0.08278324189689762,synthetic_uncalibrated_model
3112,64.95633396819073,1.080285101878362,1.962074212318149,427.3378889211348,0.09894389334532272,synthetic_uncalibrated_model
3113,59.16901007033103,3.148371683577161,3.664302807868336,294.83088005486445,0.16300638605426965,synthetic_uncalibrated_model
3114,68.9942964848303,0.2765942424439497,1.9065923407781196,285.36395229530444,0.05798937922572728,synthetic_uncalibrated_model
3115,8.55256608718106,2.209721603563889,4.477285041058526,341.70961599442927,0.0,synthetic_uncalibrated_model
3116,66.8233258200454,1.814430216865432,2.6865968154448736,475.66269539022653,0.12259257526927536,synthetic_uncalibrated_model
3117,67.74877565277998,5.390391448473976,5.316180413001713,364.5294375296488,0.21985989689819818,synthetic_uncalibrated_model
3118,24.792878814855897,5.086721098148988,3.258002570273187,312.45811145004484,0.11698272542141797,synthetic_uncalibrated_model
3119,18.122425124545757,3.138487613520186,5.16315921821334,489.71581970881863,0.042467853243496445,synthetic_uncalibrated_model
3120,33.536837987502366,4.911545054084173,0.3231453722045756,293.65277845180304,0.041274205170335976,synthetic_uncalibrated_model
3121,70.41878099950107,3.2132676266137645,0.6658292622387254,303.1796269968967,0.11249925596968352,synthetic_uncalibrated_model
3122,23.845251584394088,0.7709299208888649,5.147265445080915,316.2410517781577,0.0564161690227325,synthetic_uncalibrated_model
3123,24.662734104448244,5.990174428599736,1.1433849081266156,474.3842299894603,0.05318322010800053,synthetic_uncalibrated_model
3124,82.25006763264444,0.20170756596302578,5.946370759893087,353.8408267220218,0.16760306426996596,synthetic_uncalibrated_model
3125,71.07969498504744,1.658429170208504,4.104044919396847,361.91530836008326,0.16918848433524902,synthetic_uncalibrated_model
3126,27.40013714122596,1.1989807453873285,3.7692004138708146,425.52942624001327,0.07277653106218718,synthetic_uncalibrated_model
3127,21.60458145829167,5.797356845740236,0.23251312625266873,459.9205901857474,0.011828356725130253,synthetic_uncalibrated_model
3128,64.80177565562792,3.8023332103256706,2.0395251578007194,476.4881742066992,0.12552874417927673,synthetic_uncalibrated_model
3129,45.414161691431495,4.926408308300021,1.8283663091270554,464.0564997896223,0.10965408383070463,synthetic_uncalibrated_model
3130,69.55100920243423,3.3185660204056955,5.710562021318647,318.7664212795521,0.2232606639460435,synthetic_uncalibrated_model
3131,59.52231024905934,5.482666010527878,3.9766086075636378,397.03552368335653,0.17734606633354055,synthetic_uncalibrated_model
3132,12.000548536195307,3.5726408730042443,2.4620449428140514,312.08912117203874,0.0,synthetic_uncalibrated_model
3133,6.0298071334467185,0.4608689696317749,4.999896864158427,487.7026946408945,0.0,synthetic_uncalibrated_model
3134,89.4544175369856,0.904419414109878,0.7325584233941185,407.63522466340396,0.07898758580888182,synthetic_uncalibrated_model
3135,43.1146396385514,1.6735939022383146,3.142067957117976,352.7490109842296,0.10037044213599694,synthetic_uncalibrated_model
3136,61.02132127135985,3.413336960724675,2.9032952571351345,370.3310752844818,0.15832338320360984,synthetic_uncalibrated_model
3137,61.13234117383687,4.420726492629554,5.061510867331937,382.0305428641042,0.19378649152789296,synthetic_uncalibrated_model
3138,82.39174128429325,0.45073648863517035,4.219720191991083,461.62840184396237,0.13957145836933194,synthetic_uncalibrated_model
3139,18.902096678539884,4.622514302581852,2.467193658743178,358.7801939644303,0.06644770098231129,synthetic_uncalibrated_model
3140,10.452181636131964,4.842845830650456,2.116967227416635,353.2649342501112,0.0,synthetic_uncalibrated_model
3141,65.8997114223933,2.545568022598978,0.626591367671439,485.69399298524036,0.07715804935999937,synthetic_uncalibrated_model
3142,75.90963083063953,4.766324017889342,0.5527568916548853,411.16673989876415,0.11163086795389382,synthetic_uncalibrated_model
3143,37.775031681133804,3.4788888347163023,4.597586982528695,368.9237273452309,0.12404684957214646,synthetic_uncalibrated_model
3144,74.15749518093206,1.873198726799296,4.281166092045847,331.69844586615596,0.18525909934230056,synthetic_uncalibrated_model
3145,49.385110180936415,0.6240592258856825,0.3512059184321029,289.14423255473787,0.03679319632331421,synthetic_uncalibrated_model
3146,20.65451682391176,5.747450494241302,2.8525752570268232,425.69251512459164,0.0857376512312018,synthetic_uncalibrated_model
3147,50.80984791979663,4.340955360232675,3.3890191141558788,363.1514460698066,0.15098121644712692,synthetic_uncalibrated_model
3148,72.09556798225364,4.528794267840702,0.9172533919924816,317.77236253992186,0.13370058463946077,synthetic_uncalibrated_model
3149,56.2789709884327,0.49983108453137914,2.9122253750599034,439.6615268447847,0.06933490379790103,synthetic_uncalibrated_model
3150,22.76911245234279,3.830839658273747,1.1401065836199353,424.95738299467155,0.05714921413608964,synthetic_uncalibrated_model
3151,43.324622018848196,3.5948354287696147,1.9082707621271828,386.83615146408494,0.12260883171208209,synthetic_uncalibrated_model
3152,52.55696458800041,2.1917228215855076,3.0562172173935047,461.4787596708412,0.11641824201037343,synthetic_uncalibrated_model
3153,37.577941401034025,2.8098764479365603,1.499869403582746,495.39190615509193,0.06437752763875443,synthetic_uncalibrated_model
3154,20.59390793984111,4.135397090901238,3.524944916671891,469.2245004807413,0.07141984448638944,synthetic_uncalibrated_model
3155,71.51577534071596,1.9426292540238594,3.5400792493961855,354.41199135083525,0.1663389160670612,synthetic_uncalibrated_model
3156,40.34182753868005,1.0714490852368268,2.107209895275363,455.0829550055339,0.06445226695645234,synthetic_uncalibrated_model
3157,28.29859678877282,2.0996954064830824,5.963507048879962,398.66203213771183,0.10359847369552189,synthetic_uncalibrated_model
3158,50.77979002087421,3.078175802276125,1.7419496530046412,474.8274804136005,0.10238429244854569,synthetic_uncalibrated_model
3159,22.825730112867646,0.10318766582629235,2.366479161769891,412.5322897741987,0.009105357842515038,synthetic_uncalibrated_model
3160,27.421044291101293,0.1280647435524378,4.292624441918067,342.77296583004653,0.011848706376657636,synthetic_uncalibrated_model
3161,34.9364501259392,4.332133797665209,5.561914383370911,438.59095502654515,0.11916381746577104,synthetic_uncalibrated_model
3162,12.176185171783276,0.8037548564055785,2.972024501788861,463.0597228918314,0.0,synthetic_uncalibrated_model
3163,84.31181769326912,0.28341673673038525,1.6379932883504085,412.9629194825907,0.06633514437898197,synthetic_uncalibrated_model
3164,35.35595728106787,5.179343671946068,0.5206799735506145,482.2634804777279,0.0461732882686704,synthetic_uncalibrated_model
3165,35.4025834905626,3.6458693565854574,4.214504077566991,445.5531372584866,0.11273816321503183,synthetic_uncalibrated_model
3166,27.594741740145132,3.274066380070593,4.589721635220723,441.14908402570165,0.10884287620170252,synthetic_uncalibrated_model
3167,88.60097354243736,3.7401218987444893,0.4208211542620651,468.4757831319943,0.0893248431615637,synthetic_uncalibrated_model
3168,51.190920804004385,3.2450241449830366,3.749605452084657,478.12988477675543,0.11877179447628605,synthetic_uncalibrated_model
3169,39.69531624521579,1.5034745383063748,4.33020613017426,413.81688985091415,0.08747246744419401,synthetic_uncalibrated_model
3170,13.197448586073975,3.0639491760889532,2.7978744699124687,402.93666480098454,0.0,synthetic_uncalibrated_model
3171,81.71749453837892,3.8415690007786845,5.437159805087647,469.153999569123,0.23456449774818777,synthetic_uncalibrated_model
3172,52.35293050890583,1.5755174502145168,4.309942147648386,498.4652008113162,0.09457124900720887,synthetic_uncalibrated_model
3173,9.255524448834915,2.0758498664467613,4.808026440301399,288.9801028757327,0.0,synthetic_uncalibrated_model
3174,11.024463857528735,1.50045563446504,0.33511763688680396,412.74443810437657,0.0,synthetic_uncalibrated_model
3175,19.826522148639725,0.8638326541687876,3.950704071095296,301.8780730746859,0.05394217163626033,synthetic_uncalibrated_model
3176,17.23572230253122,0.6677762691384109,3.5278824225958774,378.33636205258847,0.03424434020696064,synthetic_uncalibrated_model
3177,30.89127470980839,5.678418553633206,5.984640435346192,316.3498965021355,0.1332865696483212,synthetic_uncalibrated_model
3178,41.6758296786475,3.93944628552501,5.305493297021083,484.51737129440755,0.09332233326948725,synthetic_uncalibrated_model
3179,87.20841143147808,4.7875426461686645,4.651184159008635,471.520697465508,0.2283286855487403,synthetic_uncalibrated_model
3180,29.211405847711674,4.516220412251779,1.308484281724504,441.29538856234393,0.0840994904959459,synthetic_uncalibrated_model
3181,23.903028602436255,0.7955476476230096,0.19381379685010502,351.7221750117534,0.012608815821718418,synthetic_uncalibrated_model
3182,50.4377279870225,1.8635914946060104,0.5509481419778249,479.20852953893655,0.05907477750210127,synthetic_uncalibrated_model
3183,16.47077259831301,1.5636777899461727,5.172068903286798,347.30011316436946,0.048464286273250085,synthetic_uncalibrated_model
3184,82.5020307008591,3.2114075122697474,4.1312676357166405,390.28385729930153,0.21944118309886584,synthetic_uncalibrated_model
3185,38.68285323472953,3.3248760707123965,3.85490398728889,422.67875710386545,0.11798518200844388,synthetic_uncalibrated_model
3186,45.01300656605151,2.273494677183152,3.590375928521104,300.39172692468264,0.12004772361339894,synthetic_uncalibrated_model
3187,62.95177508247371,1.4808825243006456,4.942852116348343,304.10918585159953,0.1582339404930081,synthetic_uncalibrated_model
3188,87.14506510476075,5.135528848223708,5.078227854414658,379.1075329860894,0.26495222412724795,synthetic_uncalibrated_model
3189,62.478057949630816,4.165904079154854,3.784069594620367,413.1276386990808,0.17561314489638824,synthetic_uncalibrated_model
3190,54.72547017993562,4.498259095020428,5.480828881602085,300.6937798279966,0.18031790704798867,synthetic_uncalibrated_model
3191,54.753682003298536,5.988291841772553,0.743717239700393,415.71003162364383,0.10829183803857767,synthetic_uncalibrated_model
3192,44.45770410883855,1.2535899502360537,4.143934132908419,478.93083151321827,0.07604118699582879,synthetic_uncalibrated_model
3193,13.348605922771801,3.0269124145661768,2.4659503812876626,301.0518803435588,0.0,synthetic_uncalibrated_model
3194,47.92893233376504,2.972194361974782,2.1965899212188944,321.04767004612665,0.1273758513216121,synthetic_uncalibrated_model
3195,45.775508129099514,1.6618071743450282,1.4013069452939833,402.4338346777124,0.09168231104634617,synthetic_uncalibrated_model
3196,16.71241306706694,3.9195356950495115,0.36689672769354664,454.14269372919375,0.005434350586171158,synthetic_uncalibrated_model
3197,84.17330345982059,5.499782760557269,2.6298930538678786,476.03696751473046,0.16559586794492098,synthetic_uncalibrated_model
3198,44.688205403526446,3.1537071502357543,0.3273090425102175,458.8772017808879,0.04821497382633072,synthetic_uncalibrated_model
3199,62.153486150404724,2.420461604745689,5.653492318976116,294.4677513416936,0.18831754789860833,synthetic_uncalibrated_model
3200,49.41058270668932,1.945687170803612,1.5647685808240779,286.0077432291602,0.1059182166726681,synthetic_uncalibrated_model
3201,21.73363282447378,5.936310508766381,1.974102294359918,388.8226193398016,0.0802267149889927,synthetic_uncalibrated_model
3202,7.532803772433261,5.7849539989291765,0.41010009656812363,439.700717026483,0.0,synthetic_uncalibrated_model
3203,49.92723966762361,2.610286417492568,3.4746289248766824,458.0855522723676,0.12146135619843446,synthetic_uncalibrated_model
3204,87.73901133644866,4.085891345295446,3.9426437487575505,344.0486799470601,0.23143396197510047,synthetic_uncalibrated_model
3205,24.44059018058231,1.2274568211536754,1.2075967970778352,418.43228187739214,0.050774746056422765,synthetic_uncalibrated_model
3206,70.8323148765058,0.12616036143487785,2.2752338487062453,447.6232389971136,0.05450876827547549,synthetic_uncalibrated_model
3207,57.59078162099027,5.721803033439042,4.249339619489917,409.73793504742605,0.17531861935568194,synthetic_uncalibrated_model
3208,15.748485121411766,3.7771911850834674,5.338452249758315,470.0761573944044,0.021818593578607465,synthetic_uncalibrated_model
3209,13.903955521694938,1.4982419230445037,4.416245870893407,341.33807677433015,0.0,synthetic_uncalibrated_model
3210,30.1603601983547,4.6986992614569205,2.0317173400402946,433.81617443696763,0.10546026847716689,synthetic_uncalibrated_model
3211,47.03973204029021,4.826719079644204,4.344330790953808,339.89859938061295,0.15028332763559793,synthetic_uncalibrated_model
3212,12.345319615842072,1.0814832562587828,4.411622801039283,430.0161568146042,0.0,synthetic_uncalibrated_model
3213,26.329982941401273,0.4928826086449254,3.2042232873373395,437.39288614599457,0.036664741970433345,synthetic_uncalibrated_model
3214,39.613468220756225,1.9205917164030009,5.807291479661205,410.4333876001806,0.09944998572118197,synthetic_uncalibrated_model
3215,31.301743086929296,2.0663595685313636,3.9297552544618433,454.9279065390623,0.09008721326904501,synthetic_uncalibrated_model
3216,27.2956119371221,5.288597095635704,0.6196130422842923,409.1919226659536,0.051451476270633345,synthetic_uncalibrated_model
3217,71.29932807184865,2.5643275729234887,0.8088332740865747,438.4946405520314,0.1093077187222441,synthetic_uncalibrated_model
3218,7.489729157564529,2.376203088709997,1.6335354476718023,488.53826540979384,0.0,synthetic_uncalibrated_model
3219,8.677249049971387,0.8141939401439682,4.427554460704352,323.7038632245253,0.0,synthetic_uncalibrated_model
3220,19.33743583516724,3.538755804031025,1.4031298539077515,371.26204763111775,0.04630970756780928,synthetic_uncalibrated_model
3221,60.16037157464119,1.275608055323405,4.400658721848177,286.5400273004494,0.13608075422620503,synthetic_uncalibrated_model
3222,48.51907029916878,0.7965155304675607,4.525420980378664,463.0024472352758,0.07804140483719618,synthetic_uncalibrated_model
3223,65.52768472517974,1.145580401654098,5.826248417328192,488.74271428313773,0.15048622620182706,synthetic_uncalibrated_model
3224,77.56397289888282,4.895788630455035,1.7870451396969187,371.128661519503,0.16468878884880755,synthetic_uncalibrated_model
3225,34.4004890121805,1.6488580304784433,5.4241365613040955,334.73390046964573,0.09397452843115828,synthetic_uncalibrated_model
3226,82.23570683717091,3.5600716166501125,4.300631327395991,338.6146440479139,0.22684187633717223,synthetic_uncalibrated_model
3227,40.85287852576143,1.0780197904267554,4.746095081075365,345.35086199638016,0.07567003379222165,synthetic_uncalibrated_model
3228,68.2044348665506,0.5019848345689852,3.964452510629123,347.35704806554935,0.10964939631514747,synthetic_uncalibrated_model
3229,27.961957136144793,5.108606970769346,3.5191715901680896,399.5264984018314,0.12344201982472869,synthetic_uncalibrated_model
3230,36.44841064120203,4.576964702166122,4.265464389473054,391.97631704693765,0.12887312001461282,synthetic_uncalibrated_model
3231,76.84432080714025,4.1978813497893945,4.990785003279453,283.3805361072003,0.23451180885837952,synthetic_uncalibrated_model
3232,61.422962837233825,4.82230879453537,2.009215558843577,364.88621441315286,0.15295811320245822,synthetic_uncalibrated_model
3233,60.41863759076984,1.7179736523170337,3.595934103426623,398.4178047182114,0.13930728820383675,synthetic_uncalibrated_model
3234,48.59314151081011,3.222386232348676,5.499071463187694,350.9334561986701,0.15216091869250137,synthetic_uncalibrated_model
3235,13.639520837220575,1.1782395662630933,2.5176059454259194,305.36074624462475,0.0,synthetic_uncalibrated_model
3236,32.75544555946237,5.222923944852296,4.959625207508967,360.3238527812499,0.1318779196907378,synthetic_uncalibrated_model
3237,23.816575917188153,3.5529352870571933,5.997999439023808,492.31240144555574,0.06473628913022433,synthetic_uncalibrated_model
3238,67.35463934573394,1.5526235276713731,4.971653785072413,496.17037999763517,0.14639328929688034,synthetic_uncalibrated_model
3239,68.14270682926063,5.985010082269194,3.3770239864692573,290.48194620889126,0.18771156205500805,synthetic_uncalibrated_model
3240,12.322333550819984,4.11647432998196,2.148590820605535,464.07984319455534,0.0,synthetic_uncalibrated_model
3241,16.154406282519737,1.941255418658331,4.093470907958374,451.75675832611637,0.028893995829581187,synthetic_uncalibrated_model
3242,61.547909043102024,2.587089832003834,0.17913441403528063,439.01686939725033,0.0431341612052735,synthetic_uncalibrated_model
3243,74.5018421105631,4.170878580206157,0.8835446689121323,424.3175542473506,0.12841697745393266,synthetic_uncalibrated_model
3244,42.85841340272333,1.6376586932860941,5.517240914424534,478.6872029990476,0.08357422014294447,synthetic_uncalibrated_model
3245,49.05190376615477,3.8910983689934806,2.776679176729788,439.97221979628443,0.13209170220039168,synthetic_uncalibrated_model
3246,13.126580167775352,3.2765900672357615,0.34788155613689503,383.28429684145294,0.0,synthetic_uncalibrated_model
3247,67.49185723823183,2.8220978547235376,3.2769049285196163,421.5592588260854,0.16592357615437225,synthetic_uncalibrated_model
3248,49.442590753963394,1.7360539304220068,2.4827549720153748,415.921998406083,0.10771894517230507,synthetic_uncalibrated_model
3249,30.070700272905373,0.8989276018529336,1.9871937722818342,340.3955608903966,0.05939424358982323,synthetic_uncalibrated_model
3250,19.78814010132737,4.806310109847137,3.4392233246374126,287.11762891263174,0.09159497812008971,synthetic_uncalibrated_model
3251,46.08003888271177,2.1935530341979503,1.5194207851725627,406.2515611749297,0.10467680615250224,synthetic_uncalibrated_model
3252,48.210595374837006,3.468589268422425,0.4551336205510238,444.1081127906881,0.06898663014659523,synthetic_uncalibrated_model
3253,14.151884239095677,4.883291492174076,1.190071161738409,381.28932734408374,0.0,synthetic_uncalibrated_model
3254,70.20908135785737,0.21458748575176548,3.228053521141007,479.0954834271697,0.07711044025845637,synthetic_uncalibrated_model
3255,67.21661456003923,1.6780725779033665,0.5197301292632399,499.6179793683534,0.05729990975528443,synthetic_uncalibrated_model
3256,33.36567928749555,0.8302008320810993,0.11531559036207376,306.18553831726507,0.01397832829674342,synthetic_uncalibrated_model
3257,13.79375265070723,3.3735929938269833,5.698941178173647,408.5114161468854,0.0,synthetic_uncalibrated_model
3258,27.492644149545747,5.615220344623436,4.0957454624083,333.4586904969399,0.12870077724280893,synthetic_uncalibrated_model
3259,86.16231466777485,2.579524629197015,1.446663185520905,480.18122000027677,0.12275006467612637,synthetic_uncalibrated_model
3260,24.237567202264525,0.6178802285741262,3.59288661416294,409.24351497848573,0.04545725045543264,synthetic_uncalibrated_model
3261,40.48663945376438,3.7878187676600543,3.070707324989754,408.44375414586875,0.12379269303822488,synthetic_uncalibrated_model
3262,53.248749257883915,4.220964012674014,0.26975527819443734,409.6672904009173,0.056797763609718666,synthetic_uncalibrated_model
3263,82.73380502640939,1.766025036798613,4.1961765513645695,294.65001029355057,0.19904733219708137,synthetic_uncalibrated_model
3264,26.809768953651314,2.42835915955692,4.6410968473698935,397.5973266975634,0.10778420311270492,synthetic_uncalibrated_model
3265,9.393094922472585,4.708018891834761,2.434084729386176,315.45130235589914,0.0,synthetic_uncalibrated_model
3266,31.036437864718753,4.972970334894936,2.492868782511407,380.28759195605386,0.12077521848200384,synthetic_uncalibrated_model
3267,24.40185796172802,5.071462480847674,0.45195312367784746,325.75389124737535,0.03344711742767201,synthetic_uncalibrated_model
3268,9.491707864503791,0.5159338687998019,4.2512946618532945,332.16046864260676,0.0,synthetic_uncalibrated_model
3269,79.96660300547991,0.12048046272085616,3.7144372390404907,378.93588497133226,0.10017843084819017,synthetic_uncalibrated_model
3270,54.027776845866306,1.3842474246631185,2.909872471229101,465.7525555695926,0.09909514157759464,synthetic_uncalibrated_model
3271,87.47892588805,3.3687256614695715,0.865795063715624,379.84160501876124,0.1346236984787893,synthetic_uncalibrated_model
3272,85.43742504554928,2.8773961237896506,4.41070046359766,397.3213189995477,0.22913736685984532,synthetic_uncalibrated_model
3273,83.47366839672036,0.9055444981999332,3.701952690191621,463.82376937700536,0.150936616950766,synthetic_uncalibrated_model
3274,7.592794343543579,5.283854499782381,0.9660125934848942,332.9384901352349,0.0,synthetic_uncalibrated_model
3275,12.698246103256954,4.845974352029859,5.526946184475267,488.78956521397856,0.0,synthetic_uncalibrated_model
3276,64.09401947545078,4.286255713879191,0.39837339905638647,387.18870848263543,0.08605077799334615,synthetic_uncalibrated_model
3277,79.04711134679623,2.0040652841970243,4.252160602344257,408.25647858223095,0.19686842160811513,synthetic_uncalibrated_model
3278,20.79114626976378,5.992704904412314,5.315645010507866,395.0039405021603,0.11660053358174116,synthetic_uncalibrated_model
3279,87.10419615344021,2.7230982445537393,2.631500439019106,290.8695516374247,0.18256544279165066,synthetic_uncalibrated_model
3280,53.867021206861104,4.22605238573688,2.1635807409575345,330.867940484553,0.1441216376869663,synthetic_uncalibrated_model
3281,52.04604899820765,2.3078927876431248,3.7549172919684484,303.0077151668326,0.13732729631783025,synthetic_uncalibrated_model
3282,79.13505481402493,3.6475992321100663,5.578452468168662,290.9678225677043,0.25114652253509107,synthetic_uncalibrated_model
3283,43.90274799490295,2.072647496327766,3.3321566565225926,296.3318477742854,0.11267020324621335,synthetic_uncalibrated_model
3284,12.406174141230554,2.24017836305436,5.362900140867378,362.0259585320752,0.0,synthetic_uncalibrated_model
3285,58.52549908368098,5.599550443070259,0.48865160812298825,320.18920086439886,0.09348757000178992,synthetic_uncalibrated_model
3286,84.67911964557248,2.78924446781212,2.2290070533246857,432.6920724509651,0.16457580048004916,synthetic_uncalibrated_model
3287,63.46841072646388,1.9505944665585684,4.680944563235027,429.9729297505395,0.164779794586556,synthetic_uncalibrated_model
3288,6.050106510180758,0.8394324089925274,0.20096105123319719,341.4552592758622,0.0,synthetic_uncalibrated_model
3289,16.570979905761764,2.287376780098147,4.316300639204893,315.2325288046646,0.049099402640483236,synthetic_uncalibrated_model
3290,43.24537622469563,0.4151576678429606,2.0649943926504775,476.1978254635557,0.03358980943037734,synthetic_uncalibrated_model
3291,37.18035919452622,3.7462618395332457,2.0241486736866796,359.69075058714026,0.11811883577074578,synthetic_uncalibrated_model
3292,26.468582133348274,1.4579966199281664,5.864610536929817,316.08497116117906,0.08728874221769162,synthetic_uncalibrated_model
3293,74.4806531606645,3.6759097683091206,5.799594279855872,460.784651622418,0.2262062076803889,synthetic_uncalibrated_model
3294,30.68053584844621,0.20032085717488568,3.5048378531336026,492.2141194799374,0.012906161827872138,synthetic_uncalibrated_model
3295,75.77529607471831,1.5434130896508556,4.135847754300834,418.08096617802966,0.17488636117683365,synthetic_uncalibrated_model
3296,19.638510167546357,3.957081966237442,3.8794211100224354,380.6492112341819,0.0931058041171175,synthetic_uncalibrated_model
3297,56.712284422124974,0.7816787857729641,3.663216610702251,286.3927606900079,0.09677768995292424,synthetic_uncalibrated_model
3298,36.995711597696356,4.069313663272671,1.4865937595568983,305.75438632460884,0.11092970262049351,synthetic_uncalibrated_model
3299,73.006834949008,4.2342712050198275,0.5695657367304452,477.15087008917703,0.08936846108593799,synthetic_uncalibrated_model
3300,67.28018197701698,2.188622761946734,0.953406134405252,344.4391883211198,0.1124863349261842,synthetic_uncalibrated_model
3301,6.340311199539654,2.153447315007499,4.574850744335881,416.27045189773276,0.0,synthetic_uncalibrated_model
3302,28.500830222958395,2.240617161701518,0.47346489741132913,406.57782069931295,0.04134676748115834,synthetic_uncalibrated_model
3303,13.394298605241294,0.7346679283751437,5.769778176698881,401.48406457064607,0.0,synthetic_uncalibrated_model
3304,8.632911366212834,4.306659056514627,2.3605934150565404,321.92048429979116,0.0,synthetic_uncalibrated_model
3305,34.60153022447538,1.872207205821071,2.130062327147194,354.1095917090939,0.09414414671777183,synthetic_uncalibrated_model
3306,31.944700338458443,5.40459172460936,3.3170023245106846,464.7899112285989,0.10272731702615001,synthetic_uncalibrated_model
3307,58.100519337313095,2.592325456515264,1.509522368325164,441.1031940572502,0.11836744246932956,synthetic_uncalibrated_model
3308,69.35859994054721,3.6525996231772195,2.7176223925687184,313.50452017082483,0.1699148894479462,synthetic_uncalibrated_model
3309,55.63247479129207,2.1689335548118707,0.7075214084020197,291.70282884006815,0.09268998530666556,synthetic_uncalibrated_model
3310,15.560020706325977,3.4427867381027815,4.790050892679812,383.11655340042205,0.02419813281098493,synthetic_uncalibrated_model
3311,77.23135361137808,4.493424723755834,5.575126094342644,381.1254039210319,0.24934755343231496,synthetic_uncalibrated_model
3312,70.97293982440202,4.363471773468582,4.6463395837825505,456.81570756949645,0.1976866055582115,synthetic_uncalibrated_model
3313,87.95787044226428,5.099375176337981,5.751232019706167,298.31456729763227,0.28637543317039116,synthetic_uncalibrated_model
3314,45.04162191283829,2.2970921139536147,4.241168076476519,359.7125419824051,0.1228398289487182,synthetic_uncalibrated_model
3315,28.089428276457838,3.5596740555639093,1.9736742576839406,496.43687516984085,0.058589012355406006,synthetic_uncalibrated_model
3316,54.468539579185816,3.9308075159550544,5.700919361024085,375.74332162501116,0.17849142811691943,synthetic_uncalibrated_model
3317,61.6854741863425,0.3984833918055969,3.398150390965222,413.86791768958506,0.07973331850798332,synthetic_uncalibrated_model
3318,67.07131388312288,5.592039322569808,1.2327252406476699,490.65709135946975,0.10184083734365285,synthetic_uncalibrated_model
3319,39.10521665120332,1.6283291756421356,5.020061212973465,420.10152718349934,0.09070837477180238,synthetic_uncalibrated_model
3320,21.90638719754588,1.7593696424297127,2.743192354054534,446.4373014611894,0.06803163261750533,synthetic_uncalibrated_model
3321,31.35553865509152,5.866539820879585,5.860416697194141,433.34648813370313,0.12386254452174661,synthetic_uncalibrated_model
3322,29.600032841176986,5.624048296159331,4.015423035531073,384.22479511661606,0.12928075717563692,synthetic_uncalibrated_model
3323,13.619221147666938,5.116736767331976,1.3157067645345466,370.0594497909,0.0,synthetic_uncalibrated_model
3324,56.95386413006684,2.025525998471073,5.9445232393071,294.7888799532985,0.1671260478969535,synthetic_uncalibrated_model
3325,20.15606873115881,0.9356022436181286,0.6243649212233274,313.25294118580587,0.022511582168412952,synthetic_uncalibrated_model
3326,64.44147586143933,2.328048337765604,2.0403402436916256,293.20349870926543,0.13682877959366335,synthetic_uncalibrated_model
3327,81.1565255548063,3.1114810402747457,1.9054725896455333,342.3217959035554,0.16125507914377446,synthetic_uncalibrated_model
3328,64.24655032285781,2.779518962059779,1.9118084435206022,453.6315364581707,0.12961068336797843,synthetic_uncalibrated_model
3329,11.675444977614104,1.331088517726196,2.6268588454948647,320.4958477149208,0.0,synthetic_uncalibrated_model
3330,67.9365956995695,1.0276045694668459,1.8201923909192876,304.9227492884667,0.0992439225004198,synthetic_uncalibrated_model
3331,18.724106077017172,3.900443891316548,1.0738628929055196,470.821267119873,0.02593771864634785,synthetic_uncalibrated_model
3332,73.50081804298419,0.14103788514664647,1.0819980328738463,282.82245167108647,0.03472559252181395,synthetic_uncalibrated_model
3333,70.27617541813979,2.747050510800293,1.0629469445724269,457.1182535611033,0.11432567970978241,synthetic_uncalibrated_model
3334,79.45566161044276,5.995870683185133,5.673452755147672,383.7136015746338,0.2612507938145274,synthetic_uncalibrated_model
3335,60.073280799280255,2.1452711339411135,0.2958095002618769,418.3562030052039,0.06029923875444035,synthetic_uncalibrated_model
3336,22.262364612231547,1.8762689381078306,3.2346224178594807,299.34758490611296,0.08482161386263798,synthetic_uncalibrated_model
3337,5.651306139390679,1.5365066865322363,1.330503652552745,350.635827922005,0.0,synthetic_uncalibrated_model
3338,14.655212608027577,5.110194064961591,5.915296855732664,499.4867192216054,0.0,synthetic_uncalibrated_model
3339,59.61471986153476,2.783398730317955,1.3208807722152704,403.5302317266184,0.12386346801500758,synthetic_uncalibrated_model
3340,78.1263694231733,4.683412925764307,5.445002144258517,468.6344239450858,0.227325918588963,synthetic_uncalibrated_model
3341,9.142527060992073,0.9956002767637449,2.3997850703332237,377.9525648255748,0.0,synthetic_uncalibrated_model
3342,17.644707146008564,2.4441056264914947,3.726962567588905,499.11316135393616,0.027003352362728036,synthetic_uncalibrated_model
3343,59.95042066077822,5.4718270402168345,1.593818049523755,476.8555548502637,0.11526108049947004,synthetic_uncalibrated_model
3344,80.11780138439264,2.6355269515694446,2.037676003606167,433.24458963445215,0.15296291864192313,synthetic_uncalibrated_model
3345,61.066390164302234,0.9333593931662022,2.692454375944503,400.9020146287631,0.09978495414590921,synthetic_uncalibrated_model
3346,9.406490216462764,1.755872647620711,0.9883877222667664,363.6361418778306,0.0,synthetic_uncalibrated_model
3347,81.85494803359418,5.647102421802843,1.6228318332082667,376.2570247890767,0.16553947463144736,synthetic_uncalibrated_model
3348,63.4422037985479,4.082635508568407,3.88103425998441,456.0153033862365,0.16635677542666194,synthetic_uncalibrated_model
3349,60.923645810306795,1.9835184974880424,0.2849368957597217,361.7366656159721,0.05982530835501834,synthetic_uncalibrated_model
3350,77.79317645783321,4.328429974629024,5.872722343496188,470.8523323616347,0.2339360040759867,synthetic_uncalibrated_model
3351,39.52969202230975,0.15403230562746117,4.243865201778681,315.7388966059619,0.014165105997233494,synthetic_uncalibrated_model
3352,6.387969206591888,0.111238762692255,1.8792131481936585,394.713931460496,0.0,synthetic_uncalibrated_model
3353,45.222741564014285,3.3751437817558205,4.537625326591582,398.4702602411538,0.1369596628725147,synthetic_uncalibrated_model
3354,6.9324025345029465,5.980702324855936,0.5620268097836144,314.7758640907682,0.0,synthetic_uncalibrated_model
3355,29.562309687499575,5.287289510408533,2.8152237233525277,389.0049203180209,0.121983537310835,synthetic_uncalibrated_model
3356,70.54604524992664,1.0213808816284053,2.929042309931545,281.8539252146677,0.12290152544504729,synthetic_uncalibrated_model
3357,43.15914801438121,1.243745514198787,2.2923903309220224,313.92190929894684,0.08322422488120484,synthetic_uncalibrated_model
3358,68.22397563205377,3.465304057388803,1.8950218133858314,388.95271555930117,0.15085933019366693,synthetic_uncalibrated_model
3359,23.171845921816526,4.841460394369118,5.95199537780992,372.16162909013013,0.12636341138732488,synthetic_uncalibrated_model
3360,41.15449640207759,4.383686703321591,2.160681138789036,426.47859191060274,0.12077225018604776,synthetic_uncalibrated_model
3361,71.85440698214506,0.21048850229302657,1.9639905524974517,426.248086028863,0.05661065977515639,synthetic_uncalibrated_model
3362,7.4303680220369435,1.9076498405486948,4.233437543082072,350.7570852948707,0.0,synthetic_uncalibrated_model
3363,46.41321941829784,4.918907671415119,5.9392081030681485,348.23603818509696,0.1560783900451841,synthetic_uncalibrated_model
3364,66.98329162818933,5.470215583919695,5.806141513552415,408.98778684930176,0.22384282054211613,synthetic_uncalibrated_model
3365,60.24056477596538,0.4248172195844949,2.5378356787990404,308.0228401237916,0.06773142438486679,synthetic_uncalibrated_model
3366,80.95883906763251,1.0966667689508278,2.9013351402391248,402.58245589018276,0.14051011103604183,synthetic_uncalibrated_model
3367,20.45714992953889,1.7863894682529853,4.12218260582211,347.42179072879924,0.08251419649460073,synthetic_uncalibrated_model
3368,15.374908059901614,0.13294753966352832,5.243131812442755,336.6869104277678,0.005534723826418467,synthetic_uncalibrated_model
3369,33.026471824970855,4.889937081797464,3.9016454203739066,489.636499109753,0.07927152660057873,synthetic_uncalibrated_model
3370,9.910952182466797,3.3421722856117735,4.9553080821227296,421.0369638237521,0.0,synthetic_uncalibrated_model
3371,48.19738503916805,3.312341761018355,1.436218834621101,370.7097800306424,0.120626215422593,synthetic_uncalibrated_model
3372,24.994037159430675,0.9426629715531506,5.596408625685999,417.7267742945834,0.0636383187952525,synthetic_uncalibrated_model
3373,39.4519078344229,5.70701467377279,5.4488634390898145,497.13009712911,0.0741361766656925,synthetic_uncalibrated_model
3374,65.8807866724595,2.113106908954974,5.413607858445772,430.0840990368639,0.18643969878022126,synthetic_uncalibrated_model
3375,47.13000942195105,0.7477505713850376,5.4474994596523825,454.0646795222049,0.07780361656732027,synthetic_uncalibrated_model
3376,20.333048306087722,5.313399572867636,2.223000186811671,445.8710851085876,0.0670912667327746,synthetic_uncalibrated_model
3377,84.08005392171782,4.894011418696603,5.843902788821068,486.0690563060592,0.24045113573533738,synthetic_uncalibrated_model
3378,6.7275882117536225,2.8821751542797003,5.311185115523482,416.11155032212605,0.0,synthetic_uncalibrated_model
3379,28.91994310967162,4.902244535427503,3.3274037094323625,475.047296975611,0.09011083412250398,synthetic_uncalibrated_model
3380,83.11844720376347,5.326115701590016,5.011085375912993,456.3747030502259,0.23840747599579326,synthetic_uncalibrated_model
3381,29.58563436569518,4.784132089972916,4.500893077806031,394.4523175927173,0.1278002334717684,synthetic_uncalibrated_model
3382,77.7230239077775,3.9133979517517394,2.361783576419396,416.04579625636455,0.17173429113101113,synthetic_uncalibrated_model
3383,26.349548958935923,2.237727925287003,1.7643124518325621,293.51057327956926,0.083850165914786,synthetic_uncalibrated_model
3384,76.95225769468645,0.24130250740687842,2.4071895124858393,461.11857308634313,0.07320963016562054,synthetic_uncalibrated_model
3385,76.65423851484046,2.1151932788130847,4.147369964412088,311.03062207004575,0.19314984225161547,synthetic_uncalibrated_model
3386,48.82612048708306,0.5064839620628343,3.0788313063559456,429.1930334883092,0.05790408342318484,synthetic_uncalibrated_model
3387,78.1646296346108,0.9710581100024556,5.505709598195491,463.38055719539,0.1855096285374176,synthetic_uncalibrated_model
3388,5.870321975976373,3.3482153644116703,4.878009970313817,426.67820883819275,0.0,synthetic_uncalibrated_model
3389,37.23754650211111,4.974424359615234,0.9140550650465368,409.61979262214095,0.09120502475195702,synthetic_uncalibrated_model
3390,78.29543232901307,3.4892325617852364,0.20976936013652053,422.7971636064643,0.06193548868101939,synthetic_uncalibrated_model
3391,11.813521311136714,2.0651217842774527,5.4837180452520995,297.98546289424945,0.0,synthetic_uncalibrated_model
3392,39.5854811931734,3.270571487839434,1.3411734848397736,493.6587444147044,0.0673165303627507,synthetic_uncalibrated_model
3393,88.09166841541486,5.794478517147718,1.0686301135653244,475.7318350546216,0.125017727241041,synthetic_uncalibrated_model
3394,17.795422691006287,2.3874237834021823,3.7516944137916393,391.91852542891496,0.06396184017522599,synthetic_uncalibrated_model
3395,83.68370627956297,2.4172541788357496,3.9579613986882802,335.4490593201087,0.20828627095515695,synthetic_uncalibrated_model
3396,87.04237963885532,1.9236331889135796,2.2988558534667365,483.62978053546794,0.13772967285924165,synthetic_uncalibrated_model
3397,11.68922410035156,2.9383405050911002,5.387756747770374,485.462732200869,0.0,synthetic_uncalibrated_model
3398,77.84677231880774,5.2032625106034915,2.190357446690765,307.8508938724712,0.17571253183984614,synthetic_uncalibrated_model
3399,88.25010927460342,0.5395846288143332,5.328265163901114,384.32695137351504,0.19148990472670024,synthetic_uncalibrated_model
3400,73.24035088912993,4.637277452320023,3.1833508988231474,336.4919405944861,0.18971059244772281,synthetic_uncalibrated_model
3401,71.9209073471041,1.4415370422014404,1.3560382522040564,474.86494204706855,0.09531255819373602,synthetic_uncalibrated_model
3402,7.710300723752342,3.365023696089399,3.5283379275000906,391.6926103829923,0.0,synthetic_uncalibrated_model
3403,42.48603084805267,5.173631464986094,5.95841276208165,330.2664689360938,0.14209777156269687,synthetic_uncalibrated_model
3404,76.07374499017997,4.388168238860455,0.43128603163339996,280.49907157085073,0.1002906765637005,synthetic_uncalibrated_model
3405,88.26490709087733,2.485996081291972,2.9365145544533298,480.7718886600391,0.1656114947422055,synthetic_uncalibrated_model
3406,20.54223991825513,4.024285710472023,2.7320730009168996,291.58513021304736,0.08567403764071341,synthetic_uncalibrated_model
3407,79.024440132393,5.019849546444201,3.5611156194029503,472.2929761426942,0.18321099572176014,synthetic_uncalibrated_model
3408,58.29220002984958,3.555447476069733,5.715152608125925,282.5665763847128,0.1894687195594299,synthetic_uncalibrated_model
3409,58.456891750854034,5.175698822862543,4.448866218743212,473.29808094411806,0.1530843204372101,synthetic_uncalibrated_model
3410,88.71066727171511,3.1339208053060106,1.65363830032531,329.6209309238385,0.16099201164779697,synthetic_uncalibrated_model
3411,85.24302977734351,4.5598661739850055,2.3965875766940083,368.7970204272547,0.18696375360900097,synthetic_uncalibrated_model
3412,41.66667218620264,0.5444329064285124,4.417260027617282,363.77478652217013,0.04879697625997573,synthetic_uncalibrated_model
3413,43.82339329533399,3.0364861999576367,1.2115315083384648,481.1374990206655,0.08061831812712789,synthetic_uncalibrated_model
3414,79.29294792025017,1.7082640916535947,0.35552059313939244,469.5931046093933,0.06543869444771933,synthetic_uncalibrated_model
3415,78.07571948669649,1.9731991201440604,0.3622562541421238,437.6194556405674,0.07577314842157723,synthetic_uncalibrated_model
3416,66.74158318395007,4.90627571587575,1.2515098271234537,370.7754068634293,0.14225425127618008,synthetic_uncalibrated_model
3417,72.14034886195935,5.4746592196693795,3.107795823071608,296.65439615236136,0.18856250191657453,synthetic_uncalibrated_model
3418,60.71467203017767,3.6647813856478,4.35135551534454,295.737545507132,0.17971863584959014,synthetic_uncalibrated_model
3419,46.431478772587546,1.923107339042405,3.0261792379096426,310.1820881176012,0.11295674533065925,synthetic_uncalibrated_model
3420,88.02488706653409,0.1746878343597792,2.1554529536826372,346.4553499251294,0.07572906691022424,synthetic_uncalibrated_model
3421,56.7278649081059,1.2074476649813652,2.3189642973031983,478.60567437272607,0.08723906221496408,synthetic_uncalibrated_model
3422,35.37270348864311,0.4049165923533534,2.581854613590157,453.23451358638374,0.030911061200294965,synthetic_uncalibrated_model
3423,55.54946076887393,0.2754167626604806,3.9399114085554134,283.4734128894019,0.06441687870310842,synthetic_uncalibrated_model
3424,53.307222460264356,4.360291255485179,0.8774816260643884,435.43616520388235,0.10808210097800092,synthetic_uncalibrated_model
3425,89.75366263353041,5.347045183463896,1.172982869955171,487.0813633292555,0.11959503406285771,synthetic_uncalibrated_model
3426,32.12024452659635,3.832480163601417,4.441366379427462,442.3432080300323,0.11426291475200995,synthetic_uncalibrated_model
3427,69.7680114164893,4.569424336568217,2.227224591017153,325.78317815417313,0.16569862534575996,synthetic_uncalibrated_model
3428,80.82805478611192,4.832696183858671,3.6770930161017126,402.8287329702608,0.21273263357735595,synthetic_uncalibrated_model
3429,13.43273467863099,5.119533518998233,0.22299355544819366,303.1446519858939,0.0,synthetic_uncalibrated_model
3430,15.572601961219494,2.189721511360212,4.116376444982997,377.06921695479616,0.021034344394405602,synthetic_uncalibrated_model
3431,57.19431344846251,2.0215441570613715,4.472482862988293,387.9766770576695,0.15046321363383708,synthetic_uncalibrated_model
3432,56.87950048440395,0.7915429654549545,2.3332195106058062,412.2674082286523,0.08179679959714642,synthetic_uncalibrated_model
3433,65.04713950607064,0.12915718400548673,1.1820025700632664,321.7437161111354,0.03035078854662346,synthetic_uncalibrated_model
3434,70.08828132433862,4.608010311239831,5.347563798283117,417.46593654896253,0.22172226747987023,synthetic_uncalibrated_model
3435,59.71161852056531,0.7185229292727132,0.18119721376994652,434.4880673743888,0.03038130487579499,synthetic_uncalibrated_model
3436,30.84545393088904,0.7498133309103273,0.4358221889979944,325.30827717191806,0.03166265783315661,synthetic_uncalibrated_model
3437,20.934002546501304,1.541039485177918,3.864389071489118,334.8107559799146,0.07764099911891165,synthetic_uncalibrated_model
3438,34.449292208464776,5.527405073360243,2.116187556352899,423.95252105317604,0.11705342083983428,synthetic_uncalibrated_model
3439,56.36234127646316,1.3871306255027478,1.5891268067644382,316.71570495868355,0.0982184374665237,synthetic_uncalibrated_model
3440,7.1694887334323605,4.844026987467979,0.7204300089909474,288.84551317637556,0.0,synthetic_uncalibrated_model
3441,36.69537965120497,0.7026443883078906,1.7584212878810597,471.1906731698478,0.04307147861829569,synthetic_uncalibrated_model
3442,87.46127958220886,4.785211406696646,0.5854951315272489,337.61060695246783,0.12394165263626666,synthetic_uncalibrated_model
3443,66.53771453767365,5.852323053026298,2.8269116922084065,287.87568220308316,0.1753205725548691,synthetic_uncalibrated_model
3444,9.22438909234124,3.339752810960983,3.5020630737493224,319.5530408201825,0.0,synthetic_uncalibrated_model
3445,74.22021674862067,5.413765583447837,5.1750351156520695,467.3968939507282,0.21237891666115727,synthetic_uncalibrated_model
3446,83.48721794884327,5.94857208008509,5.901242756493668,494.0254032556898,0.23286152709693753,synthetic_uncalibrated_model
3447,14.210768575369958,3.550364365864047,3.481495203220313,383.50840906526105,0.0,synthetic_uncalibrated_model
3448,47.826586485968356,1.6835543535432147,0.38916792628996866,399.20410406313465,0.057174999733065585,synthetic_uncalibrated_model
3449,50.65329362925089,1.0832492495561024,1.610762000699803,364.9381578419997,0.08127920078631323,synthetic_uncalibrated_model
3450,67.72658157116209,5.2253779193251235,2.1034726301937168,340.180086212226,0.162844156714528,synthetic_uncalibrated_model
3451,42.13367611856689,0.5508226527860478,3.2977020713637653,389.9297331938691,0.0486486305122851,synthetic_uncalibrated_model
3452,77.10039760440674,4.92981457105189,2.0790196233620772,430.94367778073575,0.16540644435416962,synthetic_uncalibrated_model
3453,7.745634553129776,1.9932007084871413,0.30235711198363285,443.1218989967934,0.0,synthetic_uncalibrated_model
3454,78.9080442170968,5.585389171687678,4.052160920030039,354.024075227088,0.22148348658290462,synthetic_uncalibrated_model
3455,72.79670254214238,4.002253538250033,1.7776625920066809,436.95162240119953,0.14971337722247635,synthetic_uncalibrated_model
3456,59.32663650989809,2.5189456849116905,5.365718099908539,483.15309877448465,0.1493339230699663,synthetic_uncalibrated_model
3457,57.141103231043886,1.80545573838282,1.9506190108230268,488.1276062081961,0.09103063331409711,synthetic_uncalibrated_model
3458,40.310957533340336,0.6706405223164804,4.620445756621594,358.32188459937163,0.052671277102707664,synthetic_uncalibrated_model
3459,75.00033887447549,5.166895887512339,5.192630480516598,467.7998390484818,0.21432595372478214,synthetic_uncalibrated_model
3460,62.14852960841319,1.5381276761424425,3.574719467603491,373.4779265331531,0.1379169343162463,synthetic_uncalibrated_model
3461,53.60634592176506,4.241064097050308,4.044240158011872,343.7974143499167,0.1623240181524579,synthetic_uncalibrated_model
3462,61.77989983399869,1.3441784436662918,4.679857725814508,419.51484409539444,0.14478506243901168,synthetic_uncalibrated_model
3463,72.70804387762858,2.925602029651349,3.8938244578077286,489.2271918570701,0.1582590509183378,synthetic_uncalibrated_model
3464,77.23935366646647,3.5148027381159834,5.029858991846276,382.9175747718213,0.23174319927361609,synthetic_uncalibrated_model
3465,53.67469179223868,0.4531483310698482,3.952506419696167,360.5427604143856,0.07284514434114642,synthetic_uncalibrated_model
3466,63.16446157305048,0.979922515853487,2.9727764084982087,362.5629850157643,0.10983341290875331,synthetic_uncalibrated_model
3467,59.34655528530706,1.5074293080366137,4.19462466044165,305.86583091175913,0.13941127716189128,synthetic_uncalibrated_model
3468,60.575920766803826,3.5874296511091566,3.500098469879449,410.7712675078663,0.16484295672158444,synthetic_uncalibrated_model
3469,38.3655725451297,5.708642011162148,1.390940990809085,468.5616674862092,0.09089143691791929,synthetic_uncalibrated_model
3470,15.92186578999321,0.9769405066280641,0.8180851632243983,312.7447599200359,0.006933224474414315,synthetic_uncalibrated_model
3471,69.23759593567328,1.614511065132708,5.720569698171059,352.1391657933639,0.19369452572655943,synthetic_uncalibrated_model
3472,74.83663363022715,2.496653543340789,4.804559993046289,378.51162867784285,0.20974268554622022,synthetic_uncalibrated_model
3473,59.28946050010832,5.630560009887772,3.0108625074230324,361.868659983571,0.16607608907540783,synthetic_uncalibrated_model
3474,18.50145903849751,2.4157146111061563,5.637889254425269,453.88598742122986,0.07056948741033259,synthetic_uncalibrated_model
3475,7.898352270358092,5.0396800459949,2.181928327540311,496.85743413695263,0.0,synthetic_uncalibrated_model
3476,18.09336237190106,1.5981382808042017,3.2553884257640604,450.34695319757253,0.04723560084241238,synthetic_uncalibrated_model
3477,9.078671200307454,5.060314046642186,4.613334944171717,448.86643996750945,0.0,synthetic_uncalibrated_model
3478,50.221130808595845,4.390892482849343,0.6574467014933792,413.06196821815945,0.09502357599502698,synthetic_uncalibrated_model
3479,32.57797095939968,0.23026895052475138,3.6732288291075332,348.3765455300079,0.02055412443370709,synthetic_uncalibrated_model
3480,53.87592406362147,1.843630032581781,2.167837967124733,396.39182344959136,0.11500850440594251,synthetic_uncalibrated_model
3481,74.96173641425253,2.902335892216771,0.7101689769793018,431.9845194754305,0.11127325560274309,synthetic_uncalibrated_model
3482,32.128915856683804,1.4733231141264782,5.271361257195241,297.6948771095882,0.0883029484877545,synthetic_uncalibrated_model
3483,50.95349165816376,5.693941307783307,4.019751107523653,412.4825931936666,0.1566848850023692,synthetic_uncalibrated_model
3484,40.90395144863231,5.728728133766891,4.830813845758386,365.7284048833491,0.1360017709924568,synthetic_uncalibrated_model
3485,47.98208709023091,4.782343411122841,1.0367022948932105,348.90001546405904,0.11578353393326835,synthetic_uncalibrated_model
3486,72.9199355391227,5.543684288998071,5.54798162749515,494.8425183577731,0.1919400480275556,synthetic_uncalibrated_model
3487,34.21983335542506,0.7144211892141746,3.3785544175610673,427.501611719814,0.05200977211895941,synthetic_uncalibrated_model
3488,46.588975695834044,3.767573995059719,5.74364097346666,321.1624994579393,0.150856051400571,synthetic_uncalibrated_model
3489,22.281660888183723,3.7250003851388374,0.5267245879963739,425.2796549703768,0.029665992205658978,synthetic_uncalibrated_model
3490,57.31712973667598,0.8271213023460912,0.15923626685662606,322.40565935843154,0.030404651533063917,synthetic_uncalibrated_model
3491,44.32825861508507,4.203844251802949,1.418825520027528,445.1774284670405,0.11004199280722865,synthetic_uncalibrated_model
3492,50.89861547942144,5.13891000104287,0.9112212985032299,432.57691551394356,0.10899329605390856,synthetic_uncalibrated_model
3493,63.33323926640381,1.9532118869664306,4.867577391808583,391.13767547908714,0.1704134387976194,synthetic_uncalibrated_model
3494,79.47334148715052,1.6600664581357365,2.5300454900218865,398.2226699454845,0.14877874337911368,synthetic_uncalibrated_model
3495,10.03028143784057,3.75542533563879,4.95308524788879,308.96622290432964,0.0,synthetic_uncalibrated_model
3496,53.20726091076678,5.776189993446493,5.900525700391824,346.8164929217909,0.1822139170732966,synthetic_uncalibrated_model
3497,81.37054384537296,2.98486162374,3.469560252829881,336.12789261755023,0.19923737878150416,synthetic_uncalibrated_model
3498,72.2870083569531,2.6591209117134014,1.2892456384415767,408.6245619244732,0.13150061528951174,synthetic_uncalibrated_model
3499,12.880038612468546,1.5930706676961057,5.403304673899092,368.70541582316616,0.0,synthetic_uncalibrated_model
3500,27.171856797790895,2.341724717432903,1.6057140724269952,435.10419002927665,0.07846957181273151,synthetic_uncalibrated_model
3501,34.38395236445645,0.9587371037573366,5.256922205621706,371.7394151136862,0.06717761513995357,synthetic_uncalibrated_model
3502,14.256207157625715,3.8600489495220978,4.705206005113951,296.94859329779035,0.0,synthetic_uncalibrated_model
3503,43.852069450835785,4.644620001513839,3.656714344851679,490.9542313524147,0.09123540725342605,synthetic_uncalibrated_model
3504,33.484592398437336,0.17304196722419307,3.19207380986488,498.23717605820457,0.010908203211485855,synthetic_uncalibrated_model
3505,61.2024835138419,3.604205496299,3.4148442243020902,497.29407543883576,0.12087349299244982,synthetic_uncalibrated_model
3506,13.932516927954563,3.7106237356666654,1.9098687467817321,310.4149031111034,0.0,synthetic_uncalibrated_model
3507,81.60103854851008,2.577894585640167,4.453855681422511,485.94435815492164,0.1908394777632887,synthetic_uncalibrated_model
3508,7.775807986163818,3.713350383867071,4.10067374736105,395.2805112106446,0.0,synthetic_uncalibrated_model
3509,82.11608406755393,5.446436002208109,5.919558792261619,391.4871954747456,0.27381598201103774,synthetic_uncalibrated_model
3510,81.39723820785693,5.382303274145555,5.924056010090066,289.6216232111443,0.27280608272697915,synthetic_uncalibrated_model
3511,48.25091188931546,3.9830003786998507,2.488242596102759,486.57564949827014,0.09879721502778205,synthetic_uncalibrated_model
3512,18.4798425676745,2.7978568027571864,5.702834318756881,399.6767691511887,0.0902150123740631,synthetic_uncalibrated_model
3513,12.720746097251611,0.40993484752682297,2.4804587927011803,281.7694243090989,0.0,synthetic_uncalibrated_model
3514,66.3320325825828,0.8239939802728777,2.1207457184852663,383.3341582675279,0.09295130317979211,synthetic_uncalibrated_model
3515,83.66747848263897,0.25526993172046647,2.8414923486779164,465.3359436612524,0.09354224613614681,synthetic_uncalibrated_model
3516,22.484829164778667,4.303752331573144,4.584115042110144,357.4642521506938,0.11760986327846801,synthetic_uncalibrated_model
3517,64.48244981147951,2.114089694924735,5.905335980011085,450.4414416900833,0.18534436447746472,synthetic_uncalibrated_model
3518,66.39472787960023,1.443104395074994,5.859613574303699,499.01198953385006,0.15486029766814502,synthetic_uncalibrated_model
3519,65.11278923679217,5.10642193410951,5.696892498842254,496.3165372389901,0.16829043309260427,synthetic_uncalibrated_model
3520,36.594851224789494,3.084414819621525,1.7343979871662116,303.45147398362,0.1092365631819433,synthetic_uncalibrated_model
3521,32.17038849925913,3.3347255704839607,2.659632094894544,463.9017202008954,0.0954918309401287,synthetic_uncalibrated_model
3522,14.992127718377082,1.596334930792186,2.169184992132191,451.4144713911477,0.0,synthetic_uncalibrated_model
3523,39.63639105915078,2.837312519151939,5.232206264584097,427.89947248192806,0.11253203183284,synthetic_uncalibrated_model
3524,58.66883695251064,5.929043623415444,0.441489906952673,346.1971722763955,0.0884731923529361,synthetic_uncalibrated_model
3525,12.240513170457792,5.49550149995433,2.3860968834778755,378.7211618297709,0.0,synthetic_uncalibrated_model
3526,19.570713781526315,1.7012959002833383,0.8997714765200661,386.711696757424,0.03086971027915375,synthetic_uncalibrated_model
3527,82.79109267714037,5.278780934580384,2.7994100298092803,370.1570743113057,0.196428831502113,synthetic_uncalibrated_model
3528,76.29342136333305,5.413427979902146,0.5992482875531686,484.79641989900074,0.08920719928233989,synthetic_uncalibrated_model
3529,44.53540532199016,4.0409820131649505,5.385392384021216,493.2177468812696,0.09535216134091107,synthetic_uncalibrated_model
3530,12.274055346259077,1.2015231458016142,3.2928563435201768,390.77629610961617,0.0,synthetic_uncalibrated_model
3531,88.82459083496784,5.964075271424735,1.9706396520213683,457.3221023796742,0.16564810457020274,synthetic_uncalibrated_model
3532,74.81160976989436,5.126681550862571,4.496385792263515,367.013998505565,0.22151618131461803,synthetic_uncalibrated_model
3533,87.72044995972209,5.627548296641134,3.1771580855258885,347.54252087620085,0.2145250164857464,synthetic_uncalibrated_model
3534,17.978328431792423,0.3290650886242257,4.664359958183272,417.40372061353537,0.023707042942007164,synthetic_uncalibrated_model
3535,54.56591068903097,3.033900499952332,5.497803501282676,334.5277505079498,0.1701724953231224,synthetic_uncalibrated_model
3536,88.05826556527283,3.7603660025571655,3.3519632263615446,455.1559987730036,0.20020400752858492,synthetic_uncalibrated_model
3537,84.38351874792508,1.9267483789020763,0.6484104950594083,320.6352177176224,0.10431728062990542,synthetic_uncalibrated_model
3538,35.21671936523489,4.202270438538095,2.5251016864965767,353.0049633533272,0.1233813135800425,synthetic_uncalibrated_model
3539,18.286566345540738,3.696966656567007,0.8969330070862782,334.89541985526927,0.02575319058763162,synthetic_uncalibrated_model
3540,58.50894725043829,5.182377121572892,2.5114986660216054,369.44473339624795,0.1574190676483449,synthetic_uncalibrated_model
3541,36.91438603000384,5.565902031476975,0.4535497349340435,289.0903227881715,0.06006962765982246,synthetic_uncalibrated_model
3542,8.267528505041607,0.6606475731142177,5.087001490256071,308.6674003370447,0.0,synthetic_uncalibrated_model
3543,86.87442179084013,4.0286897091730625,2.4029196357932956,379.66118818856637,0.1864882426159572,synthetic_uncalibrated_model
3544,70.52328410542276,3.132367601253976,1.0111279694066433,302.60795861422247,0.12868068419281053,synthetic_uncalibrated_model
3545,43.71303218836677,3.5846328343330516,1.5525707013748213,396.75045157468395,0.11768608033796302,synthetic_uncalibrated_model
3546,85.16643492905794,2.704072670124684,1.8179617729126685,300.2792554609525,0.1579153072027687,synthetic_uncalibrated_model
3547,46.23956832996248,5.497526634259389,1.5835582258765024,295.64105276354934,0.12989705627721693,synthetic_uncalibrated_model
3548,21.026307393726487,0.5783744021976588,1.0796355923716137,349.19163681081415,0.028549012751041936,synthetic_uncalibrated_model
3549,32.53389471968691,1.5846308979762522,4.431463797308788,289.20615280127737,0.09162776592705607,synthetic_uncalibrated_model
3550,12.936817709369363,3.074608719312437,4.582798395608596,382.33397237457774,0.0,synthetic_uncalibrated_model
3551,46.36108607278966,2.802082122469372,5.693537717430923,321.25184549695234,0.1408296376489906,synthetic_uncalibrated_model
3552,65.34566332340236,2.368355476233993,2.334403219361742,337.5501927792542,0.1434792466789654,synthetic_uncalibrated_model
3553,80.5560638280918,2.1651901971748,1.770431652431752,291.4768960452134,0.14397795850491768,synthetic_uncalibrated_model
3554,55.367528763743934,3.639622554907614,5.849136715834381,494.2522008253038,0.1368846672935139,synthetic_uncalibrated_model
3555,11.48648961907919,5.429132045482034,5.893621494171578,421.2085323916352,0.0,synthetic_uncalibrated_model
3556,15.263431647408472,2.3341452496030346,0.7841834181387065,438.64461468043805,0.0019280676896229788,synthetic_uncalibrated_model
3557,17.601106164520495,4.239276223676806,5.555021074768255,423.2353363583131,0.07968526661710146,synthetic_uncalibrated_model
3558,86.26888875199637,1.933376454275104,3.6618987014125324,461.5727380715712,0.18477535676321777,synthetic_uncalibrated_model
3559,68.39835938720506,1.3105580604796818,4.910120436015685,497.95846162403734,0.14260981146559815,synthetic_uncalibrated_model
3560,7.198532155177319,1.632520773742334,3.2389560818284915,284.0155987629915,0.0,synthetic_uncalibrated_model
3561,27.716564637281667,4.40456574184719,1.0728893236147083,288.6791219508142,0.07761207089794375,synthetic_uncalibrated_model
3562,56.92129748107594,3.0205437853533206,5.92979506654474,400.94439632583703,0.1810163897884277,synthetic_uncalibrated_model
3563,26.35981190652508,0.18928481405348585,3.619102234852184,347.24877719099504,0.017030081998601482,synthetic_uncalibrated_model
3564,17.824655950661356,5.104833708827769,2.4703511842169417,375.34540665568795,0.05335248367817841,synthetic_uncalibrated_model
3565,13.663095377133184,1.7368879257146919,4.9496350621537575,367.0075795344337,0.0,synthetic_uncalibrated_model
3566,17.685828090024287,1.803134280187349,2.9839817530443113,435.28666251014715,0.04646137304354314,synthetic_uncalibrated_model
3567,28.249844238699293,2.278594645468895,5.487330896292195,395.7040336645782,0.10705801135791204,synthetic_uncalibrated_model
3568,42.231443817243104,3.9949278658936,0.708720536096723,443.6724302671621,0.08095067786128968,synthetic_uncalibrated_model
3569,30.448367733326496,2.1422784565408537,5.981797940249465,366.55903817365885,0.10602039540555702,synthetic_uncalibrated_model
3570,14.183763665732503,5.8052825160790675,4.545533700648876,292.8531379351247,0.0,synthetic_uncalibrated_model
3571,89.36639534623653,2.8653992570243574,1.2904332269937484,496.28856705252144,0.10961880399047541,synthetic_uncalibrated_model
3572,85.13700033637156,1.2186775118963682,1.1732880347128933,491.86732820883844,0.08677962201932676,synthetic_uncalibrated_model
3573,35.16092042508955,4.013827833000822,0.20597852033968306,290.64101201796495,0.029688309177218958,synthetic_uncalibrated_model
3574,43.803320504989074,2.0397332581476455,5.226352809870729,489.3888172562398,0.08538265329123274,synthetic_uncalibrated_model
3575,69.31118921505502,4.005499019573146,4.564430213344151,337.67060671408854,0.20604160598894317,synthetic_uncalibrated_model
3576,63.978480450565684,5.211405748234821,0.8140685273161694,486.19694970808223,0.09044430747821963,synthetic_uncalibrated_model
3577,68.05640489883483,2.6763935927743616,5.92936858606517,312.53925173484083,0.21551048745990375,synthetic_uncalibrated_model
3578,53.04473113643038,2.8721318600788206,1.7277505466579937,349.0140491023659,0.1272153368270743,synthetic_uncalibrated_model
3579,60.0836535174307,2.0421025618968494,2.0955407762582667,497.5008366544854,0.0926903630977734,synthetic_uncalibrated_model
3580,56.66036246161407,5.646101478860078,3.2936295764386085,286.3198252388324,0.16515217184424547,synthetic_uncalibrated_model
3581,36.284406592568956,5.36529495445287,5.207311065888983,445.42008490466105,0.11886449024795903,synthetic_uncalibrated_model
3582,11.7658387831235,5.560388452040064,0.5001042174651189,498.35544166452485,0.0,synthetic_uncalibrated_model
3583,88.89854094083415,1.841430448936155,3.144976152279675,442.30783251902517,0.17810559806539894,synthetic_uncalibrated_model
3584,14.682255436210594,3.525587734912979,3.788447843220395,374.2934431369086,0.0,synthetic_uncalibrated_model
3585,38.50194791433324,2.386967125949419,3.0983515689734547,445.1403836496313,0.10056520351643455,synthetic_uncalibrated_model
3586,44.81590329564447,5.241774531323255,5.2091880872823655,344.2981012336458,0.14845817847677578,synthetic_uncalibrated_model
3587,51.381085332572475,5.411062322380529,4.728092314595479,300.79951298333185,0.1660877734810733,synthetic_uncalibrated_model
3588,48.442696895832555,4.212291105474867,3.002562532007864,490.0217852127859,0.09938500322205668,synthetic_uncalibrated_model
3589,44.23892817764939,2.8555937879796898,2.112098493007426,404.4238209049629,0.11822748141879125,synthetic_uncalibrated_model
3590,32.24401539617284,5.196023895095009,2.8498266470077125,404.1489582490463,0.12393385616220126,synthetic_uncalibrated_model
3591,66.62792239550686,4.692411924734348,4.085848646983426,369.05715994480147,0.19394085728412735,synthetic_uncalibrated_model
3592,89.50334381774117,5.05233326836046,1.4775708737461022,280.7335589201764,0.16633278545483499,synthetic_uncalibrated_model
3593,64.16536297544377,4.493134099239453,0.40944923854765636,461.2511127785866,0.07694042197475004,synthetic_uncalibrated_model
3594,30.913302851540987,4.570206830174824,0.19808562467151092,360.86229812211866,0.024129889285491188,synthetic_uncalibrated_model
3595,70.93821313465806,5.263330935302493,3.7317444682510117,357.17720909873873,0.19811822940663326,synthetic_uncalibrated_model
3596,62.004606899339905,3.5661904548341905,3.3862900919393533,403.99667510586323,0.16649951480795633,synthetic_uncalibrated_model
3597,54.631740875351625,5.652781820332066,2.173238456699648,489.9334172710253,0.1043921110441946,synthetic_uncalibrated_model
3598,37.48831841226583,1.9338204773868823,4.52105675475906,392.40520569025574,0.10073527215044564,synthetic_uncalibrated_model
3599,71.47562032416886,1.8816210189503977,4.372034917768475,492.01242362476535,0.15377126783780015,synthetic_uncalibrated_model
3600,37.88923323106659,0.20330733781418733,3.2662112901413325,442.48964125849074,0.017407759605796408,synthetic_uncalibrated_model
3601,37.24999900903333,0.15202567951231175,0.23495014194588518,476.54806566514014,0.00713209485952708,synthetic_uncalibrated_model
3602,10.927199918788975,3.037472432725441,1.5269638924736963,352.0800073677213,0.0,synthetic_uncalibrated_model
3603,50.07129278606211,5.248425543768381,4.578174894789024,335.2900700707244,0.16095565574451687,synthetic_uncalibrated_model
3604,52.75319551426988,3.80947937077701,1.159560720485978,321.13137379703016,0.12258732400999395,synthetic_uncalibrated_model
3605,42.500386795298326,3.9177632426458664,5.970607427160723,475.40350276030637,0.10613529153194912,synthetic_uncalibrated_model
3606,80.47039147748312,1.0615699553106748,5.283949948807602,377.2100894391118,0.19688850447013417,synthetic_uncalibrated_model
3607,66.99856428667975,0.7039726572020722,4.852929815851926,422.4580782338934,0.13335933808514533,synthetic_uncalibrated_model
3608,57.11219697512538,4.473320871656139,4.1201748425112505,483.57660620993795,0.1357545196873332,synthetic_uncalibrated_model
3609,55.112913310451894,4.75302252257557,3.0523455057258206,411.6612025084246,0.15466889215888546,synthetic_uncalibrated_model
3610,53.84566038555098,4.524070936220333,3.8406151042202965,464.9176406199989,0.14019828193357364,synthetic_uncalibrated_model
3611,84.6124928555569,0.3285432246580232,2.4973016868575755,385.82745725688756,0.09284608443821707,synthetic_uncalibrated_model
3612,36.571572536823325,4.603171340528983,5.320414009296895,449.67760910103914,0.11515737269132847,synthetic_uncalibrated_model
3613,55.15579984240578,0.3555732082062518,1.980122611494541,370.0078791209796,0.04942992268798879,synthetic_uncalibrated_model
3614,51.74867973702318,0.7262023706954154,2.509014461784253,448.2029888854828,0.0700498496024724,synthetic_uncalibrated_model
3615,65.18759324880119,4.342626852020603,2.740801523482591,458.6290259092534,0.15115052625781566,synthetic_uncalibrated_model
3616,58.87689781080445,0.6824175269166174,3.444489542794306,485.59471727843504,0.08328625092875425,synthetic_uncalibrated_model
3617,88.66562938539158,0.18651790896087683,5.862689095655453,492.4256900883334,0.1801794696783563,synthetic_uncalibrated_model
3618,35.191152786205805,4.009279830625112,1.3943660274559462,428.84390289350256,0.10054047846450065,synthetic_uncalibrated_model
3619,50.354422109045395,4.921350081690606,2.7042284123544853,441.8595363696016,0.13653061058086902,synthetic_uncalibrated_model
3620,70.37307094564673,5.941410922586875,0.7584883616530448,293.3593155177588,0.12681117595178681,synthetic_uncalibrated_model
3621,47.28208683650281,4.446241800875923,5.334278786440104,354.7218072565359,0.1545722397725504,synthetic_uncalibrated_model
3622,73.14295045060615,4.375060909889379,0.7643755767541446,329.48361719835424,0.12617221291752023,synthetic_uncalibrated_model
3623,38.72433770043233,0.8405363181157035,5.635170092253654,320.57102055406546,0.061373088665444026,synthetic_uncalibrated_model
3624,46.19264515266733,1.7878324075595897,3.4036645575330824,466.7040437987742,0.09612198100179548,synthetic_uncalibrated_model
3625,40.8157319898609,0.3233699525401412,1.219951143064474,356.4901198795201,0.027585411979458588,synthetic_uncalibrated_model
3626,6.896285017109306,2.8877047193048253,0.30486801368812866,317.6477612450594,0.0,synthetic_uncalibrated_model
3627,72.5553319558549,5.356237492738243,3.8970358569405854,438.12670148494124,0.19641853023971267,synthetic_uncalibrated_model
3628,69.42141215948786,2.1056063495107575,2.4298194472915076,292.8042818019987,0.14543259611110437,synthetic_uncalibrated_model
3629,73.42723876365172,5.577893015433526,1.9220155418488754,378.6874336802275,0.16523199942312072,synthetic_uncalibrated_model
3630,34.83478798912274,3.9844046849703227,5.766371752985362,306.5438878434386,0.12797416450907262,synthetic_uncalibrated_model
3631,18.904548846968687,3.2896475165481305,0.8260551813027154,422.01795544081244,0.026418712538357952,synthetic_uncalibrated_model
3632,82.77379790205889,1.2895737786091448,1.844055575675142,484.25752781629626,0.108404812626135,synthetic_uncalibrated_model
3633,76.62364630634914,1.0401934484246238,5.285672312378166,479.3420532934302,0.17431060520449082,synthetic_uncalibrated_model
3634,57.41197097235344,2.4680885303397,5.109881873162656,327.0626720332598,0.16742199626717924,synthetic_uncalibrated_model
3635,44.99333664247745,4.857771998589845,1.0887102803433653,495.7632801838738,0.0708542863676534,synthetic_uncalibrated_model
3636,73.95739493252063,0.658088630648247,4.750423621483676,487.322192565994,0.1386281303963549,synthetic_uncalibrated_model
3637,39.63320534210143,4.313225378503003,3.6430335233089677,379.7920477366959,0.12835415882396084,synthetic_uncalibrated_model
3638,67.51685337568244,5.76692011625315,4.230268165070855,307.2489663621325,0.2011804991906967,synthetic_uncalibrated_model
3639,18.757891096580977,0.9774528306822488,1.67273864178751,345.8333537127131,0.03621687619016417,synthetic_uncalibrated_model
3640,82.16578918919205,3.822171152040289,2.2894557909928217,348.3319859984383,0.17752117493830066,synthetic_uncalibrated_model
3641,31.049318430415813,1.1507535825802733,4.957610546559034,346.91607096714006,0.0758677223501793,synthetic_uncalibrated_model
3642,26.680204670349397,4.993161769312834,1.3532031912508402,450.890855974896,0.07567633307536564,synthetic_uncalibrated_model
3643,79.61902120882115,5.082115684413715,4.148349438510089,376.50653597471825,0.22382955786385605,synthetic_uncalibrated_model
3644,33.68649360015459,3.4849019929475133,5.13415241806341,497.6218443504673,0.06867197102918743,synthetic_uncalibrated_model
3645,6.685526690713582,3.098508933525306,4.632354048091925,389.7498884643257,0.0,synthetic_uncalibrated_model
3646,31.712151881502027,0.14421095136102896,2.660031074334505,318.9787756765241,0.013223135573476943,synthetic_uncalibrated_model
3647,77.63921395807833,2.0136815935471954,3.3108234609047447,473.03807115601353,0.15720679516461256,synthetic_uncalibrated_model
3648,81.72465808980623,5.611205752055592,5.828392242424819,346.7275434397801,0.2716996634011526,synthetic_uncalibrated_model
3649,5.535434259024987,5.537223116655435,5.405789878632038,433.5197174806666,0.0,synthetic_uncalibrated_model
3650,43.16862133879233,2.017399948701771,1.129101630462025,291.1758312051402,0.09202616062282198,synthetic_uncalibrated_model
3651,81.16199449935708,1.9439674220732583,0.9567250564853405,324.3366898050534,0.11657366473608599,synthetic_uncalibrated_model
3652,63.54673337139924,0.22535180546965747,1.4698318557336307,360.7099694342119,0.0415515215041764,synthetic_uncalibrated_model
3653,44.151831110481005,5.215990636239816,1.7596379874588377,289.5044151083834,0.12924857277316404,synthetic_uncalibrated_model
3654,45.10606641754133,1.1864992824246026,0.3500488856585129,312.16511377236026,0.046226930352121165,synthetic_uncalibrated_model
3655,23.560321664994014,1.1723673338880074,1.3359148317546183,380.6678037675277,0.05157703932724006,synthetic_uncalibrated_model
3656,55.75956421900222,4.503125126810892,4.268946921251285,336.20572255655907,0.17084505769535396,synthetic_uncalibrated_model
3657,31.50621013002146,0.8440286734304696,4.255333714395433,472.4975434409272,0.049704345163158664,synthetic_uncalibrated_model
3658,62.569273803253715,0.9285138258650729,5.609409427629556,390.2339014165284,0.1447196374056301,synthetic_uncalibrated_model
3659,15.049387850452824,4.998098147589661,3.6545235228202473,350.0454570072068,0.001852031558266241,synthetic_uncalibrated_model
3660,75.31503724262915,5.618689139814238,4.5989630186220545,368.423172971741,0.225850103636843,synthetic_uncalibrated_model
3661,66.21525129215834,1.3201554426391513,5.479593192454113,372.33788054954425,0.1705271519238336,synthetic_uncalibrated_model
3662,66.05445857974897,1.1332904738087661,4.527019049195233,362.8164085433453,0.14708880420478376,synthetic_uncalibrated_model
3663,66.76951201068925,2.6688455317701605,1.9854045340069222,329.0320992083679,0.14363433192307373,synthetic_uncalibrated_model
3664,18.654920432938447,3.9411474166282527,0.9277433052551226,415.8751620085127,0.028175462576274374,synthetic_uncalibrated_model
3665,72.47194539052563,3.9913595830732036,5.64451573665808,281.1004031096171,0.2353995470729534,synthetic_uncalibrated_model
3666,63.893723057049776,1.2401250352531916,2.4362974597132547,353.6469987783921,0.11368297115415904,synthetic_uncalibrated_model
3667,32.30721168524812,2.9474169851835215,0.3398892102215602,314.4719383563994,0.03974270732261184,synthetic_uncalibrated_model
3668,8.226114820161927,3.154487763499943,0.5998974894032197,482.37806587306363,0.0,synthetic_uncalibrated_model
3669,23.747797308568646,3.1209837993904053,5.79671557632973,323.7402290849349,0.11778866115779285,synthetic_uncalibrated_model
3670,85.85242667978407,1.6127571830331482,5.998652952374626,372.18297635417895,0.24993089537535695,synthetic_uncalibrated_model
3671,66.93640408190376,0.281608724812235,0.4900318347341486,448.88954724089956,0.029090279285292606,synthetic_uncalibrated_model
3672,88.07493141471362,0.6749154153112126,3.519700293317028,337.14387337820165,0.14815783547569505,synthetic_uncalibrated_model
3673,77.7620324635245,1.2145985802413815,3.4291511707263744,294.5180293601012,0.153372185063129,synthetic_uncalibrated_model
3674,28.030904553105216,4.718258374507501,5.647869981947337,423.4327030387162,0.12356439784538475,synthetic_uncalibrated_model
3675,88.21592545921601,4.522613747322665,1.592877802110438,451.71296684328127,0.1546083067966263,synthetic_uncalibrated_model
3676,25.540299496830325,1.610972476566359,5.730159535324286,402.76469925838234,0.09010064685502789,synthetic_uncalibrated_model
3677,40.142803208988454,4.656525968301451,5.070664517452591,282.7606533270073,0.13149117689648926,synthetic_uncalibrated_model
3678,5.748793216959239,3.7425801888790677,4.80061313003453,478.24462167698357,0.0,synthetic_uncalibrated_model
3679,37.63179991481574,3.2606750289021185,2.2346677620827586,341.96450039403044,0.11704561793700097,synthetic_uncalibrated_model
3680,40.218597084043374,2.031291423145698,1.8692468359690102,461.7786395458339,0.08520051435183218,synthetic_uncalibrated_model
3681,33.92482581747887,0.6837460756024187,0.905874199741482,406.2146861142188,0.042701953288956096,synthetic_uncalibrated_model
3682,56.15461509539123,5.274755230475599,5.272950200945963,470.5010024271446,0.158160465844137,synthetic_uncalibrated_model
3683,60.446371930468906,0.5094546606496175,4.064532333336549,295.07805085661744,0.09410626960517365,synthetic_uncalibrated_model
3684,68.00819480175322,5.760161266030272,1.840977362350044,476.4323446777721,0.12868912804248733,synthetic_uncalibrated_model
3685,34.164446647084695,3.0247820108986243,1.3563815107737232,386.37210394551823,0.09713859670514136,synthetic_uncalibrated_model
3686,29.218804827441563,2.9998470389190808,1.0170377669240316,430.79534125119136,0.07178334868898634,synthetic_uncalibrated_model
3687,8.69473307840842,4.738334544450859,1.5473564466132712,294.2723762589792,0.0,synthetic_uncalibrated_model
3688,57.37036724996442,4.05703342057782,2.875812558071245,479.60046024097255,0.12476625480045983,synthetic_uncalibrated_model
3689,58.70033319875119,3.5514322064552863,3.4835219729875373,305.6511189536631,0.1632478233843686,synthetic_uncalibrated_model
3690,63.86545448394819,4.511265157794229,2.8345684132598428,372.96152612619494,0.16780757542523483,synthetic_uncalibrated_model
3691,24.37807928839434,5.336244862575299,5.932190048557799,401.14538014412847,0.12703858698299209,synthetic_uncalibrated_model
3692,64.26360108775371,0.17012074056928378,2.882510733136447,374.6006164820048,0.05978209565253137,synthetic_uncalibrated_model
3693,78.6392183224414,4.796809886029484,0.10744507402634688,285.9035949875283,0.03876955326224271,synthetic_uncalibrated_model
3694,68.67184066043329,3.072689197931736,3.647896407858033,405.03876391631314,0.17919684019733872,synthetic_uncalibrated_model
3695,16.36051846101671,0.31804898354351496,2.177708478524752,309.49724038957913,0.01354969707720579,synthetic_uncalibrated_model
3696,33.88439112776193,3.399425834857098,1.9914804572849567,417.61339800696373,0.1088602605829131,synthetic_uncalibrated_model
3697,88.37100603655388,1.4071064441714274,1.7712385107912865,337.26769670733745,0.1311229554006259,synthetic_uncalibrated_model
3698,88.38367018787646,3.4607473733752006,3.3662975836069586,459.19849957719146,0.19769689542795976,synthetic_uncalibrated_model
3699,25.59666137770551,5.342994147301788,3.0358525592216727,381.42763965416646,0.11658745849966967,synthetic_uncalibrated_model
3700,16.287858778729614,5.137648065711389,2.643391040988332,450.09881876320367,0.025724888787450245,synthetic_uncalibrated_model
3701,29.14268553277634,4.006831047104647,2.607042974283082,431.0348528759313,0.10946539820435941,synthetic_uncalibrated_model
3702,24.100577384609345,2.396035401966705,0.1461997536675652,295.56181466438,0.011415215264883531,synthetic_uncalibrated_model
3703,71.92772569304266,1.747834119921182,4.362091411764672,433.85759037426453,0.17481415893145957,synthetic_uncalibrated_model
3704,40.59460897772962,1.0939792202067986,0.45791639174572907,343.03754849682457,0.04729248293916738,synthetic_uncalibrated_model
3705,45.548391812526134,0.4261367466105327,3.9353168314915674,353.37402115072547,0.05045199190196503,synthetic_uncalibrated_model
3706,11.1948718178854,4.503731411816293,5.740941298311409,426.84042454234157,0.0,synthetic_uncalibrated_model
3707,9.784552749961113,5.154620866005134,3.085399344174784,449.4813637839519,0.0,synthetic_uncalibrated_model
3708,88.30097318468741,4.68023137154261,5.828740714889976,315.6964486687838,0.2883424380583617,synthetic_uncalibrated_model
3709,22.170310587662104,1.6249425212538604,5.086008300191118,436.88700125081425,0.08032648719250995,synthetic_uncalibrated_model
3710,32.61949533742791,5.944666292896623,3.7452450643681017,346.1388002445653,0.1316597146782944,synthetic_uncalibrated_model
3711,55.21893985249055,3.4343532116329474,0.3921053241759419,442.93532514915125,0.07023118909927939,synthetic_uncalibrated_model
3712,52.14331519658149,5.455319284705501,4.485247635577315,342.15731156369225,0.16622760434277095,synthetic_uncalibrated_model
3713,35.65716606794976,0.4481861663667377,4.7729635682288665,399.42026345715965,0.03687578849117554,synthetic_uncalibrated_model
3714,66.14325032480819,5.662632859896209,1.8584157578038862,304.8963757207431,0.15744100276465078,synthetic_uncalibrated_model
3715,6.841988577236707,5.476132895838559,5.665375861420334,481.8912545034493,0.0,synthetic_uncalibrated_model
3716,86.38601387266338,4.88060287014297,4.374561883431176,283.06136015429774,0.24376320799787166,synthetic_uncalibrated_model
3717,12.749975184446846,4.665732424988959,3.7636573180901696,428.46049961158275,0.0,synthetic_uncalibrated_model
3718,68.62820579910507,3.432323990220792,4.756306978797713,330.55819341122117,0.20412116849943218,synthetic_uncalibrated_model
3719,60.86585282146653,4.653933513744912,2.31523781358103,452.47838393454754,0.14251153468213795,synthetic_uncalibrated_model
3720,10.187770818339594,1.6963351154712207,3.2414548320403003,352.34290633633776,0.0,synthetic_uncalibrated_model
3721,75.58192258692603,0.26321577684109304,4.302364446176004,415.2537771625009,0.11573196469807212,synthetic_uncalibrated_model
3722,19.259676190572947,1.0529054388895576,1.8357231049185494,427.3098956087108,0.03932681103878791,synthetic_uncalibrated_model
3723,10.412700644491512,2.3717794772914047,5.9648310877320805,461.8182641788891,0.0,synthetic_uncalibrated_model
3724,61.174267788261304,4.758189646616726,4.323281833813178,330.6707904269369,0.1855730383107893,synthetic_uncalibrated_model
3725,45.324534068507106,5.956207104828298,1.281021703331773,337.23580001415166,0.1221993093700805,synthetic_uncalibrated_model
3726,59.21763087860135,4.485181522373997,1.8390996839331304,335.63899774956167,0.14690298094209453,synthetic_uncalibrated_model
3727,42.73908324558358,5.08728251081342,2.454729667691841,402.1705181486728,0.13128711693201478,synthetic_uncalibrated_model
3728,12.831502912795454,5.377154068081703,3.9084516406903718,300.237066523683,0.0,synthetic_uncalibrated_model
3729,29.657967070866807,3.997444781722504,1.4153748785322802,425.20929694295546,0.09097188227730857,synthetic_uncalibrated_model
3730,46.97138713460406,5.4529672740062365,1.9792086348323261,292.9315269213199,0.13655215953867528,synthetic_uncalibrated_model
3731,8.899187560541751,0.22146868450454207,4.835455893314263,320.07859631011866,0.0,synthetic_uncalibrated_model
3732,13.229027746526167,3.3461310100138726,0.2637785089609275,303.5683901044807,0.0,synthetic_uncalibrated_model
3733,85.89463204582638,2.3037202765897007,3.175458360945368,391.2339062467597,0.18871079424309067,synthetic_uncalibrated_model
3734,70.58608607214484,3.4316298489949486,3.9260987104453795,310.7650075109148,0.1932022736159763,synthetic_uncalibrated_model
3735,15.82077553247556,0.33346996288933434,3.9133226006542694,371.8361253925063,0.014564005747886244,synthetic_uncalibrated_model
3736,51.447090427162074,3.8300769702929274,5.269683168272406,345.28635539711337,0.16463440678590557,synthetic_uncalibrated_model
3737,11.789779981062651,2.7627351684516803,0.19685675647025588,378.84394148081117,0.0,synthetic_uncalibrated_model
3738,47.57352598950836,5.348460115417078,0.2934114780250936,374.88741160842227,0.05599931212520792,synthetic_uncalibrated_model
3739,62.354868797834,4.4496354755705525,3.6234684201078435,498.2123179676098,0.1265318995644773,synthetic_uncalibrated_model
3740,56.62598348499467,5.436599809956712,3.4993345826945923,446.02175968800685,0.15487997709915302,synthetic_uncalibrated_model
3741,51.5562436449421,2.1602038812701023,0.2083592423494811,381.3336157864164,0.0427774694534242,synthetic_uncalibrated_model
3742,49.600120360751056,4.563947080800274,1.5393612317098588,311.49009245901715,0.13124469110577208,synthetic_uncalibrated_model
3743,63.71905764847181,1.568026418764094,4.676117153195013,463.436296284987,0.1483554518221476,synthetic_uncalibrated_model
3744,5.718806286356899,3.4597072153068344,5.532014529725978,290.924535082229,0.0,synthetic_uncalibrated_model
3745,51.421588273906046,3.548788240090677,3.087553407083349,337.3825091240312,0.14543645745000855,synthetic_uncalibrated_model
3746,33.55756330405663,2.685822938243038,1.1517134705884753,453.84382273227726,0.07781044741557619,synthetic_uncalibrated_model
3747,55.604173852586854,4.09453042048836,2.4451485958027113,455.73430050541083,0.13356839887428573,synthetic_uncalibrated_model
3748,32.09828362981804,4.319959400722577,1.8994275495150739,388.8787851917489,0.1120658702019609,synthetic_uncalibrated_model
3749,49.56315419628435,3.023909110782515,1.46653024546953,439.797718490863,0.11320458864708499,synthetic_uncalibrated_model
3750,56.31236763350758,4.660252304019964,5.375858836926253,315.13733510803075,0.18483977959239306,synthetic_uncalibrated_model
3751,23.39674175773764,4.596774345855531,3.653089714111762,465.2515166304863,0.08840466645016776,synthetic_uncalibrated_model
3752,60.60627041345498,5.444798477635899,1.077831271813462,311.9416499152795,0.1328867129433855,synthetic_uncalibrated_model
3753,68.35955851530764,4.5209866762819875,3.756623671163632,436.0896964117005,0.1839415803802199,synthetic_uncalibrated_model
3754,82.14787060352775,2.14272472057594,2.5832553132938356,355.87490462308335,0.1655658864810261,synthetic_uncalibrated_model
3755,80.37410136215047,3.2229937191375253,4.067294213417187,470.36929431647536,0.19384361900071534,synthetic_uncalibrated_model
3756,88.32292043034563,1.9009583512425514,1.2764648672775039,371.3372626664666,0.13004755374136678,synthetic_uncalibrated_model
3757,44.12447267460441,3.0030595614582527,2.263690899442865,364.5692759226354,0.12243387615587731,synthetic_uncalibrated_model
3758,62.39620875802442,3.110188956537906,2.317043033765315,459.9848831518728,0.13393747017029534,synthetic_uncalibrated_model
3759,65.93045017559334,0.11288379645872473,5.080441702890203,486.31444365965865,0.09253245281012967,synthetic_uncalibrated_model
3760,5.9668829816821525,2.0448359730704055,2.9029316984561278,320.6854152124473,0.0,synthetic_uncalibrated_model
3761,62.05578362023195,2.9896591492373785,4.815831941821924,349.53747750225534,0.18364483631746853,synthetic_uncalibrated_model
3762,67.40819223924164,5.879032815555915,5.382274214230627,427.1225027066472,0.2153448364790863,synthetic_uncalibrated_model
3763,88.99317370239231,5.7154225183544165,4.71678085386839,283.1759478444882,0.2607869485018113,synthetic_uncalibrated_model
3764,32.334425454573946,1.8388599681338897,2.2651392050370838,434.35912304081046,0.08754068230240092,synthetic_uncalibrated_model
3765,85.67752091136794,2.795078352087323,1.2558803273086456,386.0696235231423,0.14254023093186552,synthetic_uncalibrated_model
3766,74.30108405058058,5.212595183927175,1.958401731028996,362.61751003912957,0.16654097854524508,synthetic_uncalibrated_model
3767,8.609817986588562,2.8664121588322424,2.0531930279708246,450.6456556769515,0.0,synthetic_uncalibrated_model
3768,67.56352978114768,1.8189729588131134,3.039095056545275,472.5738241026315,0.1314891663069525,synthetic_uncalibrated_model
3769,19.659938864028156,4.472113776075082,1.4430190310548008,315.0683920765895,0.05082427555635777,synthetic_uncalibrated_model
3770,77.62422478617293,4.908807397150388,4.8774368494109375,443.40154472786685,0.22643031662298463,synthetic_uncalibrated_model
3771,65.56835417339363,4.284695010588773,2.4260825857046413,453.9821127040291,0.14872810897250976,synthetic_uncalibrated_model
3772,46.35483531189777,3.177437673302141,1.0559836196776156,295.86420566994263,0.10747702789113073,synthetic_uncalibrated_model
3773,52.434550064737174,5.2094987994563535,0.4045448865206147,414.11850583645014,0.07493960033642166,synthetic_uncalibrated_model
3774,26.255981328623577,4.067508878495345,0.10600780364413247,331.81925533083313,0.010191688945115546,synthetic_uncalibrated_model
3775,80.00517990498695,3.7538077678924298,4.499441316704843,356.05337322507614,0.22808822990591004,synthetic_uncalibrated_model
3776,68.90713976362187,1.8578259176707,1.6089067939245585,394.82120269749583,0.12276366750445455,synthetic_uncalibrated_model
3777,72.60022712734552,5.702047487133695,2.5916454223139507,340.67363821386755,0.17911929379432778,synthetic_uncalibrated_model
3778,39.323931025554806,4.6187535104256705,2.962084860054066,373.2674138103339,0.12855629000583435,synthetic_uncalibrated_model
3779,72.25572263005809,0.280163320544536,4.881590548099404,375.4218612937343,0.12124228618745508,synthetic_uncalibrated_model
3780,86.73627919611661,5.271763664066329,4.663072389534751,421.70025144040096,0.2490967654441104,synthetic_uncalibrated_model
3781,25.38897634782423,0.9216694015969841,5.565219543942588,414.7507976732777,0.06302683539668069,synthetic_uncalibrated_model
3782,22.22048570282371,3.2942669116528487,1.2771391219182013,319.259550775934,0.060832833681996545,synthetic_uncalibrated_model
3783,43.1878443683273,2.6747669765863793,3.7290736317493427,457.21578005214326,0.1081426266064357,synthetic_uncalibrated_model
3784,46.751764104477196,4.358990808665396,3.9030868518154453,449.86555200530086,0.13181564414712377,synthetic_uncalibrated_model
3785,25.429042005983543,1.0536438659985459,1.9206364737712227,301.6750659959843,0.060375087237102804,synthetic_uncalibrated_model
3786,65.92023723112987,4.820134753023792,3.3583228304058395,289.83117160406624,0.18108109437012954,synthetic_uncalibrated_model
3787,8.915655153050269,2.5574497978508144,2.368626092705158,423.62407296926904,0.0,synthetic_uncalibrated_model
3788,85.00218402797981,1.7389002567620153,5.277481121042917,335.9776304053415,0.2318461698468519,synthetic_uncalibrated_model
3789,31.63888173536605,2.5352570469791633,4.940378188628906,284.2352635031237,0.11318599514775257,synthetic_uncalibrated_model
3790,73.62425588334315,0.6340395871238026,4.695343400269153,456.4207392993627,0.14116849107604512,synthetic_uncalibrated_model
3791,48.1535338259667,5.940660850028037,5.623768255996738,476.33225115306846,0.12912384663536292,synthetic_uncalibrated_model
3792,66.52729201747832,1.306118100514996,2.164998989031041,390.6084766599131,0.11457450005368852,synthetic_uncalibrated_model
3793,65.08973461778655,5.7294209697549965,5.739202201807037,456.49987172641636,0.20288057343717203,synthetic_uncalibrated_model
3794,77.70926850584344,0.22093481468779388,0.29796919284933965,391.7604106614541,0.023763621266933405,synthetic_uncalibrated_model
3795,33.04711126331283,0.8277017446738852,2.559113738796774,478.0536902256879,0.04653700790801468,synthetic_uncalibrated_model
3796,79.00192404486428,3.7594638350922973,3.9660565450431906,314.7069644694926,0.21339559660742624,synthetic_uncalibrated_model
3797,76.40287842310673,4.554995163824931,0.4758513040674799,338.151333499121,0.1059612330888674,synthetic_uncalibrated_model
3798,85.3240421112794,2.2040316523343257,5.909838906654142,294.5690089655146,0.26012666582039246,synthetic_uncalibrated_model
3799,72.98468989963744,3.500719019662058,4.137307799606523,441.5308190057824,0.1946510604111208,synthetic_uncalibrated_model
3800,67.83487755725596,3.00193176042987,4.996561313925727,338.8252636945682,0.20229541441879262,synthetic_uncalibrated_model
3801,35.21032813978664,0.7573141809501532,4.987888029534058,493.0251182744685,0.03957204091244143,synthetic_uncalibrated_model
3802,68.51521764229983,5.756927357909463,5.452993945507762,439.93832451190474,0.21602918904690283,synthetic_uncalibrated_model
3803,20.46806679291761,0.7356973983600479,3.362177947354865,390.0294443361865,0.04753289228701166,synthetic_uncalibrated_model
3804,9.307363011031054,3.5962490951041532,4.39680076210696,280.0805112659862,0.0,synthetic_uncalibrated_model
3805,51.874836677452905,3.0966024493135924,0.2776332577413261,410.49066215041194,0.055076772685843656,synthetic_uncalibrated_model
3806,32.27757018773153,0.29544461833119495,0.8125613760234687,331.1465025016682,0.022630244754028334,synthetic_uncalibrated_model
3807,20.229199910588076,2.500084992784011,1.756991069880017,421.3196815354921,0.05658154021384004,synthetic_uncalibrated_model
3808,30.62326359891675,3.197635142479074,4.053923330537592,345.5320431038789,0.11997915854805602,synthetic_uncalibrated_model
3809,26.11147258931696,4.658062752937129,2.5519963705356883,484.03257999304515,0.07239903641297096,synthetic_uncalibrated_model
3810,52.467937470008806,2.8025328517403834,1.7678875153262321,369.3772119834854,0.12610546546738632,synthetic_uncalibrated_model
3811,38.24687246625668,5.56072221408202,3.629328794872245,392.02520790030843,0.1310620838363319,synthetic_uncalibrated_model
3812,83.76234565069606,5.064988047292186,5.566784769600384,419.2642088070023,0.26587338005517513,synthetic_uncalibrated_model
3813,6.517656241584825,4.8040968539990665,1.4797005785515214,419.7520510351533,0.0,synthetic_uncalibrated_model
3814,79.69226903420794,2.0572757318643213,1.3874594140402434,440.694010436316,0.12562157952137187,synthetic_uncalibrated_model
3815,64.75927915395268,4.705138391733067,2.781379133813537,465.93325362630685,0.1475459729747356,synthetic_uncalibrated_model
3816,61.37952069956668,5.39931359414642,0.18013831625544355,452.7821744325367,0.04367239448894519,synthetic_uncalibrated_model
3817,86.49235937020707,5.55043760247436,3.990141778089181,420.360061031661,0.2308104477407379,synthetic_uncalibrated_model
3818,10.62238920133073,4.587401324182089,4.454965527119159,457.68211966669855,0.0,synthetic_uncalibrated_model
3819,69.68001980084958,1.1734164600919177,4.189574534965677,486.7883724343351,0.13521603056071485,synthetic_uncalibrated_model
3820,10.876775709123137,0.2870775799841716,1.3316435397558684,321.4747807002889,0.0,synthetic_uncalibrated_model
3821,44.96385555647494,0.49732063850995534,1.8559753800079684,400.8412466558244,0.045676251901765025,synthetic_uncalibrated_model
3822,66.18138335259772,3.181935783789026,2.3056956906576156,375.81537907626057,0.15412648651746086,synthetic_uncalibrated_model
3823,15.79672120252496,0.4795360651547407,1.4238983807437748,351.1031621943863,0.008156760613131038,synthetic_uncalibrated_model
3824,76.88249627279593,3.5207378662692723,1.664193458333308,411.86141769555917,0.15256411439629125,synthetic_uncalibrated_model
3825,80.244032516308,0.685965571147703,5.484600306174578,371.56389502757463,0.1827406601124878,synthetic_uncalibrated_model
3826,83.60378541652437,3.9089681084706043,4.145592598911231,436.14653188138766,0.22101687804554748,synthetic_uncalibrated_model
3827,53.069030055082685,0.8097166829026371,2.8085869757504502,315.2952584089989,0.08263793387524065,synthetic_uncalibrated_model
3828,30.95312962606275,4.4562389703962415,3.8949332483925234,370.097784143674,0.12732114283392237,synthetic_uncalibrated_model
3829,67.05386608829033,1.922056369264959,0.8800575678267051,414.48707349279334,0.10302611971279252,synthetic_uncalibrated_model
3830,43.12704456267575,3.7434116071863794,2.3091482214364514,436.7244184734017,0.11947937256904462,synthetic_uncalibrated_model
3831,22.827467478204948,4.62393590772675,0.7045838078645897,316.3031686783199,0.04213657350439079,synthetic_uncalibrated_model
3832,6.295391840143259,4.370491368313769,3.305182413773182,484.92426545595754,0.0,synthetic_uncalibrated_model
3833,87.57194024243316,5.5785797167458915,5.188704144386417,457.8360886800766,0.2538908017748225,synthetic_uncalibrated_model
3834,24.51473481229152,5.097995850897165,4.5381084347464045,314.66646880785896,0.12522642137506468,synthetic_uncalibrated_model
3835,40.294731266033644,0.8533747920180287,0.15827050653246935,443.6483388970049,0.020247537352299658,synthetic_uncalibrated_model
3836,68.46949082410538,4.18223628919836,1.7976555565522538,322.6236386687947,0.15431728501633235,synthetic_uncalibrated_model
3837,78.3278330636257,3.0740838352168436,4.1560169620808205,462.10269431280733,0.19531270484283048,synthetic_uncalibrated_model
3838,50.096189693183355,5.317616990850289,4.850398558177475,366.2919465882002,0.1627838206133746,synthetic_uncalibrated_model
3839,61.71497799077344,5.424824988213688,4.18121354445888,358.61722374453905,0.1863443230615639,synthetic_uncalibrated_model
3840,61.65614075753831,3.0579549397314727,5.126135719687316,415.51893302023393,0.18490436383902087,synthetic_uncalibrated_model
3841,10.42284207123164,3.068873480320976,0.29185361679688493,405.92169088525714,0.0,synthetic_uncalibrated_model
3842,56.79070683264124,3.016440664016738,1.2582850455492764,496.7744495775043,0.08333636021580104,synthetic_uncalibrated_model
3843,48.933100065408155,3.5378345574167156,2.9970802394402103,478.390476917583,0.1095991730342884,synthetic_uncalibrated_model
3844,45.07299057175664,2.7316125007866394,2.9515418502509334,493.66922816641943,0.08367712597659871,synthetic_uncalibrated_model
3845,53.533131150921236,3.455804161398462,4.412792325264941,352.19659958601125,0.16070371115179727,synthetic_uncalibrated_model
3846,44.98681871298823,3.1946476900712333,1.6121293868136706,351.3165697217314,0.11879700064293097,synthetic_uncalibrated_model
3847,85.98210221218584,1.88595439199986,2.8750313241928915,351.9052048873199,0.17274079465037318,synthetic_uncalibrated_model
3848,42.99985756587669,2.0869942587961496,0.6556960102284074,408.37309022373074,0.07370052115806158,synthetic_uncalibrated_model
3849,16.936048289774273,5.9016686464455175,0.7712963378037001,390.0930413667551,0.014054120636391956,synthetic_uncalibrated_model
3850,52.99319466177393,5.574517289113673,1.2434637815428025,384.6457169066121,0.12982926786593985,synthetic_uncalibrated_model
3851,67.53482088068961,5.632842449062218,1.6697213955489958,499.1851926769893,0.10243210900316202,synthetic_uncalibrated_model
3852,85.07434497354059,1.4105805563396736,3.6147260031576702,284.04349651530487,0.17786114642349238,synthetic_uncalibrated_model
3853,72.6763485618542,1.73957190981985,3.5538006266769635,493.7619764501063,0.13686111427086933,synthetic_uncalibrated_model
3854,46.80627396129009,0.7282736296829909,2.0642700096585096,431.9477285529076,0.06145204585627462,synthetic_uncalibrated_model
3855,21.276585654374923,1.0172655341508707,5.855175115366672,412.8263492160631,0.06498949230505285,synthetic_uncalibrated_model
3856,8.828551699773477,3.994354909651849,2.3947767503117197,438.7844728916314,0.0,synthetic_uncalibrated_model
3857,16.807113673543277,0.8046732953759353,0.4690507221726523,406.34620358871257,0.007157074411053267,synthetic_uncalibrated_model
3858,61.32226801207231,5.857680860397161,4.023415160614953,490.36524900031606,0.13915692343305675,synthetic_uncalibrated_model
3859,86.25738684719066,2.4601369736042504,3.237322531650595,346.2999434470072,0.19421850200572321,synthetic_uncalibrated_model
3860,15.72226566893293,2.551695567710822,4.2704756831812265,424.62926325313333,0.024849671904226447,synthetic_uncalibrated_model
3861,62.6716177770146,0.1009446152106845,4.066199793328626,441.21449486668655,0.0683914308519526,synthetic_uncalibrated_model
3862,10.749875824162492,2.453279439985238,0.4797933325667698,493.0895421776528,0.0,synthetic_uncalibrated_model
3863,83.40323185186824,3.081523970670179,3.778555099423452,296.49204892916345,0.21173953369132126,synthetic_uncalibrated_model
3864,36.8173656606752,5.361391159270465,5.060324695955159,438.9591558956185,0.12183585576103106,synthetic_uncalibrated_model
3865,31.237238047490482,1.5396215472369525,1.0438039287793603,288.9668172133321,0.06693947065447031,synthetic_uncalibrated_model
3866,78.81845252365386,2.5270404045470363,0.33208062837948527,336.8238486387265,0.08141736514649794,synthetic_uncalibrated_model
3867,8.296907774251173,3.5049162383316115,2.2689658204065863,361.45791316992927,0.0,synthetic_uncalibrated_model
3868,17.624336921244,5.199275791027037,3.8774915608936027,437.72042291430995,0.06274422712627536,synthetic_uncalibrated_model
3869,25.019008561199772,5.9585146448966295,0.44122268829445865,459.10980402838265,0.029736429888343643,synthetic_uncalibrated_model
3870,41.21014564937309,4.779647542277569,2.46434059382857,466.4238986119737,0.10522176894316426,synthetic_uncalibrated_model
3871,28.779650265479148,0.7081120913604751,0.7350590906113879,347.6968330720262,0.03744059204524025,synthetic_uncalibrated_model
3872,30.579853283558105,3.702663924311895,0.6895569957965897,314.4255188840496,0.0642895641615564,synthetic_uncalibrated_model
3873,49.80563603774578,5.534145018682187,5.007114369641356,466.8242158093887,0.13864048342234292,synthetic_uncalibrated_model
3874,11.521965873216606,3.644460649515738,0.19024053378384215,464.1664080292745,0.0,synthetic_uncalibrated_model
3875,57.26185480883575,2.1339487882288437,2.0065287880059017,401.81661001954325,0.12331601707989182,synthetic_uncalibrated_model
3876,89.27002069302193,1.2051032747049937,5.38071878938078,385.2901923931675,0.22834713475993262,synthetic_uncalibrated_model
3877,34.69377618784389,4.769402687014734,0.7379869559819956,404.46963266928674,0.07663131565548736,synthetic_uncalibrated_model
3878,86.55521419707556,5.951926012642068,1.8772555234983146,459.64865702079425,0.15957899810406595,synthetic_uncalibrated_model
3879,45.74499068179129,4.129502716176191,2.2199814592494325,315.4088976946,0.13309039487152197,synthetic_uncalibrated_model
3880,79.95422826055251,5.055621108967698,0.6928438418459943,437.84961462295763,0.12099964881577402,synthetic_uncalibrated_model
3881,6.356464183611296,5.837702394636878,5.02851657232807,282.05186562004826,0.0,synthetic_uncalibrated_model
3882,80.02849318611453,1.502566906428862,2.23190277159672,316.8487085721912,0.13835446065959434,synthetic_uncalibrated_model
3883,34.54879691929906,5.422465361433829,5.123101722156652,361.36634235455017,0.13256936027688793,synthetic_uncalibrated_model
3884,22.856654626926893,1.8010971160328475,3.2738588240438697,486.95183074189185,0.05371019841410757,synthetic_uncalibrated_model
3885,74.03410697566254,0.4060788846369868,3.084242527850873,310.6936015203163,0.09724388521225857,synthetic_uncalibrated_model
3886,64.66596219559491,2.0860424746542408,3.1053794990489285,354.8002877146079,0.1496048309355743,synthetic_uncalibrated_model
3887,39.86851339681732,4.861049309544544,1.3089543801340155,464.2619344019972,0.09277849521428028,synthetic_uncalibrated_model
3888,15.467300112120974,2.992885399759827,3.859981249405034,358.2259383794218,0.01699506621667038,synthetic_uncalibrated_model
3889,81.8264945304004,0.9552568575152117,2.98365984861884,331.7256467871455,0.138241869574955,synthetic_uncalibrated_model
3890,64.432333406552,4.839153457429401,3.422189335662102,351.17135671758564,0.17933818492222342,synthetic_uncalibrated_model
3891,15.98681125876518,2.6512588009081037,0.9027207977165322,449.53722542250847,0.0076291451244133585,synthetic_uncalibrated_model
3892,64.84109313839207,0.3895222489692234,1.6826708151562602,488.9918484624355,0.05221965122436298,synthetic_uncalibrated_model
3893,5.36781878489538,3.17279396254597,4.034521451190006,324.294952840668,0.0,synthetic_uncalibrated_model
3894,60.63617115645464,2.4852838992120616,4.606266051042921,429.88243798644476,0.16580999664694884,synthetic_uncalibrated_model
3895,85.53674200565804,4.871835164156662,3.8988535088758063,296.8594159427357,0.22912282823493169,synthetic_uncalibrated_model
3896,35.38498849257893,5.7614287451503134,5.29548460453862,306.7326417924004,0.13357252614058046,synthetic_uncalibrated_model
3897,35.97981930705579,3.3542222051650903,0.20726453569623013,458.1590276889459,0.026550592787095956,synthetic_uncalibrated_model
3898,61.454798142086325,3.4065311177399504,1.156349084282799,494.4121909931135,0.08896016613160262,synthetic_uncalibrated_model
3899,67.58715547062639,2.850717462934555,2.5794281311603147,457.4788469774488,0.144322560868148,synthetic_uncalibrated_model
3900,10.680260643497835,5.426397754269306,0.2862718649842412,327.04932499952406,0.0,synthetic_uncalibrated_model
3901,52.9462093302749,4.567602006350572,0.8875706513120563,325.8949058643425,0.11501615513377056,synthetic_uncalibrated_model
3902,82.4417824094695,1.9559010015935696,3.3551565074136387,460.55438172835443,0.1708235350756161,synthetic_uncalibrated_model
3903,89.221585390991,3.930056875960582,1.4329581953811596,421.5954420496657,0.15671445861374989,synthetic_uncalibrated_model
3904,81.99065765311549,4.789746473271596,5.22474821712237,356.95140068815175,0.25534810941955266,synthetic_uncalibrated_model
3905,83.29938600019926,2.170751841487845,4.507280130982141,324.5939795478483,0.21735510587966833,synthetic_uncalibrated_model
3906,59.639104207740694,1.0326079087849809,4.694322236096839,441.47522734219643,0.12514047052265753,synthetic_uncalibrated_model
3907,60.537806769471025,2.689424455206368,4.356993442041617,401.6271112513058,0.16835265835439484,synthetic_uncalibrated_model
3908,43.222317562528524,3.1178705603937362,2.554845683107861,330.0090908423998,0.1241610100341552,synthetic_uncalibrated_model
3909,65.8090248070619,3.8173963968001026,3.962612279119067,344.2712131216802,0.1864380170527572,synthetic_uncalibrated_model
3910,58.95433474993317,4.1859076576898016,1.8164944189993686,399.5066251872646,0.14346521803400325,synthetic_uncalibrated_model
3911,25.11181506908624,3.3638064308819473,5.889805757376081,335.70980734348404,0.12147678125398931,synthetic_uncalibrated_model
3912,53.31875465908851,4.687524616154844,0.1495245494039492,348.70930876055206,0.036319995695123286,synthetic_uncalibrated_model
3913,8.427086185578062,2.353813462601941,2.1093505526701266,301.1294559068805,0.0,synthetic_uncalibrated_model
3914,82.19258048746039,4.951682792740168,0.7745822016393409,365.09030734667266,0.1340508067627223,synthetic_uncalibrated_model
3915,81.05658199413395,5.641931438078277,3.1581700561651807,338.24189049215227,0.20392768909934011,synthetic_uncalibrated_model
3916,51.99940227797195,4.966060566831274,3.6957537055950054,284.3517708127225,0.15829821322201354,synthetic_uncalibrated_model
3917,9.000075263901376,4.268123671741681,4.771570606187267,405.6265049532306,0.0,synthetic_uncalibrated_model
3918,74.17387158691595,5.281894700021698,5.358765613025787,470.45011553319404,0.21379816380230876,synthetic_uncalibrated_model
3919,83.94436845756675,4.79433810390208,4.404368563355022,432.98310869386205,0.23248038197575793,synthetic_uncalibrated_model
3920,45.26605888720915,0.8253866811005421,4.1274006122966815,289.03408426098036,0.07493430983229393,synthetic_uncalibrated_model
3921,72.19221554874913,5.159825037559438,0.28877294451463187,422.90859144877106,0.07507282880963756,synthetic_uncalibrated_model
3922,67.97688309868565,4.133241482842594,5.374729736329989,425.9776972936177,0.21284441554111222,synthetic_uncalibrated_model
3923,71.7706892117273,2.3300909981801112,2.6367632525049403,299.6713281594262,0.15677289780370962,synthetic_uncalibrated_model
3924,15.127447539627383,2.567431789003569,5.66780881624159,497.4693368739222,0.0022931002180714786,synthetic_uncalibrated_model
3925,17.01724100758022,3.235908615106587,5.20300589197157,392.80222268609856,0.0678736809273075,synthetic_uncalibrated_model
3926,77.32822914455373,5.353102323284067,5.049888590786123,463.1018719363626,0.2207207286904188,synthetic_uncalibrated_model
3927,40.87373339986194,3.317918278667173,3.4447111643321544,298.8303036250393,0.12442603763674409,synthetic_uncalibrated_model
3928,81.10922136590169,5.915428610475866,3.9465171206581666,426.6146393909403,0.21849251569671257,synthetic_uncalibrated_model
3929,79.2899174512486,0.4344283596514432,5.024132830727431,445.4472792127436,0.15220441090133552,synthetic_uncalibrated_model
3930,28.431849878049285,2.9707508393462447,4.947248444059091,294.0318859967904,0.1182154991703751,synthetic_uncalibrated_model
3931,28.26404300567655,1.295220169494364,1.351268971731087,472.947869794098,0.050655279837964806,synthetic_uncalibrated_model
3932,71.34553408104586,5.053648254581897,3.9554299921536975,473.6526780935892,0.17552507494255698,synthetic_uncalibrated_model
3933,45.483521280359575,2.618311900716136,0.2572410924084306,380.93366629669487,0.0457284060699053,synthetic_uncalibrated_model
3934,70.92177815947161,1.2725626812273654,2.6897192273282413,447.92756996989226,0.12404351914722583,synthetic_uncalibrated_model
3935,25.512172666975975,1.832064103575045,0.3783516709960679,391.79342929903686,0.028682453618686626,synthetic_uncalibrated_model
3936,30.336534179240722,5.187338592589044,5.4864403783638025,363.8591795722085,0.13164143832401787,synthetic_uncalibrated_model
3937,37.196361124209496,4.937891236347095,5.789623609884203,366.43239897513337,0.13155955601672398,synthetic_uncalibrated_model
3938,27.837582639064614,5.369756138703558,1.5167073112725635,483.12051367395895,0.0654372660503243,synthetic_uncalibrated_model
3939,59.82092486706463,5.531768883143365,4.721319620557717,443.7500458906032,0.17828474998379784,synthetic_uncalibrated_model
3940,76.77481012827275,4.1317720579311725,3.408111256328281,288.0829215366929,0.19846746800488202,synthetic_uncalibrated_model
3941,70.40213617832893,4.080929656355434,2.944840205235436,466.16990356530505,0.15758416027298616,synthetic_uncalibrated_model
3942,48.42401902773134,3.4710089470722942,1.6758896302537565,429.63851980107665,0.12104917175776014,synthetic_uncalibrated_model
3943,39.80776895347125,3.4084960985952635,1.6406000991600767,291.2338154155771,0.11329127868173827,synthetic_uncalibrated_model
3944,23.73752999336824,2.697109687607231,5.0355158858921145,477.3127689060152,0.07592320499243993,synthetic_uncalibrated_model
3945,13.528647858263303,2.9195160507419065,5.145112340396083,406.8536694969536,0.0,synthetic_uncalibrated_model
3946,63.28205858389772,0.4384825545269201,0.4601081743352613,355.9831383845077,0.03800430326531856,synthetic_uncalibrated_model
3947,10.862837186868846,4.073015090041139,1.137523097600781,443.9854777858998,0.0,synthetic_uncalibrated_model
3948,51.81762385555819,4.246724572948559,1.4073478127215011,338.8840088529708,0.12996961753896186,synthetic_uncalibrated_model
3949,69.93192698647178,4.910002447522837,3.2905447235605454,365.94211438848174,0.18688130669714487,synthetic_uncalibrated_model
3950,85.73094619061816,0.27347743039122474,5.430412471744,309.43423695090814,0.16957205428559607,synthetic_uncalibrated_model
3951,86.80966711490832,1.4557219168824873,4.816218317518949,303.84648132682537,0.2155268643472915,synthetic_uncalibrated_model
3952,50.466394489079526,1.4119457144981085,4.748763236372824,357.63250272871977,0.11807717272629292,synthetic_uncalibrated_model
3953,25.30941433052776,5.593837721508122,5.466906902053576,444.5285941340308,0.11433613969729062,synthetic_uncalibrated_model
3954,61.43533336055341,3.2928293159717197,0.5306516519873413,453.5009482614364,0.08610718721934718,synthetic_uncalibrated_model
3955,89.17466212929317,3.838896032902575,4.498327616958859,298.5514118000216,0.24883539670752475,synthetic_uncalibrated_model
3956,84.14031986190346,0.5053144692782373,0.12674283455796903,429.3766661698709,0.0263224526078433,synthetic_uncalibrated_model
3957,12.891583587825025,3.970275402856312,5.379463462211039,451.2660519436263,0.0,synthetic_uncalibrated_model
3958,57.150995284210765,4.833823268908523,3.4215911352617723,477.509384815644,0.13391055703106725,synthetic_uncalibrated_model
3959,22.117648334628285,3.71133401412367,0.36511348905893837,291.99390715633143,0.02199730442044083,synthetic_uncalibrated_model
3960,32.443775833491,1.5121942940072721,3.8128099986547714,286.8705106904191,0.0888340489720737,synthetic_uncalibrated_model
3961,21.33326374575173,1.2100971190051146,2.4186411616540937,368.612770641923,0.06010108058987912,synthetic_uncalibrated_model
3962,63.58292121553932,3.41451144282716,5.015683190678189,482.10029267973437,0.1637384635952862,synthetic_uncalibrated_model
3963,19.675669821771727,2.3378189943124617,2.8613501099864456,490.981868242062,0.04094913938987327,synthetic_uncalibrated_model
3964,45.803331698219694,1.469719103195392,5.661928087488848,286.1237314538307,0.10999700727868583,synthetic_uncalibrated_model
3965,36.34845462272861,5.654467466523928,2.2038798738153953,286.66169646480563,0.12564663338466542,synthetic_uncalibrated_model
3966,52.36314568686891,3.9587721306520534,3.4886410229836704,320.3879540220343,0.15329615421946796,synthetic_uncalibrated_model
3967,62.184184219601235,3.2258543092862713,2.1335522478155666,388.44503786348196,0.14651390170730005,synthetic_uncalibrated_model
3968,67.77258460478663,2.912201565398502,0.39245665410613084,346.2441616732858,0.08427602033765408,synthetic_uncalibrated_model
3969,21.91493766209248,3.5066291309081032,5.355203399347498,400.0019291878897,0.11348458212808005,synthetic_uncalibrated_model
3970,88.04865265100798,0.3413766769450043,2.996288875589434,488.0319041080372,0.10750195002244273,synthetic_uncalibrated_model
3971,33.33310690159438,0.7127380263886613,2.5473886239604173,342.7296018268755,0.052946182659106,synthetic_uncalibrated_model
3972,17.410625852505312,1.5662122773993414,3.0783087393733872,437.01692866058215,0.04212721119609983,synthetic_uncalibrated_model
3973,72.51976917057404,4.712713143544449,1.2785949780631707,343.4955392376496,0.14730798330800454,synthetic_uncalibrated_model
3974,56.357362252300575,4.7609682000714075,4.7813211296960985,450.0224640125587,0.1652925109913258,synthetic_uncalibrated_model
3975,79.6419212994136,3.8259326849977584,0.49346714783111045,401.55060913881886,0.1066662867010213,synthetic_uncalibrated_model
3976,47.482940318475464,3.283348675424644,3.4597042619570564,496.2312829031971,0.09124008257443661,synthetic_uncalibrated_model
3977,35.041030642711775,4.01303107378651,0.8807950804513938,450.39076598608005,0.07662012769070659,synthetic_uncalibrated_model
3978,30.24957258803264,4.05305359141608,2.8095175765826252,282.8972131329833,0.12027219096436281,synthetic_uncalibrated_model
3979,78.54874049029135,5.122465894634103,1.878710122822955,399.0288694526103,0.16719205572902274,synthetic_uncalibrated_model
3980,81.47090888578006,2.2711004868485842,4.679000330171301,401.6757912683328,0.21826121812991728,synthetic_uncalibrated_model
3981,21.090630801606885,5.0725609427021485,5.49610513224276,432.2874179307913,0.10923085453754916,synthetic_uncalibrated_model
3982,43.403968128616754,5.350126515159282,0.9460569996914097,384.1188150987022,0.10527541980288785,synthetic_uncalibrated_model
3983,88.58724973332669,4.650381392784725,1.4045763976641898,469.8143381425053,0.13940984319185779,synthetic_uncalibrated_model
3984,77.1773330869565,2.1258533690939365,3.2419616557680797,293.4195345281091,0.17394138421308125,synthetic_uncalibrated_model
3985,82.7076680951435,2.511790561216821,4.056498854546347,450.4945483964989,0.2011824769348045,synthetic_uncalibrated_model
3986,66.00589422157537,1.5113198598193054,3.1392898961336586,480.1118116494195,0.12063280344833938,synthetic_uncalibrated_model
3987,10.473395354657583,2.841477123123923,2.892172537000393,401.00119106776833,0.0,synthetic_uncalibrated_model
3988,31.695973917228844,3.04103268623428,2.6359837735712115,314.05873882481,0.11350231708603098,synthetic_uncalibrated_model
3989,25.674771294272727,0.5888082299564119,2.0470554803830563,485.27651172698313,0.029582629340095853,synthetic_uncalibrated_model
3990,58.81494124422229,0.6551878532058516,1.3954896765131928,417.9847351244474,0.06454549790558534,synthetic_uncalibrated_model
3991,57.24618962934223,0.8752381810492421,5.342358924472376,455.8906842802481,0.11695251464001338,synthetic_uncalibrated_model
3992,66.96423449506375,0.28780896868585576,3.674717789256683,463.9226061434996,0.08500499541266171,synthetic_uncalibrated_model
3993,50.86802690216119,4.9031769490331705,3.7665613420436155,470.586464768387,0.12907610144218384,synthetic_uncalibrated_model
3994,89.63749232904712,2.665581912457251,2.295105465333503,483.45811523557745,0.14864679644172563,synthetic_uncalibrated_model
3995,74.89188395325446,1.0575859940186063,0.3870656698382665,319.6341085798205,0.0631703814106071,synthetic_uncalibrated_model
3996,57.55925666894097,2.5657938324203156,1.5854811835384486,386.31656119480266,0.12523838670709675,synthetic_uncalibrated_model
3997,32.59875959912053,2.8736047871120927,4.191960408380055,498.76638337608495,0.06468092849552126,synthetic_uncalibrated_model
3998,63.269244866816095,3.1614920591956426,2.720887964186647,327.234575539712,0.15717570119523117,synthetic_uncalibrated_model
3999,32.621752467697746,2.6245816496388876,0.614595282812025,396.52870053101105,0.06014488257704487,synthetic_uncalibrated_model
4000,46.822225405944415,1.3425641163273447,4.920791010495364,499.9417979494475,0.07652133785896603,synthetic_uncalibrated_model
4001,32.72249783780218,5.075302578398265,1.0423457289902147,351.95949925903477,0.0905636483392443,synthetic_uncalibrated_model
4002,17.730718380094928,5.962960455792563,5.411796881439987,366.6121100164074,0.08850077407801699,synthetic_uncalibrated_model
4003,36.29978943770418,1.1022114305524797,0.7906480879602166,488.9779737798411,0.039992684249993776,synthetic_uncalibrated_model
4004,43.55706504001799,5.2370184189355875,2.9063786956367763,407.1877297378683,0.1347586138733139,synthetic_uncalibrated_model
4005,63.97329435723302,4.763046014668484,4.8390886211416655,394.53080867331585,0.19894093769911692,synthetic_uncalibrated_model
4006,79.47952467098634,4.435701366744839,3.4622486367259637,468.68656179201287,0.18324093251351015,synthetic_uncalibrated_model
4007,49.47920042015597,1.9516766043490186,4.131881334496878,327.5432592077355,0.12666823108994962,synthetic_uncalibrated_model
4008,77.02774425629048,3.8014682461874725,5.76051323090563,427.068320906967,0.24538299820982656,synthetic_uncalibrated_model
4009,80.7605405627158,2.140650912070899,5.800473424545814,478.8338021760066,0.22224719196867393,synthetic_uncalibrated_model
4010,11.911204951263617,5.2084967601607515,4.857464951422907,318.87217271427704,0.0,synthetic_uncalibrated_model
4011,68.44291085974062,4.123647305118883,3.125673512318624,431.7155878171813,0.17247879436683577,synthetic_uncalibrated_model
4012,62.111435993443415,1.0092387376006535,3.8815339694774504,497.2367870822716,0.10325805722086501,synthetic_uncalibrated_model
4013,63.00209994804331,5.571169576476797,5.1149659702447705,409.98258753671365,0.20084691911612107,synthetic_uncalibrated_model
4014,26.542691253734098,1.1562095227925022,0.9617125788287211,299.79658250734064,0.05004263210117335,synthetic_uncalibrated_model
4015,16.96334843925572,4.78112057390129,2.889254678259607,495.14614706039083,0.022515065659563627,synthetic_uncalibrated_model
4016,61.77013372615394,2.743263050198556,2.0083319769883334,330.4437025906981,0.13957654978604495,synthetic_uncalibrated_model
4017,37.076678508658276,0.3621169267062456,0.7495755048410668,314.0296828495193,0.027207141395775167,synthetic_uncalibrated_model
4018,71.45907490795346,2.8464381148296334,1.6878306153142506,474.7835020968583,0.12222638494347204,synthetic_uncalibrated_model
4019,25.791919040371546,3.687608979479984,3.960204692351144,323.8784566765977,0.11918029383366613,synthetic_uncalibrated_model
4020,31.910960433807425,1.199479151557409,2.0363753882544477,423.361937107431,0.07016188730596112,synthetic_uncalibrated_model
4021,41.81901961917439,3.786728656114541,0.6728407198927602,474.64812535914626,0.06615926893680324,synthetic_uncalibrated_model
4022,72.32665852394788,2.5468727275861998,2.9113584983886245,422.38904745630606,0.16330500235592194,synthetic_uncalibrated_model
4023,12.653854878819693,1.4064230066003147,5.992870751139738,293.4650094045771,0.0,synthetic_uncalibrated_model
4024,38.09120099992608,5.422271114274105,4.180155277156915,430.66067170801534,0.1248052659203856,synthetic_uncalibrated_model
4025,35.698488360347596,2.9974620198768274,5.64089011652552,367.2606128732808,0.11958711516561649,synthetic_uncalibrated_model
4026,9.926280665833346,2.0067623888258375,2.561475466210835,379.7038158427081,0.0,synthetic_uncalibrated_model
4027,69.18849977269163,1.0493849903418744,5.63291885514207,414.40997755615865,0.17058589783926825,synthetic_uncalibrated_model
4028,80.27171615420768,3.727108032515277,2.221719277519853,473.55208456838477,0.1490227899683796,synthetic_uncalibrated_model
4029,34.19376204449134,5.860282974649901,5.612625869273233,335.1717575905184,0.13368136619502846,synthetic_uncalibrated_model
4030,71.96041265052838,4.035322899570113,1.635455913672762,326.07388458607574,0.15328526222718308,synthetic_uncalibrated_model
4031,31.010147883518158,2.3963430811520645,2.8456266059488815,404.3783906507924,0.10421213611880376,synthetic_uncalibrated_model
4032,23.71015175998757,2.2225382124825375,5.675864466423499,372.0678532139474,0.104642370726726,synthetic_uncalibrated_model
4033,88.72711776970024,0.9380430315241317,2.180831478839773,473.160077162481,0.11630837952886974,synthetic_uncalibrated_model
4034,34.947747113220586,4.000373359094074,2.825044331907835,305.30087103200185,0.12414134783955394,synthetic_uncalibrated_model
4035,78.67875344076442,4.041929185812488,2.0226865271521293,353.90650524392487,0.1684339271221149,synthetic_uncalibrated_model
4036,83.28219466201104,3.6633091984086317,1.9277738206239066,350.18949167097827,0.168266222867537,synthetic_uncalibrated_model
4037,17.383774872721645,4.311656395182949,2.503746351785349,434.6812276525671,0.043404095768554585,synthetic_uncalibrated_model
4038,71.64743476694937,2.77705845897727,1.8293002486967218,367.82655609984454,0.1466423456183088,synthetic_uncalibrated_model
4039,33.404152927773815,2.4581460318454735,4.9630229676197954,365.5099716951561,0.1118779359486447,synthetic_uncalibrated_model
4040,44.94375401003901,1.1324340986907255,1.5755418431551738,415.82739351579465,0.07538811113900151,synthetic_uncalibrated_model
4041,29.75530326829136,3.886783492785404,2.7668026653211597,411.2263112326069,0.11527680066693025,synthetic_uncalibrated_model
4042,79.84692253873875,2.713035192887197,4.074445210083837,308.4089254665087,0.2079481487528746,synthetic_uncalibrated_model
4043,31.38803203956919,3.510839529367773,5.082568445915288,481.16127527544336,0.08522874278177678,synthetic_uncalibrated_model
4044,85.48257901951168,2.413787123804926,0.7016888240329139,465.9508352992812,0.10208348678794515,synthetic_uncalibrated_model
4045,61.46766698829377,0.9170988808654033,1.7558186796333686,420.61270374492824,0.08540319185135747,synthetic_uncalibrated_model
4046,48.86904139043906,5.113936769393494,4.96779418659844,311.05576614662476,0.15977839485168144,synthetic_uncalibrated_model
4047,70.74325693612714,5.355875332942449,1.8684507777107675,491.29592234786327,0.11794381447185409,synthetic_uncalibrated_model
4048,15.666731198929476,2.481345849861488,1.852310494784614,387.44467178267416,0.011734339754675312,synthetic_uncalibrated_model
4049,61.93169315796794,0.9422849784073378,2.963307176490154,482.79654915584547,0.09367485148263521,synthetic_uncalibrated_model
4050,52.80737108111995,2.6199488731127447,2.3711136727161977,315.3563555043566,0.13139289295574552,synthetic_uncalibrated_model
4051,26.155206328785926,5.178188389595717,3.549899259466351,478.1760424565958,0.08379227697871816,synthetic_uncalibrated_model
4052,49.99780323770132,4.331982348950326,0.23577933361354106,410.5442969569376,0.04839873037131473,synthetic_uncalibrated_model
4053,67.25153498013447,1.0233132538371756,3.855622321926851,352.8501479114304,0.1337949802590821,synthetic_uncalibrated_model
4054,75.35606454958477,5.385746830210837,3.645417027777822,377.83064119779704,0.20459466753865385,synthetic_uncalibrated_model
4055,51.64543308623244,4.8685154464246425,4.639493140261657,420.1950202550265,0.1603361418635152,synthetic_uncalibrated_model
4056,45.353553084246336,3.441168724592036,2.1411113314500683,372.9793012568289,0.1271763805922944,synthetic_uncalibrated_model
4057,89.08188615499176,5.117145818052113,0.47143212810731416,389.84674169118097,0.11377570682397992,synthetic_uncalibrated_model
4058,75.84336365062939,3.131491440488648,4.163475308197147,406.9674436606344,0.20456297945654112,synthetic_uncalibrated_model
4059,24.800687996900077,1.3164504564691863,3.4430774294291817,336.5601689200676,0.07730059205833184,synthetic_uncalibrated_model
4060,5.237625813893596,4.8737559125904895,4.44452447974665,315.6632764628303,0.0,synthetic_uncalibrated_model
4061,21.88659388188401,0.6972930084668658,1.7081895268875258,417.818405634237,0.038984802099121474,synthetic_uncalibrated_model
4062,14.019027786533686,1.6847396569996642,4.792670452251333,320.9974900331038,0.0,synthetic_uncalibrated_model
4063,20.284636718799334,1.6094684667476835,1.8325814191925756,303.30297198218227,0.05470559889793525,synthetic_uncalibrated_model
4064,73.26106542555246,2.5486046840934065,1.187779302732767,337.4273767068344,0.12963696134692226,synthetic_uncalibrated_model
4065,68.10502801031365,1.6154930753255352,4.615805896271609,492.6392668501953,0.14552489628236343,synthetic_uncalibrated_model
4066,75.05962450847372,5.334118938769678,3.412030738415347,344.87342298237985,0.19939238066415088,synthetic_uncalibrated_model
4067,48.064090882027244,1.4830402127160143,2.992414010182945,316.4164166597467,0.10340913365420729,synthetic_uncalibrated_model
4068,74.62122853877906,2.127177249695425,0.24509009461787146,366.03817697440456,0.06327954463154178,synthetic_uncalibrated_model
4069,15.393640720070609,1.8948669483130671,5.512150016966251,489.4699459450163,0.007600324648678439,synthetic_uncalibrated_model
4070,42.1463233504291,1.3909018329603204,4.661395469261881,488.2120139959489,0.06853689631558846,synthetic_uncalibrated_model
4071,74.08892603558785,5.012331887376354,1.1177167535881338,434.39142437056796,0.13739194532910792,synthetic_uncalibrated_model
4072,62.41975765311636,1.909898990199592,5.531370249838582,405.13117400778697,0.17592979179840462,synthetic_uncalibrated_model
4073,23.96168996432976,1.1073660188734369,1.9373699658295276,407.9165828784536,0.05830901861752197,synthetic_uncalibrated_model
4074,25.769401637142366,0.43999633909847724,1.1944040125501811,289.7535781187861,0.03042404798379582,synthetic_uncalibrated_model
4075,41.56099428589959,2.8804568987233656,0.22612959970602564,284.4357902864785,0.038134812298132204,synthetic_uncalibrated_model
4076,60.36880296258348,0.45469215548979947,5.814876156540027,491.05881594509543,0.1059761714414354,synthetic_uncalibrated_model
4077,13.011086030563293,0.24842697100300826,3.612192834931478,363.6945233047297,0.0,synthetic_uncalibrated_model
4078,26.874652612989973,2.361526020102628,4.995901996796631,298.42299449630286,0.10892278045371295,synthetic_uncalibrated_model
4079,36.03033279094912,1.9313727552149098,4.295376541494281,362.6967759334446,0.10123355037839932,synthetic_uncalibrated_model
4080,29.927158723700064,2.9208590901285096,3.104447226441395,328.73677235640395,0.11346202309276304,synthetic_uncalibrated_model
4081,12.592285371424238,0.9001631929989292,2.7725970702970644,497.9785521251065,0.0,synthetic_uncalibrated_model
4082,39.092444510223025,5.62391014860375,4.4425228568898305,433.7418099211245,0.12436392782275296,synthetic_uncalibrated_model
4083,27.18525560566711,1.6531013601483615,5.768457106421261,447.775231661181,0.08348426119142266,synthetic_uncalibrated_model
4084,28.800172088066187,3.8956878802499735,3.750767813554786,452.35299990572145,0.10610800350959881,synthetic_uncalibrated_model
4085,18.41541202586427,2.2150183299727235,1.3527130346253289,472.1235266687084,0.026881067721083785,synthetic_uncalibrated_model
4086,55.74637778520933,2.1050203702249184,4.832628544820278,396.61585679927055,0.1519110621982248,synthetic_uncalibrated_model
4087,54.202904773254616,2.2284216828143295,3.456172180452551,391.6385647747982,0.1369270753169216,synthetic_uncalibrated_model
4088,15.2872354959029,0.585579254741168,5.722412629739519,471.45777560567933,0.004970091305521323,synthetic_uncalibrated_model
4089,35.98760439462206,2.1967741419368543,1.7427787096796459,441.62035821251084,0.09069129869936615,synthetic_uncalibrated_model
4090,85.96996743954342,5.125208241647645,3.021356200895042,483.86191083025676,0.17155039611171397,synthetic_uncalibrated_model
4091,30.041010607803404,0.5536816254506628,3.2294502385444916,460.8715497449948,0.0381161375206773,synthetic_uncalibrated_model
4092,49.67052287750921,4.854458737920106,1.223003450189461,282.2213530625777,0.1246673242019598,synthetic_uncalibrated_model
4093,75.16460967378006,3.3270671173454085,3.0087372171942763,491.41608582284283,0.14408741867546848,synthetic_uncalibrated_model
4094,34.858633511692545,4.187505743160693,5.246582400683703,435.9040721886445,0.11953709350970554,synthetic_uncalibrated_model
4095,18.94533690881527,1.8208391252117537,5.853278159014513,323.5012521735682,0.08444731809555622,synthetic_uncalibrated_model
