temperature_K,time_s,species,phase,mean_count,fraction_per_initial_motif
325.0,0.0,bridge_NH_F0,surface,300.0,0.3
325.0,0.0,bridge_NH_F1,surface,0.0,0.0
325.0,0.0,bridge_NH_F2,surface,0.0,0.0
325.0,0.0,bridge_NH_F3,surface,0.0,0.0
325.0,0.0,bridge_NH_residual,surface,0.0,0.0
325.0,0.0,bridge_NH_F0_HF,surface,0.0,0.0
325.0,0.0,bridge_NH_F1_HF,surface,0.0,0.0
325.0,0.0,bridge_NH_F2_HF,surface,0.0,0.0
325.0,0.0,bridge_NH_F3_HF,surface,0.0,0.0
325.0,0.0,terminal_NH2_F0,surface,150.0,0.15
325.0,0.0,terminal_NH2_F1,surface,0.0,0.0
325.0,0.0,terminal_NH2_F2,surface,0.0,0.0
325.0,0.0,terminal_NH2_F3,surface,0.0,0.0
325.0,0.0,terminal_NH2_residual,surface,0.0,0.0
325.0,0.0,terminal_NH2_F0_HF,surface,0.0,0.0
325.0,0.0,terminal_NH2_F1_HF,surface,0.0,0.0
325.0,0.0,terminal_NH2_F2_HF,surface,0.0,0.0
325.0,0.0,terminal_NH2_F3_HF,surface,0.0,0.0
325.0,0.0,Si_H_rich_F0,surface,100.0,0.1
325.0,0.0,Si_H_rich_F1,surface,0.0,0.0
325.0,0.0,Si_H_rich_F2,surface,0.0,0.0
325.0,0.0,Si_H_rich_F3,surface,0.0,0.0
325.0,0.0,Si_H_rich_residual,surface,0.0,0.0
325.0,0.0,Si_H_rich_F0_HF,surface,0.0,0.0
325.0,0.0,Si_H_rich_F1_HF,surface,0.0,0.0
325.0,0.0,Si_H_rich_F2_HF,surface,0.0,0.0
325.0,0.0,Si_H_rich_F3_HF,surface,0.0,0.0
325.0,0.0,bridge_N_F0,surface,150.0,0.15
325.0,0.0,bridge_N_F1,surface,0.0,0.0
325.0,0.0,bridge_N_F2,surface,0.0,0.0
325.0,0.0,bridge_N_F3,surface,0.0,0.0
325.0,0.0,bridge_N_residual,surface,0.0,0.0
325.0,0.0,bridge_N_F0_HF,surface,0.0,0.0
325.0,0.0,bridge_N_F1_HF,surface,0.0,0.0
325.0,0.0,bridge_N_F2_HF,surface,0.0,0.0
325.0,0.0,bridge_N_F3_HF,surface,0.0,0.0
325.0,0.0,pre_SiH2F,surface,100.0,0.1
325.0,0.0,pre_SiH2F_HF,surface,0.0,0.0
325.0,0.0,pre_SiH2F_residual,surface,0.0,0.0
325.0,0.0,pre_SiHF2,surface,100.0,0.1
325.0,0.0,pre_SiHF2_HF,surface,0.0,0.0
325.0,0.0,pre_SiHF2_residual,surface,0.0,0.0
325.0,0.0,Si_Si_F1,surface,100.0,0.1
325.0,0.0,Si_Si_F1_HF,surface,0.0,0.0
325.0,0.0,Si_Si_cleaved_F2_H,surface,0.0,0.0
325.0,0.0,HF,reservoir_net,0.0,0.0
325.0,0.0,H2,gas_product,0.0,0.0
325.0,0.0,NH3,gas_product,0.0,0.0
325.0,0.0,SiF4,gas_product,0.0,0.0
325.0,0.0,SiH2F2,gas_product,0.0,0.0
325.0,0.0,SiHF3,gas_product,0.0,0.0
325.0,0.05,bridge_NH_F0,surface,232.0,0.232
325.0,0.05,bridge_NH_F1,surface,65.25,0.06525
325.0,0.05,bridge_NH_F2,surface,0.015625,1.5625e-05
325.0,0.05,bridge_NH_F3,surface,0.0,0.0
325.0,0.05,bridge_NH_residual,surface,0.0,0.0
325.0,0.05,bridge_NH_F0_HF,surface,0.0,0.0
325.0,0.05,bridge_NH_F1_HF,surface,2.734375,0.002734375
325.0,0.05,bridge_NH_F2_HF,surface,0.0,0.0
325.0,0.05,bridge_NH_F3_HF,surface,0.0,0.0
325.0,0.05,terminal_NH2_F0,surface,116.546875,0.116546875
325.0,0.05,terminal_NH2_F1,surface,31.7578125,0.0317578125
325.0,0.05,terminal_NH2_F2,surface,0.65625,0.00065625
325.0,0.05,terminal_NH2_F3,surface,0.0,0.0
325.0,0.05,terminal_NH2_residual,surface,0.0,0.0
325.0,0.05,terminal_NH2_F0_HF,surface,0.0,0.0
325.0,0.05,terminal_NH2_F1_HF,surface,1.0390625,0.0010390625
325.0,0.05,terminal_NH2_F2_HF,surface,0.0,0.0
325.0,0.05,terminal_NH2_F3_HF,surface,0.0,0.0
325.0,0.05,Si_H_rich_F0,surface,95.171875,0.095171875
325.0,0.05,Si_H_rich_F1,surface,0.0,0.0
325.0,0.05,Si_H_rich_F2,surface,0.0,0.0
325.0,0.05,Si_H_rich_F3,surface,0.0,0.0
325.0,0.05,Si_H_rich_residual,surface,0.0,0.0
325.0,0.05,Si_H_rich_F0_HF,surface,4.828125,0.004828125
325.0,0.05,Si_H_rich_F1_HF,surface,0.0,0.0
325.0,0.05,Si_H_rich_F2_HF,surface,0.0,0.0
325.0,0.05,Si_H_rich_F3_HF,surface,0.0,0.0
325.0,0.05,bridge_N_F0,surface,141.4453125,0.1414453125
325.0,0.05,bridge_N_F1,surface,2.0234375,0.0020234375
325.0,0.05,bridge_N_F2,surface,0.0,0.0
325.0,0.05,bridge_N_F3,surface,0.0,0.0
325.0,0.05,bridge_N_residual,surface,0.0,0.0
325.0,0.05,bridge_N_F0_HF,surface,6.4765625,0.0064765625
325.0,0.05,bridge_N_F1_HF,surface,0.0546875,5.46875e-05
325.0,0.05,bridge_N_F2_HF,surface,0.0,0.0
325.0,0.05,bridge_N_F3_HF,surface,0.0,0.0
325.0,0.05,pre_SiH2F,surface,95.0859375,0.0950859375
325.0,0.05,pre_SiH2F_HF,surface,4.875,0.004875
325.0,0.05,pre_SiH2F_residual,surface,0.0390625,3.90625e-05
325.0,0.05,pre_SiHF2,surface,95.4296875,0.0954296875
325.0,0.05,pre_SiHF2_HF,surface,4.5703125,0.0045703125
325.0,0.05,pre_SiHF2_residual,surface,0.0,0.0
325.0,0.05,Si_Si_F1,surface,95.046875,0.095046875
325.0,0.05,Si_Si_F1_HF,surface,4.8359375,0.0048359375
325.0,0.05,Si_Si_cleaved_F2_H,surface,0.1171875,0.0001171875
325.0,0.05,HF,reservoir_net,-133.7734375,-0.1337734375
325.0,0.05,H2,gas_product,0.0,0.0
325.0,0.05,NH3,gas_product,34.109375,0.034109375
325.0,0.05,SiF4,gas_product,0.0,0.0
325.0,0.05,SiH2F2,gas_product,0.0390625,3.90625e-05
325.0,0.05,SiHF3,gas_product,0.0,0.0
325.0,0.1,bridge_NH_F0,surface,180.4140625,0.1804140625
325.0,0.1,bridge_NH_F1,surface,113.96875,0.11396875
325.0,0.1,bridge_NH_F2,surface,0.0625,6.25e-05
325.0,0.1,bridge_NH_F3,surface,0.0,0.0
325.0,0.1,bridge_NH_residual,surface,0.0,0.0
325.0,0.1,bridge_NH_F0_HF,surface,0.0,0.0
325.0,0.1,bridge_NH_F1_HF,surface,5.546875,0.005546875
325.0,0.1,bridge_NH_F2_HF,surface,0.0078125,7.8125e-06
325.0,0.1,bridge_NH_F3_HF,surface,0.0,0.0
325.0,0.1,terminal_NH2_F0,surface,90.4765625,0.0904765625
325.0,0.1,terminal_NH2_F1,surface,54.40625,0.05440625
325.0,0.1,terminal_NH2_F2,surface,2.9921875,0.0029921875
325.0,0.1,terminal_NH2_F3,surface,0.0,0.0
325.0,0.1,terminal_NH2_residual,surface,0.0,0.0
325.0,0.1,terminal_NH2_F0_HF,surface,0.0,0.0
325.0,0.1,terminal_NH2_F1_HF,surface,2.03125,0.00203125
325.0,0.1,terminal_NH2_F2_HF,surface,0.09375,9.375e-05
325.0,0.1,terminal_NH2_F3_HF,surface,0.0,0.0
325.0,0.1,Si_H_rich_F0,surface,95.484375,0.095484375
325.0,0.1,Si_H_rich_F1,surface,0.0,0.0
325.0,0.1,Si_H_rich_F2,surface,0.0,0.0
325.0,0.1,Si_H_rich_F3,surface,0.0,0.0
325.0,0.1,Si_H_rich_residual,surface,0.0,0.0
325.0,0.1,Si_H_rich_F0_HF,surface,4.515625,0.004515625
325.0,0.1,Si_H_rich_F1_HF,surface,0.0,0.0
325.0,0.1,Si_H_rich_F2_HF,surface,0.0,0.0
325.0,0.1,Si_H_rich_F3_HF,surface,0.0,0.0
325.0,0.1,bridge_N_F0,surface,138.78125,0.13878125
325.0,0.1,bridge_N_F1,surface,4.25,0.00425
325.0,0.1,bridge_N_F2,surface,0.015625,1.5625e-05
325.0,0.1,bridge_N_F3,surface,0.0,0.0
325.0,0.1,bridge_N_residual,surface,0.0,0.0
325.0,0.1,bridge_N_F0_HF,surface,6.8203125,0.0068203125
325.0,0.1,bridge_N_F1_HF,surface,0.125,0.000125
325.0,0.1,bridge_N_F2_HF,surface,0.0078125,7.8125e-06
325.0,0.1,bridge_N_F3_HF,surface,0.0,0.0
325.0,0.1,pre_SiH2F,surface,95.3125,0.0953125
325.0,0.1,pre_SiH2F_HF,surface,4.609375,0.004609375
325.0,0.1,pre_SiH2F_residual,surface,0.078125,7.8125e-05
325.0,0.1,pre_SiHF2,surface,95.2578125,0.0952578125
325.0,0.1,pre_SiHF2_HF,surface,4.7421875,0.0047421875
325.0,0.1,pre_SiHF2_residual,surface,0.0,0.0
325.0,0.1,Si_Si_F1,surface,94.984375,0.094984375
325.0,0.1,Si_Si_F1_HF,surface,4.8125,0.0048125
325.0,0.1,Si_Si_cleaved_F2_H,surface,0.203125,0.000203125
325.0,0.1,HF,reservoir_net,-220.28125,-0.22028125
325.0,0.1,H2,gas_product,0.0,0.0
325.0,0.1,NH3,gas_product,62.609375,0.062609375
325.0,0.1,SiF4,gas_product,0.0,0.0
325.0,0.1,SiH2F2,gas_product,0.078125,7.8125e-05
325.0,0.1,SiHF3,gas_product,0.0,0.0
325.0,0.15000000000000002,bridge_NH_F0,surface,139.7890625,0.1397890625
325.0,0.15000000000000002,bridge_NH_F1,surface,152.8671875,0.1528671875
325.0,0.15000000000000002,bridge_NH_F2,surface,0.1953125,0.0001953125
325.0,0.15000000000000002,bridge_NH_F3,surface,0.0,0.0
325.0,0.15000000000000002,bridge_NH_residual,surface,0.0,0.0
325.0,0.15000000000000002,bridge_NH_F0_HF,surface,0.0,0.0
325.0,0.15000000000000002,bridge_NH_F1_HF,surface,7.140625,0.007140625
325.0,0.15000000000000002,bridge_NH_F2_HF,surface,0.0078125,7.8125e-06
325.0,0.15000000000000002,bridge_NH_F3_HF,surface,0.0,0.0
325.0,0.15000000000000002,terminal_NH2_F0,surface,70.3828125,0.0703828125
325.0,0.15000000000000002,terminal_NH2_F1,surface,70.328125,0.070328125
325.0,0.15000000000000002,terminal_NH2_F2,surface,6.265625,0.006265625
325.0,0.15000000000000002,terminal_NH2_F3,surface,0.0,0.0
325.0,0.15000000000000002,terminal_NH2_residual,surface,0.0,0.0
325.0,0.15000000000000002,terminal_NH2_F0_HF,surface,0.0,0.0
325.0,0.15000000000000002,terminal_NH2_F1_HF,surface,2.6875,0.0026875
325.0,0.15000000000000002,terminal_NH2_F2_HF,surface,0.3359375,0.0003359375
325.0,0.15000000000000002,terminal_NH2_F3_HF,surface,0.0,0.0
325.0,0.15000000000000002,Si_H_rich_F0,surface,95.421875,0.095421875
325.0,0.15000000000000002,Si_H_rich_F1,surface,0.0,0.0
325.0,0.15000000000000002,Si_H_rich_F2,surface,0.0,0.0
325.0,0.15000000000000002,Si_H_rich_F3,surface,0.0,0.0
325.0,0.15000000000000002,Si_H_rich_residual,surface,0.0,0.0
325.0,0.15000000000000002,Si_H_rich_F0_HF,surface,4.578125,0.004578125
325.0,0.15000000000000002,Si_H_rich_F1_HF,surface,0.0,0.0
325.0,0.15000000000000002,Si_H_rich_F2_HF,surface,0.0,0.0
325.0,0.15000000000000002,Si_H_rich_F3_HF,surface,0.0,0.0
325.0,0.15000000000000002,bridge_N_F0,surface,137.2109375,0.1372109375
325.0,0.15000000000000002,bridge_N_F1,surface,6.3828125,0.0063828125
325.0,0.15000000000000002,bridge_N_F2,surface,0.046875,4.6875e-05
325.0,0.15000000000000002,bridge_N_F3,surface,0.0,0.0
325.0,0.15000000000000002,bridge_N_residual,surface,0.0,0.0
325.0,0.15000000000000002,bridge_N_F0_HF,surface,6.078125,0.006078125
325.0,0.15000000000000002,bridge_N_F1_HF,surface,0.265625,0.000265625
325.0,0.15000000000000002,bridge_N_F2_HF,surface,0.015625,1.5625e-05
325.0,0.15000000000000002,bridge_N_F3_HF,surface,0.0,0.0
325.0,0.15000000000000002,pre_SiH2F,surface,94.8203125,0.0948203125
325.0,0.15000000000000002,pre_SiH2F_HF,surface,5.0390625,0.0050390625
325.0,0.15000000000000002,pre_SiH2F_residual,surface,0.140625,0.000140625
325.0,0.15000000000000002,pre_SiHF2,surface,95.71875,0.09571875
325.0,0.15000000000000002,pre_SiHF2_HF,surface,4.28125,0.00428125
325.0,0.15000000000000002,pre_SiHF2_residual,surface,0.0,0.0
325.0,0.15000000000000002,Si_Si_F1,surface,94.6640625,0.0946640625
325.0,0.15000000000000002,Si_Si_F1_HF,surface,4.9765625,0.0049765625
325.0,0.15000000000000002,Si_Si_cleaved_F2_H,surface,0.359375,0.000359375
325.0,0.15000000000000002,HF,reservoir_net,-289.3125,-0.2893125
325.0,0.15000000000000002,H2,gas_product,0.0,0.0
325.0,0.15000000000000002,NH3,gas_product,86.21875,0.08621875
325.0,0.15000000000000002,SiF4,gas_product,0.0,0.0
325.0,0.15000000000000002,SiH2F2,gas_product,0.140625,0.000140625
325.0,0.15000000000000002,SiHF3,gas_product,0.0,0.0
325.0,0.2,bridge_NH_F0,surface,108.5390625,0.1085390625
325.0,0.2,bridge_NH_F1,surface,182.65625,0.18265625
325.0,0.2,bridge_NH_F2,surface,0.4453125,0.0004453125
325.0,0.2,bridge_NH_F3,surface,0.0,0.0
325.0,0.2,bridge_NH_residual,surface,0.0,0.0
325.0,0.2,bridge_NH_F0_HF,surface,0.0,0.0
325.0,0.2,bridge_NH_F1_HF,surface,8.3515625,0.0083515625
325.0,0.2,bridge_NH_F2_HF,surface,0.0078125,7.8125e-06
325.0,0.2,bridge_NH_F3_HF,surface,0.0,0.0
325.0,0.2,terminal_NH2_F0,surface,54.5546875,0.0545546875
325.0,0.2,terminal_NH2_F1,surface,81.796875,0.081796875
325.0,0.2,terminal_NH2_F2,surface,10.1640625,0.0101640625
325.0,0.2,terminal_NH2_F3,surface,0.0,0.0
325.0,0.2,terminal_NH2_residual,surface,0.0,0.0
325.0,0.2,terminal_NH2_F0_HF,surface,0.0,0.0
325.0,0.2,terminal_NH2_F1_HF,surface,3.03125,0.00303125
325.0,0.2,terminal_NH2_F2_HF,surface,0.453125,0.000453125
325.0,0.2,terminal_NH2_F3_HF,surface,0.0,0.0
325.0,0.2,Si_H_rich_F0,surface,95.203125,0.095203125
325.0,0.2,Si_H_rich_F1,surface,0.0,0.0
325.0,0.2,Si_H_rich_F2,surface,0.0,0.0
325.0,0.2,Si_H_rich_F3,surface,0.0,0.0
325.0,0.2,Si_H_rich_residual,surface,0.0,0.0
325.0,0.2,Si_H_rich_F0_HF,surface,4.796875,0.004796875
325.0,0.2,Si_H_rich_F1_HF,surface,0.0,0.0
325.0,0.2,Si_H_rich_F2_HF,surface,0.0,0.0
325.0,0.2,Si_H_rich_F3_HF,surface,0.0,0.0
325.0,0.2,bridge_N_F0,surface,135.0859375,0.1350859375
325.0,0.2,bridge_N_F1,surface,8.265625,0.008265625
325.0,0.2,bridge_N_F2,surface,0.078125,7.8125e-05
325.0,0.2,bridge_N_F3,surface,0.0,0.0
325.0,0.2,bridge_N_residual,surface,0.0,0.0
325.0,0.2,bridge_N_F0_HF,surface,6.1953125,0.0061953125
325.0,0.2,bridge_N_F1_HF,surface,0.375,0.000375
325.0,0.2,bridge_N_F2_HF,surface,0.0,0.0
325.0,0.2,bridge_N_F3_HF,surface,0.0,0.0
325.0,0.2,pre_SiH2F,surface,95.3125,0.0953125
325.0,0.2,pre_SiH2F_HF,surface,4.46875,0.00446875
325.0,0.2,pre_SiH2F_residual,surface,0.21875,0.00021875
325.0,0.2,pre_SiHF2,surface,95.3046875,0.0953046875
325.0,0.2,pre_SiHF2_HF,surface,4.6953125,0.0046953125
325.0,0.2,pre_SiHF2_residual,surface,0.0,0.0
325.0,0.2,Si_Si_F1,surface,94.8125,0.0948125
325.0,0.2,Si_Si_F1_HF,surface,4.6484375,0.0046484375
325.0,0.2,Si_Si_cleaved_F2_H,surface,0.5390625,0.0005390625
325.0,0.2,HF,reservoir_net,-344.5546875,-0.3445546875
325.0,0.2,H2,gas_product,0.0,0.0
325.0,0.2,NH3,gas_product,106.0625,0.1060625
325.0,0.2,SiF4,gas_product,0.0,0.0
325.0,0.2,SiH2F2,gas_product,0.21875,0.00021875
325.0,0.2,SiHF3,gas_product,0.0,0.0
325.0,0.25,bridge_NH_F0,surface,84.9765625,0.0849765625
325.0,0.25,bridge_NH_F1,surface,203.7890625,0.2037890625
325.0,0.25,bridge_NH_F2,surface,0.65625,0.00065625
325.0,0.25,bridge_NH_F3,surface,0.0,0.0
325.0,0.25,bridge_NH_residual,surface,0.0078125,7.8125e-06
325.0,0.25,bridge_NH_F0_HF,surface,0.0,0.0
325.0,0.25,bridge_NH_F1_HF,surface,10.53125,0.01053125
325.0,0.25,bridge_NH_F2_HF,surface,0.0390625,3.90625e-05
325.0,0.25,bridge_NH_F3_HF,surface,0.0,0.0
325.0,0.25,terminal_NH2_F0,surface,42.3984375,0.0423984375
325.0,0.25,terminal_NH2_F1,surface,88.7421875,0.0887421875
325.0,0.25,terminal_NH2_F2,surface,14.703125,0.014703125
325.0,0.25,terminal_NH2_F3,surface,0.0,0.0
325.0,0.25,terminal_NH2_residual,surface,0.0,0.0
325.0,0.25,terminal_NH2_F0_HF,surface,0.0,0.0
325.0,0.25,terminal_NH2_F1_HF,surface,3.5078125,0.0035078125
325.0,0.25,terminal_NH2_F2_HF,surface,0.6484375,0.0006484375
325.0,0.25,terminal_NH2_F3_HF,surface,0.0,0.0
325.0,0.25,Si_H_rich_F0,surface,95.109375,0.095109375
325.0,0.25,Si_H_rich_F1,surface,0.0,0.0
325.0,0.25,Si_H_rich_F2,surface,0.0,0.0
325.0,0.25,Si_H_rich_F3,surface,0.0,0.0
325.0,0.25,Si_H_rich_residual,surface,0.0,0.0
325.0,0.25,Si_H_rich_F0_HF,surface,4.890625,0.004890625
325.0,0.25,Si_H_rich_F1_HF,surface,0.0,0.0
325.0,0.25,Si_H_rich_F2_HF,surface,0.0,0.0
325.0,0.25,Si_H_rich_F3_HF,surface,0.0,0.0
325.0,0.25,bridge_N_F0,surface,132.953125,0.132953125
325.0,0.25,bridge_N_F1,surface,10.3515625,0.0103515625
325.0,0.25,bridge_N_F2,surface,0.1015625,0.0001015625
325.0,0.25,bridge_N_F3,surface,0.0,0.0
325.0,0.25,bridge_N_residual,surface,0.0,0.0
325.0,0.25,bridge_N_F0_HF,surface,6.15625,0.00615625
325.0,0.25,bridge_N_F1_HF,surface,0.421875,0.000421875
325.0,0.25,bridge_N_F2_HF,surface,0.015625,1.5625e-05
325.0,0.25,bridge_N_F3_HF,surface,0.0,0.0
325.0,0.25,pre_SiH2F,surface,94.8125,0.0948125
325.0,0.25,pre_SiH2F_HF,surface,4.8828125,0.0048828125
325.0,0.25,pre_SiH2F_residual,surface,0.3046875,0.0003046875
325.0,0.25,pre_SiHF2,surface,95.328125,0.095328125
325.0,0.25,pre_SiHF2_HF,surface,4.671875,0.004671875
325.0,0.25,pre_SiHF2_residual,surface,0.0,0.0
325.0,0.25,Si_Si_F1,surface,94.40625,0.09440625
325.0,0.25,Si_Si_F1_HF,surface,4.8828125,0.0048828125
325.0,0.25,Si_Si_cleaved_F2_H,surface,0.7109375,0.0007109375
325.0,0.25,HF,reservoir_net,-391.3671875,-0.3913671875
325.0,0.25,H2,gas_product,0.0,0.0
325.0,0.25,NH3,gas_product,122.953125,0.122953125
325.0,0.25,SiF4,gas_product,0.0078125,7.8125e-06
325.0,0.25,SiH2F2,gas_product,0.3046875,0.0003046875
325.0,0.25,SiHF3,gas_product,0.0,0.0
325.0,0.30000000000000004,bridge_NH_F0,surface,66.59375,0.06659375
325.0,0.30000000000000004,bridge_NH_F1,surface,221.03125,0.22103125
325.0,0.30000000000000004,bridge_NH_F2,surface,1.0390625,0.0010390625
325.0,0.30000000000000004,bridge_NH_F3,surface,0.0,0.0
325.0,0.30000000000000004,bridge_NH_residual,surface,0.0078125,7.8125e-06
325.0,0.30000000000000004,bridge_NH_F0_HF,surface,0.0,0.0
325.0,0.30000000000000004,bridge_NH_F1_HF,surface,11.3203125,0.0113203125
325.0,0.30000000000000004,bridge_NH_F2_HF,surface,0.0078125,7.8125e-06
325.0,0.30000000000000004,bridge_NH_F3_HF,surface,0.0,0.0
325.0,0.30000000000000004,terminal_NH2_F0,surface,32.890625,0.032890625
325.0,0.30000000000000004,terminal_NH2_F1,surface,93.390625,0.093390625
325.0,0.30000000000000004,terminal_NH2_F2,surface,19.1796875,0.0191796875
325.0,0.30000000000000004,terminal_NH2_F3,surface,0.0,0.0
325.0,0.30000000000000004,terminal_NH2_residual,surface,0.0,0.0
325.0,0.30000000000000004,terminal_NH2_F0_HF,surface,0.0,0.0
325.0,0.30000000000000004,terminal_NH2_F1_HF,surface,3.53125,0.00353125
325.0,0.30000000000000004,terminal_NH2_F2_HF,surface,1.0078125,0.0010078125
325.0,0.30000000000000004,terminal_NH2_F3_HF,surface,0.0,0.0
325.0,0.30000000000000004,Si_H_rich_F0,surface,95.1328125,0.0951328125
325.0,0.30000000000000004,Si_H_rich_F1,surface,0.0,0.0
325.0,0.30000000000000004,Si_H_rich_F2,surface,0.0,0.0
325.0,0.30000000000000004,Si_H_rich_F3,surface,0.0,0.0
325.0,0.30000000000000004,Si_H_rich_residual,surface,0.0,0.0
325.0,0.30000000000000004,Si_H_rich_F0_HF,surface,4.8671875,0.0048671875
325.0,0.30000000000000004,Si_H_rich_F1_HF,surface,0.0,0.0
325.0,0.30000000000000004,Si_H_rich_F2_HF,surface,0.0,0.0
325.0,0.30000000000000004,Si_H_rich_F3_HF,surface,0.0,0.0
325.0,0.30000000000000004,bridge_N_F0,surface,131.296875,0.131296875
325.0,0.30000000000000004,bridge_N_F1,surface,12.28125,0.01228125
325.0,0.30000000000000004,bridge_N_F2,surface,0.1875,0.0001875
325.0,0.30000000000000004,bridge_N_F3,surface,0.0,0.0
325.0,0.30000000000000004,bridge_N_residual,surface,0.0,0.0
325.0,0.30000000000000004,bridge_N_F0_HF,surface,5.7421875,0.0057421875
325.0,0.30000000000000004,bridge_N_F1_HF,surface,0.4921875,0.0004921875
325.0,0.30000000000000004,bridge_N_F2_HF,surface,0.0,0.0
325.0,0.30000000000000004,bridge_N_F3_HF,surface,0.0,0.0
325.0,0.30000000000000004,pre_SiH2F,surface,94.9765625,0.0949765625
325.0,0.30000000000000004,pre_SiH2F_HF,surface,4.640625,0.004640625
325.0,0.30000000000000004,pre_SiH2F_residual,surface,0.3828125,0.0003828125
325.0,0.30000000000000004,pre_SiHF2,surface,95.359375,0.095359375
325.0,0.30000000000000004,pre_SiHF2_HF,surface,4.640625,0.004640625
325.0,0.30000000000000004,pre_SiHF2_residual,surface,0.0,0.0
325.0,0.30000000000000004,Si_Si_F1,surface,94.5625,0.0945625
325.0,0.30000000000000004,Si_Si_F1_HF,surface,4.5703125,0.0045703125
325.0,0.30000000000000004,Si_Si_cleaved_F2_H,surface,0.8671875,0.0008671875
325.0,0.30000000000000004,HF,reservoir_net,-426.9921875,-0.4269921875
325.0,0.30000000000000004,H2,gas_product,0.0,0.0
325.0,0.30000000000000004,NH3,gas_product,137.296875,0.137296875
325.0,0.30000000000000004,SiF4,gas_product,0.0078125,7.8125e-06
325.0,0.30000000000000004,SiH2F2,gas_product,0.3828125,0.0003828125
325.0,0.30000000000000004,SiHF3,gas_product,0.0,0.0
325.0,0.35000000000000003,bridge_NH_F0,surface,51.3203125,0.0513203125
325.0,0.35000000000000003,bridge_NH_F1,surface,235.0546875,0.2350546875
325.0,0.35000000000000003,bridge_NH_F2,surface,1.3671875,0.0013671875
325.0,0.35000000000000003,bridge_NH_F3,surface,0.0078125,7.8125e-06
325.0,0.35000000000000003,bridge_NH_residual,surface,0.0078125,7.8125e-06
325.0,0.35000000000000003,bridge_NH_F0_HF,surface,0.0,0.0
325.0,0.35000000000000003,bridge_NH_F1_HF,surface,12.1875,0.0121875
325.0,0.35000000000000003,bridge_NH_F2_HF,surface,0.0546875,5.46875e-05
325.0,0.35000000000000003,bridge_NH_F3_HF,surface,0.0,0.0
325.0,0.35000000000000003,terminal_NH2_F0,surface,25.1640625,0.0251640625
325.0,0.35000000000000003,terminal_NH2_F1,surface,95.8046875,0.0958046875
325.0,0.35000000000000003,terminal_NH2_F2,surface,24.3671875,0.0243671875
325.0,0.35000000000000003,terminal_NH2_F3,surface,0.0,0.0
325.0,0.35000000000000003,terminal_NH2_residual,surface,0.0,0.0
325.0,0.35000000000000003,terminal_NH2_F0_HF,surface,0.0,0.0
325.0,0.35000000000000003,terminal_NH2_F1_HF,surface,3.6796875,0.0036796875
325.0,0.35000000000000003,terminal_NH2_F2_HF,surface,0.984375,0.000984375
325.0,0.35000000000000003,terminal_NH2_F3_HF,surface,0.0,0.0
325.0,0.35000000000000003,Si_H_rich_F0,surface,95.3828125,0.0953828125
325.0,0.35000000000000003,Si_H_rich_F1,surface,0.0,0.0
325.0,0.35000000000000003,Si_H_rich_F2,surface,0.0,0.0
325.0,0.35000000000000003,Si_H_rich_F3,surface,0.0,0.0
325.0,0.35000000000000003,Si_H_rich_residual,surface,0.0,0.0
325.0,0.35000000000000003,Si_H_rich_F0_HF,surface,4.6171875,0.0046171875
325.0,0.35000000000000003,Si_H_rich_F1_HF,surface,0.0,0.0
325.0,0.35000000000000003,Si_H_rich_F2_HF,surface,0.0,0.0
325.0,0.35000000000000003,Si_H_rich_F3_HF,surface,0.0,0.0
325.0,0.35000000000000003,bridge_N_F0,surface,128.8515625,0.1288515625
325.0,0.35000000000000003,bridge_N_F1,surface,14.1171875,0.0141171875
325.0,0.35000000000000003,bridge_N_F2,surface,0.234375,0.000234375
325.0,0.35000000000000003,bridge_N_F3,surface,0.0,0.0
325.0,0.35000000000000003,bridge_N_residual,surface,0.0,0.0
325.0,0.35000000000000003,bridge_N_F0_HF,surface,6.1328125,0.0061328125
325.0,0.35000000000000003,bridge_N_F1_HF,surface,0.65625,0.00065625
325.0,0.35000000000000003,bridge_N_F2_HF,surface,0.0078125,7.8125e-06
325.0,0.35000000000000003,bridge_N_F3_HF,surface,0.0,0.0
325.0,0.35000000000000003,pre_SiH2F,surface,94.9453125,0.0949453125
325.0,0.35000000000000003,pre_SiH2F_HF,surface,4.625,0.004625
325.0,0.35000000000000003,pre_SiH2F_residual,surface,0.4296875,0.0004296875
325.0,0.35000000000000003,pre_SiHF2,surface,95.0078125,0.0950078125
325.0,0.35000000000000003,pre_SiHF2_HF,surface,4.9921875,0.0049921875
325.0,0.35000000000000003,pre_SiHF2_residual,surface,0.0,0.0
325.0,0.35000000000000003,Si_Si_F1,surface,94.5234375,0.0945234375
325.0,0.35000000000000003,Si_Si_F1_HF,surface,4.4765625,0.0044765625
325.0,0.35000000000000003,Si_Si_cleaved_F2_H,surface,1.0,0.001
325.0,0.35000000000000003,HF,reservoir_net,-459.4296875,-0.4594296875
325.0,0.35000000000000003,H2,gas_product,0.0,0.0
325.0,0.35000000000000003,NH3,gas_product,150.1875,0.1501875
325.0,0.35000000000000003,SiF4,gas_product,0.0078125,7.8125e-06
325.0,0.35000000000000003,SiH2F2,gas_product,0.4296875,0.0004296875
325.0,0.35000000000000003,SiHF3,gas_product,0.0,0.0
325.0,0.4,bridge_NH_F0,surface,40.046875,0.040046875
325.0,0.4,bridge_NH_F1,surface,246.3828125,0.2463828125
325.0,0.4,bridge_NH_F2,surface,1.671875,0.001671875
325.0,0.4,bridge_NH_F3,surface,0.0234375,2.34375e-05
325.0,0.4,bridge_NH_residual,surface,0.015625,1.5625e-05
325.0,0.4,bridge_NH_F0_HF,surface,0.0,0.0
325.0,0.4,bridge_NH_F1_HF,surface,11.7890625,0.0117890625
325.0,0.4,bridge_NH_F2_HF,surface,0.0703125,7.03125e-05
325.0,0.4,bridge_NH_F3_HF,surface,0.0,0.0
325.0,0.4,terminal_NH2_F0,surface,19.6328125,0.0196328125
325.0,0.4,terminal_NH2_F1,surface,96.203125,0.096203125
325.0,0.4,terminal_NH2_F2,surface,29.3203125,0.0293203125
325.0,0.4,terminal_NH2_F3,surface,0.0,0.0
325.0,0.4,terminal_NH2_residual,surface,0.0,0.0
325.0,0.4,terminal_NH2_F0_HF,surface,0.0,0.0
325.0,0.4,terminal_NH2_F1_HF,surface,3.6015625,0.0036015625
325.0,0.4,terminal_NH2_F2_HF,surface,1.2421875,0.0012421875
325.0,0.4,terminal_NH2_F3_HF,surface,0.0,0.0
325.0,0.4,Si_H_rich_F0,surface,95.4609375,0.0954609375
325.0,0.4,Si_H_rich_F1,surface,0.0,0.0
325.0,0.4,Si_H_rich_F2,surface,0.0,0.0
325.0,0.4,Si_H_rich_F3,surface,0.0,0.0
325.0,0.4,Si_H_rich_residual,surface,0.0,0.0
325.0,0.4,Si_H_rich_F0_HF,surface,4.5390625,0.0045390625
325.0,0.4,Si_H_rich_F1_HF,surface,0.0,0.0
325.0,0.4,Si_H_rich_F2_HF,surface,0.0,0.0
325.0,0.4,Si_H_rich_F3_HF,surface,0.0,0.0
325.0,0.4,bridge_N_F0,surface,126.734375,0.126734375
325.0,0.4,bridge_N_F1,surface,15.9609375,0.0159609375
325.0,0.4,bridge_N_F2,surface,0.2890625,0.0002890625
325.0,0.4,bridge_N_F3,surface,0.0,0.0
325.0,0.4,bridge_N_residual,surface,0.0,0.0
325.0,0.4,bridge_N_F0_HF,surface,6.2265625,0.0062265625
325.0,0.4,bridge_N_F1_HF,surface,0.75,0.00075
325.0,0.4,bridge_N_F2_HF,surface,0.0390625,3.90625e-05
325.0,0.4,bridge_N_F3_HF,surface,0.0,0.0
325.0,0.4,pre_SiH2F,surface,94.8515625,0.0948515625
325.0,0.4,pre_SiH2F_HF,surface,4.71875,0.00471875
325.0,0.4,pre_SiH2F_residual,surface,0.4296875,0.0004296875
325.0,0.4,pre_SiHF2,surface,95.1875,0.0951875
325.0,0.4,pre_SiHF2_HF,surface,4.8125,0.0048125
325.0,0.4,pre_SiHF2_residual,surface,0.0,0.0
325.0,0.4,Si_Si_F1,surface,94.171875,0.094171875
325.0,0.4,Si_Si_F1_HF,surface,4.6640625,0.0046640625
325.0,0.4,Si_Si_cleaved_F2_H,surface,1.1640625,0.0011640625
325.0,0.4,HF,reservoir_net,-484.1328125,-0.4841328125
325.0,0.4,H2,gas_product,0.0,0.0
325.0,0.4,NH3,gas_product,160.9296875,0.1609296875
325.0,0.4,SiF4,gas_product,0.015625,1.5625e-05
325.0,0.4,SiH2F2,gas_product,0.4296875,0.0004296875
325.0,0.4,SiHF3,gas_product,0.0,0.0
325.0,0.45,bridge_NH_F0,surface,31.0,0.031
325.0,0.45,bridge_NH_F1,surface,254.5546875,0.2545546875
325.0,0.45,bridge_NH_F2,surface,1.953125,0.001953125
325.0,0.45,bridge_NH_F3,surface,0.03125,3.125e-05
325.0,0.45,bridge_NH_residual,surface,0.0234375,2.34375e-05
325.0,0.45,bridge_NH_F0_HF,surface,0.0,0.0
325.0,0.45,bridge_NH_F1_HF,surface,12.3359375,0.0123359375
325.0,0.45,bridge_NH_F2_HF,surface,0.1015625,0.0001015625
325.0,0.45,bridge_NH_F3_HF,surface,0.0,0.0
325.0,0.45,terminal_NH2_F0,surface,15.3515625,0.0153515625
325.0,0.45,terminal_NH2_F1,surface,94.984375,0.094984375
325.0,0.45,terminal_NH2_F2,surface,34.3203125,0.0343203125
325.0,0.45,terminal_NH2_F3,surface,0.0,0.0
325.0,0.45,terminal_NH2_residual,surface,0.0,0.0
325.0,0.45,terminal_NH2_F0_HF,surface,0.0,0.0
325.0,0.45,terminal_NH2_F1_HF,surface,3.875,0.003875
325.0,0.45,terminal_NH2_F2_HF,surface,1.46875,0.00146875
325.0,0.45,terminal_NH2_F3_HF,surface,0.0,0.0
325.0,0.45,Si_H_rich_F0,surface,95.0703125,0.0950703125
325.0,0.45,Si_H_rich_F1,surface,0.0,0.0
325.0,0.45,Si_H_rich_F2,surface,0.0,0.0
325.0,0.45,Si_H_rich_F3,surface,0.0,0.0
325.0,0.45,Si_H_rich_residual,surface,0.0,0.0
325.0,0.45,Si_H_rich_F0_HF,surface,4.9296875,0.0049296875
325.0,0.45,Si_H_rich_F1_HF,surface,0.0,0.0
325.0,0.45,Si_H_rich_F2_HF,surface,0.0,0.0
325.0,0.45,Si_H_rich_F3_HF,surface,0.0,0.0
325.0,0.45,bridge_N_F0,surface,125.015625,0.125015625
325.0,0.45,bridge_N_F1,surface,17.796875,0.017796875
325.0,0.45,bridge_N_F2,surface,0.3828125,0.0003828125
325.0,0.45,bridge_N_F3,surface,0.0,0.0
325.0,0.45,bridge_N_residual,surface,0.0,0.0
325.0,0.45,bridge_N_F0_HF,surface,5.90625,0.00590625
325.0,0.45,bridge_N_F1_HF,surface,0.890625,0.000890625
325.0,0.45,bridge_N_F2_HF,surface,0.0078125,7.8125e-06
325.0,0.45,bridge_N_F3_HF,surface,0.0,0.0
325.0,0.45,pre_SiH2F,surface,94.4921875,0.0944921875
325.0,0.45,pre_SiH2F_HF,surface,5.0390625,0.0050390625
325.0,0.45,pre_SiH2F_residual,surface,0.46875,0.00046875
325.0,0.45,pre_SiHF2,surface,94.9921875,0.0949921875
325.0,0.45,pre_SiHF2_HF,surface,5.0078125,0.0050078125
325.0,0.45,pre_SiHF2_residual,surface,0.0,0.0
325.0,0.45,Si_Si_F1,surface,93.9765625,0.0939765625
325.0,0.45,Si_Si_F1_HF,surface,4.703125,0.004703125
325.0,0.45,Si_Si_cleaved_F2_H,surface,1.3203125,0.0013203125
325.0,0.45,HF,reservoir_net,-507.1484375,-0.5071484375
325.0,0.45,H2,gas_product,0.0,0.0
325.0,0.45,NH3,gas_product,170.4375,0.1704375
325.0,0.45,SiF4,gas_product,0.0234375,2.34375e-05
325.0,0.45,SiH2F2,gas_product,0.46875,0.00046875
325.0,0.45,SiHF3,gas_product,0.0,0.0
325.0,0.5,bridge_NH_F0,surface,23.9453125,0.0239453125
325.0,0.5,bridge_NH_F1,surface,261.046875,0.261046875
325.0,0.5,bridge_NH_F2,surface,2.296875,0.002296875
325.0,0.5,bridge_NH_F3,surface,0.0234375,2.34375e-05
325.0,0.5,bridge_NH_residual,surface,0.0390625,3.90625e-05
325.0,0.5,bridge_NH_F0_HF,surface,0.0,0.0
325.0,0.5,bridge_NH_F1_HF,surface,12.53125,0.01253125
325.0,0.5,bridge_NH_F2_HF,surface,0.1171875,0.0001171875
325.0,0.5,bridge_NH_F3_HF,surface,0.0,0.0
325.0,0.5,terminal_NH2_F0,surface,12.0,0.012
325.0,0.5,terminal_NH2_F1,surface,93.7578125,0.0937578125
325.0,0.5,terminal_NH2_F2,surface,39.0078125,0.0390078125
325.0,0.5,terminal_NH2_F3,surface,0.0,0.0
325.0,0.5,terminal_NH2_residual,surface,0.0,0.0
325.0,0.5,terminal_NH2_F0_HF,surface,0.0,0.0
325.0,0.5,terminal_NH2_F1_HF,surface,3.3828125,0.0033828125
325.0,0.5,terminal_NH2_F2_HF,surface,1.8515625,0.0018515625
325.0,0.5,terminal_NH2_F3_HF,surface,0.0,0.0
325.0,0.5,Si_H_rich_F0,surface,95.46875,0.09546875
325.0,0.5,Si_H_rich_F1,surface,0.0,0.0
325.0,0.5,Si_H_rich_F2,surface,0.0,0.0
325.0,0.5,Si_H_rich_F3,surface,0.0,0.0
325.0,0.5,Si_H_rich_residual,surface,0.0,0.0
325.0,0.5,Si_H_rich_F0_HF,surface,4.53125,0.00453125
325.0,0.5,Si_H_rich_F1_HF,surface,0.0,0.0
325.0,0.5,Si_H_rich_F2_HF,surface,0.0,0.0
325.0,0.5,Si_H_rich_F3_HF,surface,0.0,0.0
325.0,0.5,bridge_N_F0,surface,123.015625,0.123015625
325.0,0.5,bridge_N_F1,surface,19.6484375,0.0196484375
325.0,0.5,bridge_N_F2,surface,0.4765625,0.0004765625
325.0,0.5,bridge_N_F3,surface,0.0,0.0
325.0,0.5,bridge_N_residual,surface,0.0,0.0
325.0,0.5,bridge_N_F0_HF,surface,5.71875,0.00571875
325.0,0.5,bridge_N_F1_HF,surface,1.125,0.001125
325.0,0.5,bridge_N_F2_HF,surface,0.015625,1.5625e-05
325.0,0.5,bridge_N_F3_HF,surface,0.0,0.0
325.0,0.5,pre_SiH2F,surface,95.0078125,0.0950078125
325.0,0.5,pre_SiH2F_HF,surface,4.4296875,0.0044296875
325.0,0.5,pre_SiH2F_residual,surface,0.5625,0.0005625
325.0,0.5,pre_SiHF2,surface,95.359375,0.095359375
325.0,0.5,pre_SiHF2_HF,surface,4.640625,0.004640625
325.0,0.5,pre_SiHF2_residual,surface,0.0,0.0
325.0,0.5,Si_Si_F1,surface,93.84375,0.09384375
325.0,0.5,Si_Si_F1_HF,surface,4.7265625,0.0047265625
325.0,0.5,Si_Si_cleaved_F2_H,surface,1.4296875,0.0014296875
325.0,0.5,HF,reservoir_net,-524.3125,-0.5243125
325.0,0.5,H2,gas_product,0.0,0.0
325.0,0.5,NH3,gas_product,178.859375,0.178859375
325.0,0.5,SiF4,gas_product,0.0390625,3.90625e-05
325.0,0.5,SiH2F2,gas_product,0.5625,0.0005625
325.0,0.5,SiHF3,gas_product,0.0,0.0
325.0,0.55,bridge_NH_F0,surface,18.34375,0.01834375
325.0,0.55,bridge_NH_F1,surface,265.3515625,0.2653515625
325.0,0.55,bridge_NH_F2,surface,2.6484375,0.0026484375
325.0,0.55,bridge_NH_F3,surface,0.0390625,3.90625e-05
325.0,0.55,bridge_NH_residual,surface,0.046875,4.6875e-05
325.0,0.55,bridge_NH_F0_HF,surface,0.0,0.0
325.0,0.55,bridge_NH_F1_HF,surface,13.4453125,0.0134453125
325.0,0.55,bridge_NH_F2_HF,surface,0.125,0.000125
325.0,0.55,bridge_NH_F3_HF,surface,0.0,0.0
325.0,0.55,terminal_NH2_F0,surface,9.34375,0.00934375
325.0,0.55,terminal_NH2_F1,surface,90.921875,0.090921875
325.0,0.55,terminal_NH2_F2,surface,43.90625,0.04390625
325.0,0.55,terminal_NH2_F3,surface,0.0078125,7.8125e-06
325.0,0.55,terminal_NH2_residual,surface,0.0,0.0
325.0,0.55,terminal_NH2_F0_HF,surface,0.0,0.0
325.0,0.55,terminal_NH2_F1_HF,surface,3.5546875,0.0035546875
325.0,0.55,terminal_NH2_F2_HF,surface,2.265625,0.002265625
325.0,0.55,terminal_NH2_F3_HF,surface,0.0,0.0
325.0,0.55,Si_H_rich_F0,surface,95.15625,0.09515625
325.0,0.55,Si_H_rich_F1,surface,0.0,0.0
325.0,0.55,Si_H_rich_F2,surface,0.0,0.0
325.0,0.55,Si_H_rich_F3,surface,0.0,0.0
325.0,0.55,Si_H_rich_residual,surface,0.0,0.0
325.0,0.55,Si_H_rich_F0_HF,surface,4.84375,0.00484375
325.0,0.55,Si_H_rich_F1_HF,surface,0.0,0.0
325.0,0.55,Si_H_rich_F2_HF,surface,0.0,0.0
325.0,0.55,Si_H_rich_F3_HF,surface,0.0,0.0
325.0,0.55,bridge_N_F0,surface,121.375,0.121375
325.0,0.55,bridge_N_F1,surface,21.4140625,0.0214140625
325.0,0.55,bridge_N_F2,surface,0.5,0.0005
325.0,0.55,bridge_N_F3,surface,0.0,0.0
325.0,0.55,bridge_N_residual,surface,0.0,0.0
325.0,0.55,bridge_N_F0_HF,surface,5.6875,0.0056875
325.0,0.55,bridge_N_F1_HF,surface,0.9375,0.0009375
325.0,0.55,bridge_N_F2_HF,surface,0.0859375,8.59375e-05
325.0,0.55,bridge_N_F3_HF,surface,0.0,0.0
325.0,0.55,pre_SiH2F,surface,94.421875,0.094421875
325.0,0.55,pre_SiH2F_HF,surface,4.9296875,0.0049296875
325.0,0.55,pre_SiH2F_residual,surface,0.6484375,0.0006484375
325.0,0.55,pre_SiHF2,surface,95.09375,0.09509375
325.0,0.55,pre_SiHF2_HF,surface,4.90625,0.00490625
325.0,0.55,pre_SiHF2_residual,surface,0.0,0.0
325.0,0.55,Si_Si_F1,surface,93.5703125,0.0935703125
325.0,0.55,Si_Si_F1_HF,surface,4.890625,0.004890625
325.0,0.55,Si_Si_cleaved_F2_H,surface,1.5390625,0.0015390625
325.0,0.55,HF,reservoir_net,-542.875,-0.542875
325.0,0.55,H2,gas_product,0.0,0.0
325.0,0.55,NH3,gas_product,186.84375,0.18684375
325.0,0.55,SiF4,gas_product,0.046875,4.6875e-05
325.0,0.55,SiH2F2,gas_product,0.6484375,0.0006484375
325.0,0.55,SiHF3,gas_product,0.0,0.0
325.0,0.6000000000000001,bridge_NH_F0,surface,14.1640625,0.0141640625
325.0,0.6000000000000001,bridge_NH_F1,surface,269.2421875,0.2692421875
325.0,0.6000000000000001,bridge_NH_F2,surface,2.953125,0.002953125
325.0,0.6000000000000001,bridge_NH_F3,surface,0.078125,7.8125e-05
325.0,0.6000000000000001,bridge_NH_residual,surface,0.046875,4.6875e-05
325.0,0.6000000000000001,bridge_NH_F0_HF,surface,0.0,0.0
325.0,0.6000000000000001,bridge_NH_F1_HF,surface,13.375,0.013375
325.0,0.6000000000000001,bridge_NH_F2_HF,surface,0.140625,0.000140625
325.0,0.6000000000000001,bridge_NH_F3_HF,surface,0.0,0.0
325.0,0.6000000000000001,terminal_NH2_F0,surface,7.3515625,0.0073515625
325.0,0.6000000000000001,terminal_NH2_F1,surface,87.9140625,0.0879140625
325.0,0.6000000000000001,terminal_NH2_F2,surface,48.7265625,0.0487265625
325.0,0.6000000000000001,terminal_NH2_F3,surface,0.015625,1.5625e-05
325.0,0.6000000000000001,terminal_NH2_residual,surface,0.0,0.0
325.0,0.6000000000000001,terminal_NH2_F0_HF,surface,0.0,0.0
325.0,0.6000000000000001,terminal_NH2_F1_HF,surface,3.609375,0.003609375
325.0,0.6000000000000001,terminal_NH2_F2_HF,surface,2.3828125,0.0023828125
325.0,0.6000000000000001,terminal_NH2_F3_HF,surface,0.0,0.0
325.0,0.6000000000000001,Si_H_rich_F0,surface,95.03125,0.09503125
325.0,0.6000000000000001,Si_H_rich_F1,surface,0.0,0.0
325.0,0.6000000000000001,Si_H_rich_F2,surface,0.0,0.0
325.0,0.6000000000000001,Si_H_rich_F3,surface,0.0,0.0
325.0,0.6000000000000001,Si_H_rich_residual,surface,0.0,0.0
325.0,0.6000000000000001,Si_H_rich_F0_HF,surface,4.96875,0.00496875
325.0,0.6000000000000001,Si_H_rich_F1_HF,surface,0.0,0.0
325.0,0.6000000000000001,Si_H_rich_F2_HF,surface,0.0,0.0
325.0,0.6000000000000001,Si_H_rich_F3_HF,surface,0.0,0.0
325.0,0.6000000000000001,bridge_N_F0,surface,119.65625,0.11965625
325.0,0.6000000000000001,bridge_N_F1,surface,23.109375,0.023109375
325.0,0.6000000000000001,bridge_N_F2,surface,0.671875,0.000671875
325.0,0.6000000000000001,bridge_N_F3,surface,0.0,0.0
325.0,0.6000000000000001,bridge_N_residual,surface,0.0,0.0
325.0,0.6000000000000001,bridge_N_F0_HF,surface,5.421875,0.005421875
325.0,0.6000000000000001,bridge_N_F1_HF,surface,1.125,0.001125
325.0,0.6000000000000001,bridge_N_F2_HF,surface,0.015625,1.5625e-05
325.0,0.6000000000000001,bridge_N_F3_HF,surface,0.0,0.0
325.0,0.6000000000000001,pre_SiH2F,surface,94.6328125,0.0946328125
325.0,0.6000000000000001,pre_SiH2F_HF,surface,4.625,0.004625
325.0,0.6000000000000001,pre_SiH2F_residual,surface,0.7421875,0.0007421875
325.0,0.6000000000000001,pre_SiHF2,surface,95.3359375,0.0953359375
325.0,0.6000000000000001,pre_SiHF2_HF,surface,4.6640625,0.0046640625
325.0,0.6000000000000001,pre_SiHF2_residual,surface,0.0,0.0
325.0,0.6000000000000001,Si_Si_F1,surface,93.828125,0.093828125
325.0,0.6000000000000001,Si_Si_F1_HF,surface,4.4609375,0.0044609375
325.0,0.6000000000000001,Si_Si_cleaved_F2_H,surface,1.7109375,0.0017109375
325.0,0.6000000000000001,HF,reservoir_net,-555.8671875,-0.5558671875
325.0,0.6000000000000001,H2,gas_product,0.0,0.0
325.0,0.6000000000000001,NH3,gas_product,193.7890625,0.1937890625
325.0,0.6000000000000001,SiF4,gas_product,0.046875,4.6875e-05
325.0,0.6000000000000001,SiH2F2,gas_product,0.7421875,0.0007421875
325.0,0.6000000000000001,SiHF3,gas_product,0.0,0.0
325.0,0.65,bridge_NH_F0,surface,10.96875,0.01096875
325.0,0.65,bridge_NH_F1,surface,272.265625,0.272265625
325.0,0.65,bridge_NH_F2,surface,3.1640625,0.0031640625
325.0,0.65,bridge_NH_F3,surface,0.0859375,8.59375e-05
325.0,0.65,bridge_NH_residual,surface,0.0625,6.25e-05
325.0,0.65,bridge_NH_F0_HF,surface,0.0,0.0
325.0,0.65,bridge_NH_F1_HF,surface,13.2734375,0.0132734375
325.0,0.65,bridge_NH_F2_HF,surface,0.1796875,0.0001796875
325.0,0.65,bridge_NH_F3_HF,surface,0.0,0.0
325.0,0.65,terminal_NH2_F0,surface,5.578125,0.005578125
325.0,0.65,terminal_NH2_F1,surface,85.2109375,0.0852109375
325.0,0.65,terminal_NH2_F2,surface,53.4453125,0.0534453125
325.0,0.65,terminal_NH2_F3,surface,0.015625,1.5625e-05
325.0,0.65,terminal_NH2_residual,surface,0.0,0.0
325.0,0.65,terminal_NH2_F0_HF,surface,0.0,0.0
325.0,0.65,terminal_NH2_F1_HF,surface,3.15625,0.00315625
325.0,0.65,terminal_NH2_F2_HF,surface,2.59375,0.00259375
325.0,0.65,terminal_NH2_F3_HF,surface,0.0,0.0
325.0,0.65,Si_H_rich_F0,surface,95.21875,0.09521875
325.0,0.65,Si_H_rich_F1,surface,0.0,0.0
325.0,0.65,Si_H_rich_F2,surface,0.0,0.0
325.0,0.65,Si_H_rich_F3,surface,0.0,0.0
325.0,0.65,Si_H_rich_residual,surface,0.0,0.0
325.0,0.65,Si_H_rich_F0_HF,surface,4.78125,0.00478125
325.0,0.65,Si_H_rich_F1_HF,surface,0.0,0.0
325.0,0.65,Si_H_rich_F2_HF,surface,0.0,0.0
325.0,0.65,Si_H_rich_F3_HF,surface,0.0,0.0
325.0,0.65,bridge_N_F0,surface,117.4921875,0.1174921875
325.0,0.65,bridge_N_F1,surface,24.921875,0.024921875
325.0,0.65,bridge_N_F2,surface,0.78125,0.00078125
325.0,0.65,bridge_N_F3,surface,0.0,0.0
325.0,0.65,bridge_N_residual,surface,0.0,0.0
325.0,0.65,bridge_N_F0_HF,surface,5.6640625,0.0056640625
325.0,0.65,bridge_N_F1_HF,surface,1.078125,0.001078125
325.0,0.65,bridge_N_F2_HF,surface,0.0625,6.25e-05
325.0,0.65,bridge_N_F3_HF,surface,0.0,0.0
325.0,0.65,pre_SiH2F,surface,94.2265625,0.0942265625
325.0,0.65,pre_SiH2F_HF,surface,4.921875,0.004921875
325.0,0.65,pre_SiH2F_residual,surface,0.8515625,0.0008515625
325.0,0.65,pre_SiHF2,surface,95.3515625,0.0953515625
325.0,0.65,pre_SiHF2_HF,surface,4.6484375,0.0046484375
325.0,0.65,pre_SiHF2_residual,surface,0.0,0.0
325.0,0.65,Si_Si_F1,surface,93.671875,0.093671875
325.0,0.65,Si_Si_F1_HF,surface,4.515625,0.004515625
325.0,0.65,Si_Si_cleaved_F2_H,surface,1.8125,0.0018125
325.0,0.65,HF,reservoir_net,-568.453125,-0.568453125
325.0,0.65,H2,gas_product,0.0,0.0
325.0,0.65,NH3,gas_product,200.4921875,0.2004921875
325.0,0.65,SiF4,gas_product,0.0625,6.25e-05
325.0,0.65,SiH2F2,gas_product,0.8515625,0.0008515625
325.0,0.65,SiHF3,gas_product,0.0,0.0
325.0,0.7000000000000001,bridge_NH_F0,surface,8.6796875,0.0086796875
325.0,0.7000000000000001,bridge_NH_F1,surface,273.7265625,0.2737265625
325.0,0.7000000000000001,bridge_NH_F2,surface,3.515625,0.003515625
325.0,0.7000000000000001,bridge_NH_F3,surface,0.0859375,8.59375e-05
325.0,0.7000000000000001,bridge_NH_residual,surface,0.078125,7.8125e-05
325.0,0.7000000000000001,bridge_NH_F0_HF,surface,0.0,0.0
325.0,0.7000000000000001,bridge_NH_F1_HF,surface,13.71875,0.01371875
325.0,0.7000000000000001,bridge_NH_F2_HF,surface,0.1953125,0.0001953125
325.0,0.7000000000000001,bridge_NH_F3_HF,surface,0.0,0.0
325.0,0.7000000000000001,terminal_NH2_F0,surface,4.3671875,0.0043671875
325.0,0.7000000000000001,terminal_NH2_F1,surface,81.9375,0.0819375
325.0,0.7000000000000001,terminal_NH2_F2,surface,57.921875,0.057921875
325.0,0.7000000000000001,terminal_NH2_F3,surface,0.015625,1.5625e-05
325.0,0.7000000000000001,terminal_NH2_residual,surface,0.0,0.0
325.0,0.7000000000000001,terminal_NH2_F0_HF,surface,0.0,0.0
325.0,0.7000000000000001,terminal_NH2_F1_HF,surface,3.1953125,0.0031953125
325.0,0.7000000000000001,terminal_NH2_F2_HF,surface,2.5625,0.0025625
325.0,0.7000000000000001,terminal_NH2_F3_HF,surface,0.0,0.0
325.0,0.7000000000000001,Si_H_rich_F0,surface,95.125,0.095125
325.0,0.7000000000000001,Si_H_rich_F1,surface,0.0,0.0
325.0,0.7000000000000001,Si_H_rich_F2,surface,0.0,0.0
325.0,0.7000000000000001,Si_H_rich_F3,surface,0.0,0.0
325.0,0.7000000000000001,Si_H_rich_residual,surface,0.0,0.0
325.0,0.7000000000000001,Si_H_rich_F0_HF,surface,4.875,0.004875
325.0,0.7000000000000001,Si_H_rich_F1_HF,surface,0.0,0.0
325.0,0.7000000000000001,Si_H_rich_F2_HF,surface,0.0,0.0
325.0,0.7000000000000001,Si_H_rich_F3_HF,surface,0.0,0.0
325.0,0.7000000000000001,bridge_N_F0,surface,116.078125,0.116078125
325.0,0.7000000000000001,bridge_N_F1,surface,26.515625,0.026515625
325.0,0.7000000000000001,bridge_N_F2,surface,0.90625,0.00090625
325.0,0.7000000000000001,bridge_N_F3,surface,0.0,0.0
325.0,0.7000000000000001,bridge_N_residual,surface,0.0,0.0
325.0,0.7000000000000001,bridge_N_F0_HF,surface,5.234375,0.005234375
325.0,0.7000000000000001,bridge_N_F1_HF,surface,1.203125,0.001203125
325.0,0.7000000000000001,bridge_N_F2_HF,surface,0.0625,6.25e-05
325.0,0.7000000000000001,bridge_N_F3_HF,surface,0.0,0.0
325.0,0.7000000000000001,pre_SiH2F,surface,94.375,0.094375
325.0,0.7000000000000001,pre_SiH2F_HF,surface,4.7109375,0.0047109375
325.0,0.7000000000000001,pre_SiH2F_residual,surface,0.9140625,0.0009140625
325.0,0.7000000000000001,pre_SiHF2,surface,95.40625,0.09540625
325.0,0.7000000000000001,pre_SiHF2_HF,surface,4.59375,0.00459375
325.0,0.7000000000000001,pre_SiHF2_residual,surface,0.0,0.0
325.0,0.7000000000000001,Si_Si_F1,surface,93.515625,0.093515625
325.0,0.7000000000000001,Si_Si_F1_HF,surface,4.5546875,0.0045546875
325.0,0.7000000000000001,Si_Si_cleaved_F2_H,surface,1.9296875,0.0019296875
325.0,0.7000000000000001,HF,reservoir_net,-578.9921875,-0.5789921875
325.0,0.7000000000000001,H2,gas_product,0.0,0.0
325.0,0.7000000000000001,NH3,gas_product,206.1484375,0.2061484375
325.0,0.7000000000000001,SiF4,gas_product,0.078125,7.8125e-05
325.0,0.7000000000000001,SiH2F2,gas_product,0.9140625,0.0009140625
325.0,0.7000000000000001,SiHF3,gas_product,0.0,0.0
325.0,0.75,bridge_NH_F0,surface,6.7734375,0.0067734375
325.0,0.75,bridge_NH_F1,surface,275.828125,0.275828125
325.0,0.75,bridge_NH_F2,surface,3.984375,0.003984375
325.0,0.75,bridge_NH_F3,surface,0.109375,0.000109375
325.0,0.75,bridge_NH_residual,surface,0.1015625,0.0001015625
325.0,0.75,bridge_NH_F0_HF,surface,0.0,0.0
325.0,0.75,bridge_NH_F1_HF,surface,12.9921875,0.0129921875
325.0,0.75,bridge_NH_F2_HF,surface,0.2109375,0.0002109375
325.0,0.75,bridge_NH_F3_HF,surface,0.0,0.0
325.0,0.75,terminal_NH2_F0,surface,3.4296875,0.0034296875
325.0,0.75,terminal_NH2_F1,surface,78.375,0.078375
325.0,0.75,terminal_NH2_F2,surface,61.703125,0.061703125
325.0,0.75,terminal_NH2_F3,surface,0.015625,1.5625e-05
325.0,0.75,terminal_NH2_residual,surface,0.0,0.0
325.0,0.75,terminal_NH2_F0_HF,surface,0.0,0.0
325.0,0.75,terminal_NH2_F1_HF,surface,3.1953125,0.0031953125
325.0,0.75,terminal_NH2_F2_HF,surface,3.28125,0.00328125
325.0,0.75,terminal_NH2_F3_HF,surface,0.0,0.0
325.0,0.75,Si_H_rich_F0,surface,95.0078125,0.0950078125
325.0,0.75,Si_H_rich_F1,surface,0.0,0.0
325.0,0.75,Si_H_rich_F2,surface,0.0,0.0
325.0,0.75,Si_H_rich_F3,surface,0.0,0.0
325.0,0.75,Si_H_rich_residual,surface,0.0,0.0
325.0,0.75,Si_H_rich_F0_HF,surface,4.9921875,0.0049921875
325.0,0.75,Si_H_rich_F1_HF,surface,0.0,0.0
325.0,0.75,Si_H_rich_F2_HF,surface,0.0,0.0
325.0,0.75,Si_H_rich_F3_HF,surface,0.0,0.0
325.0,0.75,bridge_N_F0,surface,114.3984375,0.1143984375
325.0,0.75,bridge_N_F1,surface,27.9453125,0.0279453125
325.0,0.75,bridge_N_F2,surface,1.1171875,0.0011171875
325.0,0.75,bridge_N_F3,surface,0.0,0.0
325.0,0.75,bridge_N_residual,surface,0.0,0.0
325.0,0.75,bridge_N_F0_HF,surface,5.1015625,0.0051015625
325.0,0.75,bridge_N_F1_HF,surface,1.3828125,0.0013828125
325.0,0.75,bridge_N_F2_HF,surface,0.0546875,5.46875e-05
325.0,0.75,bridge_N_F3_HF,surface,0.0,0.0
325.0,0.75,pre_SiH2F,surface,94.5234375,0.0945234375
325.0,0.75,pre_SiH2F_HF,surface,4.484375,0.004484375
325.0,0.75,pre_SiH2F_residual,surface,0.9921875,0.0009921875
325.0,0.75,pre_SiHF2,surface,95.40625,0.09540625
325.0,0.75,pre_SiHF2_HF,surface,4.59375,0.00459375
325.0,0.75,pre_SiHF2_residual,surface,0.0,0.0
325.0,0.75,Si_Si_F1,surface,93.203125,0.093203125
325.0,0.75,Si_Si_F1_HF,surface,4.7578125,0.0047578125
325.0,0.75,Si_Si_cleaved_F2_H,surface,2.0390625,0.0020390625
325.0,0.75,HF,reservoir_net,-589.28125,-0.58928125
325.0,0.75,H2,gas_product,0.0,0.0
325.0,0.75,NH3,gas_product,211.5859375,0.2115859375
325.0,0.75,SiF4,gas_product,0.1015625,0.0001015625
325.0,0.75,SiH2F2,gas_product,0.9921875,0.0009921875
325.0,0.75,SiHF3,gas_product,0.0,0.0
325.0,0.8,bridge_NH_F0,surface,5.421875,0.005421875
325.0,0.8,bridge_NH_F1,surface,276.3203125,0.2763203125
325.0,0.8,bridge_NH_F2,surface,4.3359375,0.0043359375
325.0,0.8,bridge_NH_F3,surface,0.109375,0.000109375
325.0,0.8,bridge_NH_residual,surface,0.140625,0.000140625
325.0,0.8,bridge_NH_F0_HF,surface,0.0,0.0
325.0,0.8,bridge_NH_F1_HF,surface,13.46875,0.01346875
325.0,0.8,bridge_NH_F2_HF,surface,0.203125,0.000203125
325.0,0.8,bridge_NH_F3_HF,surface,0.0,0.0
325.0,0.8,terminal_NH2_F0,surface,2.546875,0.002546875
325.0,0.8,terminal_NH2_F1,surface,74.984375,0.074984375
325.0,0.8,terminal_NH2_F2,surface,65.8671875,0.0658671875
325.0,0.8,terminal_NH2_F3,surface,0.0234375,2.34375e-05
325.0,0.8,terminal_NH2_residual,surface,0.0,0.0
325.0,0.8,terminal_NH2_F0_HF,surface,0.0,0.0
325.0,0.8,terminal_NH2_F1_HF,surface,3.1875,0.0031875
325.0,0.8,terminal_NH2_F2_HF,surface,3.390625,0.003390625
325.0,0.8,terminal_NH2_F3_HF,surface,0.0,0.0
325.0,0.8,Si_H_rich_F0,surface,95.4453125,0.0954453125
325.0,0.8,Si_H_rich_F1,surface,0.0,0.0
325.0,0.8,Si_H_rich_F2,surface,0.0,0.0
325.0,0.8,Si_H_rich_F3,surface,0.0,0.0
325.0,0.8,Si_H_rich_residual,surface,0.0,0.0
325.0,0.8,Si_H_rich_F0_HF,surface,4.5546875,0.0045546875
325.0,0.8,Si_H_rich_F1_HF,surface,0.0,0.0
325.0,0.8,Si_H_rich_F2_HF,surface,0.0,0.0
325.0,0.8,Si_H_rich_F3_HF,surface,0.0,0.0
325.0,0.8,bridge_N_F0,surface,112.0,0.112
325.0,0.8,bridge_N_F1,surface,29.4921875,0.0294921875
325.0,0.8,bridge_N_F2,surface,1.2421875,0.0012421875
325.0,0.8,bridge_N_F3,surface,0.0,0.0
325.0,0.8,bridge_N_residual,surface,0.0,0.0
325.0,0.8,bridge_N_F0_HF,surface,5.671875,0.005671875
325.0,0.8,bridge_N_F1_HF,surface,1.484375,0.001484375
325.0,0.8,bridge_N_F2_HF,surface,0.109375,0.000109375
325.0,0.8,bridge_N_F3_HF,surface,0.0,0.0
325.0,0.8,pre_SiH2F,surface,94.3515625,0.0943515625
325.0,0.8,pre_SiH2F_HF,surface,4.5859375,0.0045859375
325.0,0.8,pre_SiH2F_residual,surface,1.0625,0.0010625
325.0,0.8,pre_SiHF2,surface,95.0,0.095
325.0,0.8,pre_SiHF2_HF,surface,5.0,0.005
325.0,0.8,pre_SiHF2_residual,surface,0.0,0.0
325.0,0.8,Si_Si_F1,surface,93.265625,0.093265625
325.0,0.8,Si_Si_F1_HF,surface,4.5625,0.0045625
325.0,0.8,Si_Si_cleaved_F2_H,surface,2.171875,0.002171875
325.0,0.8,HF,reservoir_net,-599.6484375,-0.5996484375
325.0,0.8,H2,gas_product,0.0,0.0
325.0,0.8,NH3,gas_product,216.7578125,0.2167578125
325.0,0.8,SiF4,gas_product,0.140625,0.000140625
325.0,0.8,SiH2F2,gas_product,1.0625,0.0010625
325.0,0.8,SiHF3,gas_product,0.0,0.0
325.0,0.8500000000000001,bridge_NH_F0,surface,4.1640625,0.0041640625
325.0,0.8500000000000001,bridge_NH_F1,surface,276.4375,0.2764375
325.0,0.8500000000000001,bridge_NH_F2,surface,4.578125,0.004578125
325.0,0.8500000000000001,bridge_NH_F3,surface,0.1171875,0.0001171875
325.0,0.8500000000000001,bridge_NH_residual,surface,0.1640625,0.0001640625
325.0,0.8500000000000001,bridge_NH_F0_HF,surface,0.0,0.0
325.0,0.8500000000000001,bridge_NH_F1_HF,surface,14.3125,0.0143125
325.0,0.8500000000000001,bridge_NH_F2_HF,surface,0.2265625,0.0002265625
325.0,0.8500000000000001,bridge_NH_F3_HF,surface,0.0,0.0
325.0,0.8500000000000001,terminal_NH2_F0,surface,2.0,0.002
325.0,0.8500000000000001,terminal_NH2_F1,surface,71.71875,0.07171875
325.0,0.8500000000000001,terminal_NH2_F2,surface,69.9453125,0.0699453125
325.0,0.8500000000000001,terminal_NH2_F3,surface,0.0234375,2.34375e-05
325.0,0.8500000000000001,terminal_NH2_residual,surface,0.0,0.0
325.0,0.8500000000000001,terminal_NH2_F0_HF,surface,0.0,0.0
325.0,0.8500000000000001,terminal_NH2_F1_HF,surface,2.7890625,0.0027890625
325.0,0.8500000000000001,terminal_NH2_F2_HF,surface,3.5234375,0.0035234375
325.0,0.8500000000000001,terminal_NH2_F3_HF,surface,0.0,0.0
325.0,0.8500000000000001,Si_H_rich_F0,surface,94.9375,0.0949375
325.0,0.8500000000000001,Si_H_rich_F1,surface,0.0,0.0
325.0,0.8500000000000001,Si_H_rich_F2,surface,0.0,0.0
325.0,0.8500000000000001,Si_H_rich_F3,surface,0.0,0.0
325.0,0.8500000000000001,Si_H_rich_residual,surface,0.0,0.0
325.0,0.8500000000000001,Si_H_rich_F0_HF,surface,5.0625,0.0050625
325.0,0.8500000000000001,Si_H_rich_F1_HF,surface,0.0,0.0
325.0,0.8500000000000001,Si_H_rich_F2_HF,surface,0.0,0.0
325.0,0.8500000000000001,Si_H_rich_F3_HF,surface,0.0,0.0
325.0,0.8500000000000001,bridge_N_F0,surface,110.6015625,0.1106015625
325.0,0.8500000000000001,bridge_N_F1,surface,31.265625,0.031265625
325.0,0.8500000000000001,bridge_N_F2,surface,1.4609375,0.0014609375
325.0,0.8500000000000001,bridge_N_F3,surface,0.0,0.0
325.0,0.8500000000000001,bridge_N_residual,surface,0.0,0.0
325.0,0.8500000000000001,bridge_N_F0_HF,surface,5.1953125,0.0051953125
325.0,0.8500000000000001,bridge_N_F1_HF,surface,1.40625,0.00140625
325.0,0.8500000000000001,bridge_N_F2_HF,surface,0.0703125,7.03125e-05
325.0,0.8500000000000001,bridge_N_F3_HF,surface,0.0,0.0
325.0,0.8500000000000001,pre_SiH2F,surface,94.3828125,0.0943828125
325.0,0.8500000000000001,pre_SiH2F_HF,surface,4.515625,0.004515625
325.0,0.8500000000000001,pre_SiH2F_residual,surface,1.1015625,0.0011015625
325.0,0.8500000000000001,pre_SiHF2,surface,95.28125,0.09528125
325.0,0.8500000000000001,pre_SiHF2_HF,surface,4.71875,0.00471875
325.0,0.8500000000000001,pre_SiHF2_residual,surface,0.0,0.0
325.0,0.8500000000000001,Si_Si_F1,surface,93.078125,0.093078125
325.0,0.8500000000000001,Si_Si_F1_HF,surface,4.5625,0.0045625
325.0,0.8500000000000001,Si_Si_cleaved_F2_H,surface,2.359375,0.002359375
325.0,0.8500000000000001,HF,reservoir_net,-608.4609375,-0.6084609375
325.0,0.8500000000000001,H2,gas_product,0.0,0.0
325.0,0.8500000000000001,NH3,gas_product,221.515625,0.221515625
325.0,0.8500000000000001,SiF4,gas_product,0.1640625,0.0001640625
325.0,0.8500000000000001,SiH2F2,gas_product,1.1015625,0.0011015625
325.0,0.8500000000000001,SiHF3,gas_product,0.0,0.0
325.0,0.9,bridge_NH_F0,surface,3.203125,0.003203125
325.0,0.9,bridge_NH_F1,surface,277.453125,0.277453125
325.0,0.9,bridge_NH_F2,surface,4.7734375,0.0047734375
325.0,0.9,bridge_NH_F3,surface,0.1171875,0.0001171875
325.0,0.9,bridge_NH_residual,surface,0.1875,0.0001875
325.0,0.9,bridge_NH_F0_HF,surface,0.0,0.0
325.0,0.9,bridge_NH_F1_HF,surface,13.9765625,0.0139765625
325.0,0.9,bridge_NH_F2_HF,surface,0.2890625,0.0002890625
325.0,0.9,bridge_NH_F3_HF,surface,0.0,0.0
325.0,0.9,terminal_NH2_F0,surface,1.53125,0.00153125
325.0,0.9,terminal_NH2_F1,surface,68.125,0.068125
325.0,0.9,terminal_NH2_F2,surface,73.6484375,0.0736484375
325.0,0.9,terminal_NH2_F3,surface,0.03125,3.125e-05
325.0,0.9,terminal_NH2_residual,surface,0.0,0.0
325.0,0.9,terminal_NH2_F0_HF,surface,0.0,0.0
325.0,0.9,terminal_NH2_F1_HF,surface,2.796875,0.002796875
325.0,0.9,terminal_NH2_F2_HF,surface,3.8671875,0.0038671875
325.0,0.9,terminal_NH2_F3_HF,surface,0.0,0.0
325.0,0.9,Si_H_rich_F0,surface,95.265625,0.095265625
325.0,0.9,Si_H_rich_F1,surface,0.0,0.0
325.0,0.9,Si_H_rich_F2,surface,0.0,0.0
325.0,0.9,Si_H_rich_F3,surface,0.0,0.0
325.0,0.9,Si_H_rich_residual,surface,0.0,0.0
325.0,0.9,Si_H_rich_F0_HF,surface,4.734375,0.004734375
325.0,0.9,Si_H_rich_F1_HF,surface,0.0,0.0
325.0,0.9,Si_H_rich_F2_HF,surface,0.0,0.0
325.0,0.9,Si_H_rich_F3_HF,surface,0.0,0.0
325.0,0.9,bridge_N_F0,surface,108.8203125,0.1088203125
325.0,0.9,bridge_N_F1,surface,32.703125,0.032703125
325.0,0.9,bridge_N_F2,surface,1.53125,0.00153125
325.0,0.9,bridge_N_F3,surface,0.0,0.0
325.0,0.9,bridge_N_residual,surface,0.0,0.0
325.0,0.9,bridge_N_F0_HF,surface,5.171875,0.005171875
325.0,0.9,bridge_N_F1_HF,surface,1.6171875,0.0016171875
325.0,0.9,bridge_N_F2_HF,surface,0.15625,0.00015625
325.0,0.9,bridge_N_F3_HF,surface,0.0,0.0
325.0,0.9,pre_SiH2F,surface,93.875,0.093875
325.0,0.9,pre_SiH2F_HF,surface,4.90625,0.00490625
325.0,0.9,pre_SiH2F_residual,surface,1.21875,0.00121875
325.0,0.9,pre_SiHF2,surface,95.1328125,0.0951328125
325.0,0.9,pre_SiHF2_HF,surface,4.8671875,0.0048671875
325.0,0.9,pre_SiHF2_residual,surface,0.0,0.0
325.0,0.9,Si_Si_F1,surface,93.0859375,0.0930859375
325.0,0.9,Si_Si_F1_HF,surface,4.4453125,0.0044453125
325.0,0.9,Si_Si_cleaved_F2_H,surface,2.46875,0.00246875
325.0,0.9,HF,reservoir_net,-616.9140625,-0.6169140625
325.0,0.9,H2,gas_product,0.0,0.0
325.0,0.9,NH3,gas_product,226.046875,0.226046875
325.0,0.9,SiF4,gas_product,0.1875,0.0001875
325.0,0.9,SiH2F2,gas_product,1.21875,0.00121875
325.0,0.9,SiHF3,gas_product,0.0,0.0
325.0,0.9500000000000001,bridge_NH_F0,surface,2.515625,0.002515625
325.0,0.9500000000000001,bridge_NH_F1,surface,277.390625,0.277390625
325.0,0.9500000000000001,bridge_NH_F2,surface,5.171875,0.005171875
325.0,0.9500000000000001,bridge_NH_F3,surface,0.109375,0.000109375
325.0,0.9500000000000001,bridge_NH_residual,surface,0.2265625,0.0002265625
325.0,0.9500000000000001,bridge_NH_F0_HF,surface,0.0,0.0
325.0,0.9500000000000001,bridge_NH_F1_HF,surface,14.3203125,0.0143203125
325.0,0.9500000000000001,bridge_NH_F2_HF,surface,0.265625,0.000265625
325.0,0.9500000000000001,bridge_NH_F3_HF,surface,0.0,0.0
325.0,0.9500000000000001,terminal_NH2_F0,surface,1.1796875,0.0011796875
325.0,0.9500000000000001,terminal_NH2_F1,surface,65.1328125,0.0651328125
325.0,0.9500000000000001,terminal_NH2_F2,surface,77.1953125,0.0771953125
325.0,0.9500000000000001,terminal_NH2_F3,surface,0.03125,3.125e-05
325.0,0.9500000000000001,terminal_NH2_residual,surface,0.0,0.0
325.0,0.9500000000000001,terminal_NH2_F0_HF,surface,0.0,0.0
325.0,0.9500000000000001,terminal_NH2_F1_HF,surface,2.578125,0.002578125
325.0,0.9500000000000001,terminal_NH2_F2_HF,surface,3.8828125,0.0038828125
325.0,0.9500000000000001,terminal_NH2_F3_HF,surface,0.0,0.0
325.0,0.9500000000000001,Si_H_rich_F0,surface,95.1484375,0.0951484375
325.0,0.9500000000000001,Si_H_rich_F1,surface,0.0,0.0
325.0,0.9500000000000001,Si_H_rich_F2,surface,0.0,0.0
325.0,0.9500000000000001,Si_H_rich_F3,surface,0.0,0.0
325.0,0.9500000000000001,Si_H_rich_residual,surface,0.0,0.0
325.0,0.9500000000000001,Si_H_rich_F0_HF,surface,4.8515625,0.0048515625
325.0,0.9500000000000001,Si_H_rich_F1_HF,surface,0.0,0.0
325.0,0.9500000000000001,Si_H_rich_F2_HF,surface,0.0,0.0
325.0,0.9500000000000001,Si_H_rich_F3_HF,surface,0.0,0.0
325.0,0.9500000000000001,bridge_N_F0,surface,107.609375,0.107609375
325.0,0.9500000000000001,bridge_N_F1,surface,34.15625,0.03415625
325.0,0.9500000000000001,bridge_N_F2,surface,1.78125,0.00178125
325.0,0.9500000000000001,bridge_N_F3,surface,0.0,0.0
325.0,0.9500000000000001,bridge_N_residual,surface,0.0,0.0
325.0,0.9500000000000001,bridge_N_F0_HF,surface,4.6796875,0.0046796875
325.0,0.9500000000000001,bridge_N_F1_HF,surface,1.6875,0.0016875
325.0,0.9500000000000001,bridge_N_F2_HF,surface,0.0859375,8.59375e-05
325.0,0.9500000000000001,bridge_N_F3_HF,surface,0.0,0.0
325.0,0.9500000000000001,pre_SiH2F,surface,94.0546875,0.0940546875
325.0,0.9500000000000001,pre_SiH2F_HF,surface,4.65625,0.00465625
325.0,0.9500000000000001,pre_SiH2F_residual,surface,1.2890625,0.0012890625
325.0,0.9500000000000001,pre_SiHF2,surface,95.2421875,0.0952421875
325.0,0.9500000000000001,pre_SiHF2_HF,surface,4.7578125,0.0047578125
325.0,0.9500000000000001,pre_SiHF2_residual,surface,0.0,0.0
325.0,0.9500000000000001,Si_Si_F1,surface,92.8203125,0.0928203125
325.0,0.9500000000000001,Si_Si_F1_HF,surface,4.5859375,0.0045859375
325.0,0.9500000000000001,Si_Si_cleaved_F2_H,surface,2.59375,0.00259375
325.0,0.9500000000000001,HF,reservoir_net,-623.59375,-0.62359375
325.0,0.9500000000000001,H2,gas_product,0.0,0.0
325.0,0.9500000000000001,NH3,gas_product,229.9609375,0.2299609375
325.0,0.9500000000000001,SiF4,gas_product,0.2265625,0.0002265625
325.0,0.9500000000000001,SiH2F2,gas_product,1.2890625,0.0012890625
325.0,0.9500000000000001,SiHF3,gas_product,0.0,0.0
325.0,1.0,bridge_NH_F0,surface,1.8671875,0.0018671875
325.0,1.0,bridge_NH_F1,surface,278.2578125,0.2782578125
325.0,1.0,bridge_NH_F2,surface,5.5,0.0055
325.0,1.0,bridge_NH_F3,surface,0.140625,0.000140625
325.0,1.0,bridge_NH_residual,surface,0.25,0.00025
325.0,1.0,bridge_NH_F0_HF,surface,0.0,0.0
325.0,1.0,bridge_NH_F1_HF,surface,13.734375,0.013734375
325.0,1.0,bridge_NH_F2_HF,surface,0.25,0.00025
325.0,1.0,bridge_NH_F3_HF,surface,0.0,0.0
325.0,1.0,terminal_NH2_F0,surface,0.9140625,0.0009140625
325.0,1.0,terminal_NH2_F1,surface,61.96875,0.06196875
325.0,1.0,terminal_NH2_F2,surface,80.5390625,0.0805390625
325.0,1.0,terminal_NH2_F3,surface,0.03125,3.125e-05
325.0,1.0,terminal_NH2_residual,surface,0.0,0.0
325.0,1.0,terminal_NH2_F0_HF,surface,0.0,0.0
325.0,1.0,terminal_NH2_F1_HF,surface,2.3984375,0.0023984375
325.0,1.0,terminal_NH2_F2_HF,surface,4.1484375,0.0041484375
325.0,1.0,terminal_NH2_F3_HF,surface,0.0,0.0
325.0,1.0,Si_H_rich_F0,surface,95.1875,0.0951875
325.0,1.0,Si_H_rich_F1,surface,0.0,0.0
325.0,1.0,Si_H_rich_F2,surface,0.0,0.0
325.0,1.0,Si_H_rich_F3,surface,0.0,0.0
325.0,1.0,Si_H_rich_residual,surface,0.0,0.0
325.0,1.0,Si_H_rich_F0_HF,surface,4.8125,0.0048125
325.0,1.0,Si_H_rich_F1_HF,surface,0.0,0.0
325.0,1.0,Si_H_rich_F2_HF,surface,0.0,0.0
325.0,1.0,Si_H_rich_F3_HF,surface,0.0,0.0
325.0,1.0,bridge_N_F0,surface,105.8046875,0.1058046875
325.0,1.0,bridge_N_F1,surface,35.546875,0.035546875
325.0,1.0,bridge_N_F2,surface,2.0234375,0.0020234375
325.0,1.0,bridge_N_F3,surface,0.0,0.0
325.0,1.0,bridge_N_residual,surface,0.0,0.0
325.0,1.0,bridge_N_F0_HF,surface,4.765625,0.004765625
325.0,1.0,bridge_N_F1_HF,surface,1.7578125,0.0017578125
325.0,1.0,bridge_N_F2_HF,surface,0.1015625,0.0001015625
325.0,1.0,bridge_N_F3_HF,surface,0.0,0.0
325.0,1.0,pre_SiH2F,surface,93.90625,0.09390625
325.0,1.0,pre_SiH2F_HF,surface,4.71875,0.00471875
325.0,1.0,pre_SiH2F_residual,surface,1.375,0.001375
325.0,1.0,pre_SiHF2,surface,95.34375,0.09534375
325.0,1.0,pre_SiHF2_HF,surface,4.65625,0.00465625
325.0,1.0,pre_SiHF2_residual,surface,0.0,0.0
325.0,1.0,Si_Si_F1,surface,92.921875,0.092921875
325.0,1.0,Si_Si_F1_HF,surface,4.40625,0.00440625
325.0,1.0,Si_Si_cleaved_F2_H,surface,2.671875,0.002671875
325.0,1.0,HF,reservoir_net,-630.1015625,-0.6301015625
325.0,1.0,H2,gas_product,0.0,0.0
325.0,1.0,NH3,gas_product,233.8359375,0.2338359375
325.0,1.0,SiF4,gas_product,0.25,0.00025
325.0,1.0,SiH2F2,gas_product,1.375,0.001375
325.0,1.0,SiHF3,gas_product,0.0,0.0
325.0,1.05,bridge_NH_F0,surface,1.46875,0.00146875
325.0,1.05,bridge_NH_F1,surface,278.4453125,0.2784453125
325.0,1.05,bridge_NH_F2,surface,5.953125,0.005953125
325.0,1.05,bridge_NH_F3,surface,0.1640625,0.0001640625
325.0,1.05,bridge_NH_residual,surface,0.28125,0.00028125
325.0,1.05,bridge_NH_F0_HF,surface,0.0,0.0
325.0,1.05,bridge_NH_F1_HF,surface,13.4453125,0.0134453125
325.0,1.05,bridge_NH_F2_HF,surface,0.2421875,0.0002421875
325.0,1.05,bridge_NH_F3_HF,surface,0.0,0.0
325.0,1.05,terminal_NH2_F0,surface,0.75,0.00075
325.0,1.05,terminal_NH2_F1,surface,58.765625,0.058765625
325.0,1.05,terminal_NH2_F2,surface,83.765625,0.083765625
325.0,1.05,terminal_NH2_F3,surface,0.0390625,3.90625e-05
325.0,1.05,terminal_NH2_residual,surface,0.0,0.0
325.0,1.05,terminal_NH2_F0_HF,surface,0.0,0.0
325.0,1.05,terminal_NH2_F1_HF,surface,2.25,0.00225
325.0,1.05,terminal_NH2_F2_HF,surface,4.4296875,0.0044296875
325.0,1.05,terminal_NH2_F3_HF,surface,0.0,0.0
325.0,1.05,Si_H_rich_F0,surface,95.3984375,0.0953984375
325.0,1.05,Si_H_rich_F1,surface,0.0,0.0
325.0,1.05,Si_H_rich_F2,surface,0.0,0.0
325.0,1.05,Si_H_rich_F3,surface,0.0,0.0
325.0,1.05,Si_H_rich_residual,surface,0.0,0.0
325.0,1.05,Si_H_rich_F0_HF,surface,4.6015625,0.0046015625
325.0,1.05,Si_H_rich_F1_HF,surface,0.0,0.0
325.0,1.05,Si_H_rich_F2_HF,surface,0.0,0.0
325.0,1.05,Si_H_rich_F3_HF,surface,0.0,0.0
325.0,1.05,bridge_N_F0,surface,104.1640625,0.1041640625
325.0,1.05,bridge_N_F1,surface,36.9296875,0.0369296875
325.0,1.05,bridge_N_F2,surface,2.2265625,0.0022265625
325.0,1.05,bridge_N_F3,surface,0.0,0.0
325.0,1.05,bridge_N_residual,surface,0.0,0.0
325.0,1.05,bridge_N_F0_HF,surface,4.7109375,0.0047109375
325.0,1.05,bridge_N_F1_HF,surface,1.8046875,0.0018046875
325.0,1.05,bridge_N_F2_HF,surface,0.1640625,0.0001640625
325.0,1.05,bridge_N_F3_HF,surface,0.0,0.0
325.0,1.05,pre_SiH2F,surface,93.84375,0.09384375
325.0,1.05,pre_SiH2F_HF,surface,4.734375,0.004734375
325.0,1.05,pre_SiH2F_residual,surface,1.421875,0.001421875
325.0,1.05,pre_SiHF2,surface,95.25,0.09525
325.0,1.05,pre_SiHF2_HF,surface,4.75,0.00475
325.0,1.05,pre_SiHF2_residual,surface,0.0,0.0
325.0,1.05,Si_Si_F1,surface,92.53125,0.09253125
325.0,1.05,Si_Si_F1_HF,surface,4.640625,0.004640625
325.0,1.05,Si_Si_cleaved_F2_H,surface,2.828125,0.002828125
325.0,1.05,HF,reservoir_net,-636.9609375,-0.6369609375
325.0,1.05,H2,gas_product,0.0,0.0
325.0,1.05,NH3,gas_product,237.5234375,0.2375234375
325.0,1.05,SiF4,gas_product,0.28125,0.00028125
325.0,1.05,SiH2F2,gas_product,1.421875,0.001421875
325.0,1.05,SiHF3,gas_product,0.0,0.0
325.0,1.1,bridge_NH_F0,surface,1.140625,0.001140625
325.0,1.1,bridge_NH_F1,surface,278.09375,0.27809375
325.0,1.1,bridge_NH_F2,surface,6.2578125,0.0062578125
325.0,1.1,bridge_NH_F3,surface,0.1796875,0.0001796875
325.0,1.1,bridge_NH_residual,surface,0.3046875,0.0003046875
325.0,1.1,bridge_NH_F0_HF,surface,0.0,0.0
325.0,1.1,bridge_NH_F1_HF,surface,13.7578125,0.0137578125
325.0,1.1,bridge_NH_F2_HF,surface,0.265625,0.000265625
325.0,1.1,bridge_NH_F3_HF,surface,0.0,0.0
325.0,1.1,terminal_NH2_F0,surface,0.6015625,0.0006015625
325.0,1.1,terminal_NH2_F1,surface,55.5,0.0555
325.0,1.1,terminal_NH2_F2,surface,86.6015625,0.0866015625
325.0,1.1,terminal_NH2_F3,surface,0.0390625,3.90625e-05
325.0,1.1,terminal_NH2_residual,surface,0.0,0.0
325.0,1.1,terminal_NH2_F0_HF,surface,0.0,0.0
325.0,1.1,terminal_NH2_F1_HF,surface,2.53125,0.00253125
325.0,1.1,terminal_NH2_F2_HF,surface,4.7265625,0.0047265625
325.0,1.1,terminal_NH2_F3_HF,surface,0.0,0.0
325.0,1.1,Si_H_rich_F0,surface,95.4609375,0.0954609375
325.0,1.1,Si_H_rich_F1,surface,0.0,0.0
325.0,1.1,Si_H_rich_F2,surface,0.0,0.0
325.0,1.1,Si_H_rich_F3,surface,0.0,0.0
325.0,1.1,Si_H_rich_residual,surface,0.0,0.0
325.0,1.1,Si_H_rich_F0_HF,surface,4.5390625,0.0045390625
325.0,1.1,Si_H_rich_F1_HF,surface,0.0,0.0
325.0,1.1,Si_H_rich_F2_HF,surface,0.0,0.0
325.0,1.1,Si_H_rich_F3_HF,surface,0.0,0.0
325.0,1.1,bridge_N_F0,surface,102.4765625,0.1024765625
325.0,1.1,bridge_N_F1,surface,38.0,0.038
325.0,1.1,bridge_N_F2,surface,2.484375,0.002484375
325.0,1.1,bridge_N_F3,surface,0.0,0.0
325.0,1.1,bridge_N_residual,surface,0.0,0.0
325.0,1.1,bridge_N_F0_HF,surface,4.8671875,0.0048671875
325.0,1.1,bridge_N_F1_HF,surface,2.0859375,0.0020859375
325.0,1.1,bridge_N_F2_HF,surface,0.0859375,8.59375e-05
325.0,1.1,bridge_N_F3_HF,surface,0.0,0.0
325.0,1.1,pre_SiH2F,surface,93.4921875,0.0934921875
325.0,1.1,pre_SiH2F_HF,surface,5.046875,0.005046875
325.0,1.1,pre_SiH2F_residual,surface,1.4609375,0.0014609375
325.0,1.1,pre_SiHF2,surface,95.4140625,0.0954140625
325.0,1.1,pre_SiHF2_HF,surface,4.5859375,0.0045859375
325.0,1.1,pre_SiHF2_residual,surface,0.0,0.0
325.0,1.1,Si_Si_F1,surface,92.7265625,0.0927265625
325.0,1.1,Si_Si_F1_HF,surface,4.328125,0.004328125
325.0,1.1,Si_Si_cleaved_F2_H,surface,2.9453125,0.0029453125
325.0,1.1,HF,reservoir_net,-643.9140625,-0.6439140625
325.0,1.1,H2,gas_product,0.0,0.0
325.0,1.1,NH3,gas_product,240.8046875,0.2408046875
325.0,1.1,SiF4,gas_product,0.3046875,0.0003046875
325.0,1.1,SiH2F2,gas_product,1.4609375,0.0014609375
325.0,1.1,SiHF3,gas_product,0.0,0.0
325.0,1.1500000000000001,bridge_NH_F0,surface,0.8828125,0.0008828125
325.0,1.1500000000000001,bridge_NH_F1,surface,278.0,0.278
325.0,1.1500000000000001,bridge_NH_F2,surface,6.5703125,0.0065703125
325.0,1.1500000000000001,bridge_NH_F3,surface,0.1640625,0.0001640625
325.0,1.1500000000000001,bridge_NH_residual,surface,0.3359375,0.0003359375
325.0,1.1500000000000001,bridge_NH_F0_HF,surface,0.0,0.0
325.0,1.1500000000000001,bridge_NH_F1_HF,surface,13.703125,0.013703125
325.0,1.1500000000000001,bridge_NH_F2_HF,surface,0.34375,0.00034375
325.0,1.1500000000000001,bridge_NH_F3_HF,surface,0.0,0.0
325.0,1.1500000000000001,terminal_NH2_F0,surface,0.5,0.0005
325.0,1.1500000000000001,terminal_NH2_F1,surface,53.1015625,0.0531015625
325.0,1.1500000000000001,terminal_NH2_F2,surface,89.8828125,0.0898828125
325.0,1.1500000000000001,terminal_NH2_F3,surface,0.0390625,3.90625e-05
325.0,1.1500000000000001,terminal_NH2_residual,surface,0.0,0.0
325.0,1.1500000000000001,terminal_NH2_F0_HF,surface,0.0,0.0
325.0,1.1500000000000001,terminal_NH2_F1_HF,surface,1.828125,0.001828125
325.0,1.1500000000000001,terminal_NH2_F2_HF,surface,4.6484375,0.0046484375
325.0,1.1500000000000001,terminal_NH2_F3_HF,surface,0.0,0.0
325.0,1.1500000000000001,Si_H_rich_F0,surface,95.3984375,0.0953984375
325.0,1.1500000000000001,Si_H_rich_F1,surface,0.0,0.0
325.0,1.1500000000000001,Si_H_rich_F2,surface,0.0,0.0
325.0,1.1500000000000001,Si_H_rich_F3,surface,0.0,0.0
325.0,1.1500000000000001,Si_H_rich_residual,surface,0.0,0.0
325.0,1.1500000000000001,Si_H_rich_F0_HF,surface,4.6015625,0.0046015625
325.0,1.1500000000000001,Si_H_rich_F1_HF,surface,0.0,0.0
325.0,1.1500000000000001,Si_H_rich_F2_HF,surface,0.0,0.0
325.0,1.1500000000000001,Si_H_rich_F3_HF,surface,0.0,0.0
325.0,1.1500000000000001,bridge_N_F0,surface,100.7109375,0.1007109375
325.0,1.1500000000000001,bridge_N_F1,surface,39.6328125,0.0396328125
325.0,1.1500000000000001,bridge_N_F2,surface,2.75,0.00275
325.0,1.1500000000000001,bridge_N_F3,surface,0.0,0.0
325.0,1.1500000000000001,bridge_N_residual,surface,0.0,0.0
325.0,1.1500000000000001,bridge_N_F0_HF,surface,4.828125,0.004828125
325.0,1.1500000000000001,bridge_N_F1_HF,surface,1.9453125,0.0019453125
325.0,1.1500000000000001,bridge_N_F2_HF,surface,0.1328125,0.0001328125
325.0,1.1500000000000001,bridge_N_F3_HF,surface,0.0,0.0
325.0,1.1500000000000001,pre_SiH2F,surface,93.625,0.093625
325.0,1.1500000000000001,pre_SiH2F_HF,surface,4.84375,0.00484375
325.0,1.1500000000000001,pre_SiH2F_residual,surface,1.53125,0.00153125
325.0,1.1500000000000001,pre_SiHF2,surface,95.4296875,0.0954296875
325.0,1.1500000000000001,pre_SiHF2_HF,surface,4.5703125,0.0045703125
325.0,1.1500000000000001,pre_SiHF2_residual,surface,0.0,0.0
325.0,1.1500000000000001,Si_Si_F1,surface,92.1875,0.0921875
325.0,1.1500000000000001,Si_Si_F1_HF,surface,4.6640625,0.0046640625
325.0,1.1500000000000001,Si_Si_cleaved_F2_H,surface,3.1484375,0.0031484375
325.0,1.1500000000000001,HF,reservoir_net,-649.609375,-0.649609375
325.0,1.1500000000000001,H2,gas_product,0.0,0.0
325.0,1.1500000000000001,NH3,gas_product,244.109375,0.244109375
325.0,1.1500000000000001,SiF4,gas_product,0.3359375,0.0003359375
325.0,1.1500000000000001,SiH2F2,gas_product,1.53125,0.00153125
325.0,1.1500000000000001,SiHF3,gas_product,0.0,0.0
325.0,1.2000000000000002,bridge_NH_F0,surface,0.671875,0.000671875
325.0,1.2000000000000002,bridge_NH_F1,surface,277.484375,0.277484375
325.0,1.2000000000000002,bridge_NH_F2,surface,6.921875,0.006921875
325.0,1.2000000000000002,bridge_NH_F3,surface,0.2265625,0.0002265625
325.0,1.2000000000000002,bridge_NH_residual,surface,0.3515625,0.0003515625
325.0,1.2000000000000002,bridge_NH_F0_HF,surface,0.0,0.0
325.0,1.2000000000000002,bridge_NH_F1_HF,surface,13.96875,0.01396875
325.0,1.2000000000000002,bridge_NH_F2_HF,surface,0.375,0.000375
325.0,1.2000000000000002,bridge_NH_F3_HF,surface,0.0,0.0
325.0,1.2000000000000002,terminal_NH2_F0,surface,0.421875,0.000421875
325.0,1.2000000000000002,terminal_NH2_F1,surface,50.2578125,0.0502578125
325.0,1.2000000000000002,terminal_NH2_F2,surface,92.53125,0.09253125
325.0,1.2000000000000002,terminal_NH2_F3,surface,0.046875,4.6875e-05
325.0,1.2000000000000002,terminal_NH2_residual,surface,0.0,0.0
325.0,1.2000000000000002,terminal_NH2_F0_HF,surface,0.0,0.0
325.0,1.2000000000000002,terminal_NH2_F1_HF,surface,1.9921875,0.0019921875
325.0,1.2000000000000002,terminal_NH2_F2_HF,surface,4.75,0.00475
325.0,1.2000000000000002,terminal_NH2_F3_HF,surface,0.0,0.0
325.0,1.2000000000000002,Si_H_rich_F0,surface,95.125,0.095125
325.0,1.2000000000000002,Si_H_rich_F1,surface,0.0,0.0
325.0,1.2000000000000002,Si_H_rich_F2,surface,0.0,0.0
325.0,1.2000000000000002,Si_H_rich_F3,surface,0.0,0.0
325.0,1.2000000000000002,Si_H_rich_residual,surface,0.0,0.0
325.0,1.2000000000000002,Si_H_rich_F0_HF,surface,4.875,0.004875
325.0,1.2000000000000002,Si_H_rich_F1_HF,surface,0.0,0.0
325.0,1.2000000000000002,Si_H_rich_F2_HF,surface,0.0,0.0
325.0,1.2000000000000002,Si_H_rich_F3_HF,surface,0.0,0.0
325.0,1.2000000000000002,bridge_N_F0,surface,99.171875,0.099171875
325.0,1.2000000000000002,bridge_N_F1,surface,41.1171875,0.0411171875
325.0,1.2000000000000002,bridge_N_F2,surface,2.9375,0.0029375
325.0,1.2000000000000002,bridge_N_F3,surface,0.0,0.0
325.0,1.2000000000000002,bridge_N_residual,surface,0.0,0.0
325.0,1.2000000000000002,bridge_N_F0_HF,surface,4.6484375,0.0046484375
325.0,1.2000000000000002,bridge_N_F1_HF,surface,1.9921875,0.0019921875
325.0,1.2000000000000002,bridge_N_F2_HF,surface,0.1328125,0.0001328125
325.0,1.2000000000000002,bridge_N_F3_HF,surface,0.0,0.0
325.0,1.2000000000000002,pre_SiH2F,surface,93.7578125,0.0937578125
325.0,1.2000000000000002,pre_SiH2F_HF,surface,4.6171875,0.0046171875
325.0,1.2000000000000002,pre_SiH2F_residual,surface,1.625,0.001625
325.0,1.2000000000000002,pre_SiHF2,surface,95.265625,0.095265625
325.0,1.2000000000000002,pre_SiHF2_HF,surface,4.734375,0.004734375
325.0,1.2000000000000002,pre_SiHF2_residual,surface,0.0,0.0
325.0,1.2000000000000002,Si_Si_F1,surface,91.6328125,0.0916328125
325.0,1.2000000000000002,Si_Si_F1_HF,surface,5.1171875,0.0051171875
325.0,1.2000000000000002,Si_Si_cleaved_F2_H,surface,3.25,0.00325
325.0,1.2000000000000002,HF,reservoir_net,-656.4140625,-0.6564140625
325.0,1.2000000000000002,H2,gas_product,0.0,0.0
325.0,1.2000000000000002,NH3,gas_product,246.953125,0.246953125
325.0,1.2000000000000002,SiF4,gas_product,0.3515625,0.0003515625
325.0,1.2000000000000002,SiH2F2,gas_product,1.625,0.001625
325.0,1.2000000000000002,SiHF3,gas_product,0.0,0.0
325.0,1.25,bridge_NH_F0,surface,0.5390625,0.0005390625
325.0,1.25,bridge_NH_F1,surface,277.8203125,0.2778203125
325.0,1.25,bridge_NH_F2,surface,7.375,0.007375
325.0,1.25,bridge_NH_F3,surface,0.1953125,0.0001953125
325.0,1.25,bridge_NH_residual,surface,0.421875,0.000421875
325.0,1.25,bridge_NH_F0_HF,surface,0.0,0.0
325.0,1.25,bridge_NH_F1_HF,surface,13.34375,0.01334375
325.0,1.25,bridge_NH_F2_HF,surface,0.3046875,0.0003046875
325.0,1.25,bridge_NH_F3_HF,surface,0.0,0.0
325.0,1.25,terminal_NH2_F0,surface,0.328125,0.000328125
325.0,1.25,terminal_NH2_F1,surface,47.671875,0.047671875
325.0,1.25,terminal_NH2_F2,surface,95.546875,0.095546875
325.0,1.25,terminal_NH2_F3,surface,0.046875,4.6875e-05
325.0,1.25,terminal_NH2_residual,surface,0.0,0.0
325.0,1.25,terminal_NH2_F0_HF,surface,0.0,0.0
325.0,1.25,terminal_NH2_F1_HF,surface,1.859375,0.001859375
325.0,1.25,terminal_NH2_F2_HF,surface,4.546875,0.004546875
325.0,1.25,terminal_NH2_F3_HF,surface,0.0,0.0
325.0,1.25,Si_H_rich_F0,surface,95.0546875,0.0950546875
325.0,1.25,Si_H_rich_F1,surface,0.0,0.0
325.0,1.25,Si_H_rich_F2,surface,0.0,0.0
325.0,1.25,Si_H_rich_F3,surface,0.0,0.0
325.0,1.25,Si_H_rich_residual,surface,0.0,0.0
325.0,1.25,Si_H_rich_F0_HF,surface,4.9453125,0.0049453125
325.0,1.25,Si_H_rich_F1_HF,surface,0.0,0.0
325.0,1.25,Si_H_rich_F2_HF,surface,0.0,0.0
325.0,1.25,Si_H_rich_F3_HF,surface,0.0,0.0
325.0,1.25,bridge_N_F0,surface,97.546875,0.097546875
325.0,1.25,bridge_N_F1,surface,42.265625,0.042265625
325.0,1.25,bridge_N_F2,surface,3.09375,0.00309375
325.0,1.25,bridge_N_F3,surface,0.0,0.0
325.0,1.25,bridge_N_residual,surface,0.0,0.0
325.0,1.25,bridge_N_F0_HF,surface,4.703125,0.004703125
325.0,1.25,bridge_N_F1_HF,surface,2.1953125,0.0021953125
325.0,1.25,bridge_N_F2_HF,surface,0.1953125,0.0001953125
325.0,1.25,bridge_N_F3_HF,surface,0.0,0.0
325.0,1.25,pre_SiH2F,surface,93.765625,0.093765625
325.0,1.25,pre_SiH2F_HF,surface,4.5625,0.0045625
325.0,1.25,pre_SiH2F_residual,surface,1.671875,0.001671875
325.0,1.25,pre_SiHF2,surface,95.4375,0.0954375
325.0,1.25,pre_SiHF2_HF,surface,4.5625,0.0045625
325.0,1.25,pre_SiHF2_residual,surface,0.0,0.0
325.0,1.25,Si_Si_F1,surface,92.109375,0.092109375
325.0,1.25,Si_Si_F1_HF,surface,4.546875,0.004546875
325.0,1.25,Si_Si_cleaved_F2_H,surface,3.34375,0.00334375
325.0,1.25,HF,reservoir_net,-660.4765625,-0.6604765625
325.0,1.25,H2,gas_product,0.0,0.0
325.0,1.25,NH3,gas_product,249.859375,0.249859375
325.0,1.25,SiF4,gas_product,0.421875,0.000421875
325.0,1.25,SiH2F2,gas_product,1.671875,0.001671875
325.0,1.25,SiHF3,gas_product,0.0,0.0
325.0,1.3,bridge_NH_F0,surface,0.4375,0.0004375
325.0,1.3,bridge_NH_F1,surface,276.890625,0.276890625
325.0,1.3,bridge_NH_F2,surface,7.5859375,0.0075859375
325.0,1.3,bridge_NH_F3,surface,0.2265625,0.0002265625
325.0,1.3,bridge_NH_residual,surface,0.4609375,0.0004609375
325.0,1.3,bridge_NH_F0_HF,surface,0.0,0.0
325.0,1.3,bridge_NH_F1_HF,surface,13.9921875,0.0139921875
325.0,1.3,bridge_NH_F2_HF,surface,0.40625,0.00040625
325.0,1.3,bridge_NH_F3_HF,surface,0.0,0.0
325.0,1.3,terminal_NH2_F0,surface,0.25,0.00025
325.0,1.3,terminal_NH2_F1,surface,45.34375,0.04534375
325.0,1.3,terminal_NH2_F2,surface,97.4609375,0.0974609375
325.0,1.3,terminal_NH2_F3,surface,0.046875,4.6875e-05
325.0,1.3,terminal_NH2_residual,surface,0.0,0.0
325.0,1.3,terminal_NH2_F0_HF,surface,0.0,0.0
325.0,1.3,terminal_NH2_F1_HF,surface,1.8125,0.0018125
325.0,1.3,terminal_NH2_F2_HF,surface,5.0859375,0.0050859375
325.0,1.3,terminal_NH2_F3_HF,surface,0.0,0.0
325.0,1.3,Si_H_rich_F0,surface,95.109375,0.095109375
325.0,1.3,Si_H_rich_F1,surface,0.0,0.0
325.0,1.3,Si_H_rich_F2,surface,0.0,0.0
325.0,1.3,Si_H_rich_F3,surface,0.0,0.0
325.0,1.3,Si_H_rich_residual,surface,0.0,0.0
325.0,1.3,Si_H_rich_F0_HF,surface,4.890625,0.004890625
325.0,1.3,Si_H_rich_F1_HF,surface,0.0,0.0
325.0,1.3,Si_H_rich_F2_HF,surface,0.0,0.0
325.0,1.3,Si_H_rich_F3_HF,surface,0.0,0.0
325.0,1.3,bridge_N_F0,surface,96.1640625,0.0961640625
325.0,1.3,bridge_N_F1,surface,43.4453125,0.0434453125
325.0,1.3,bridge_N_F2,surface,3.34375,0.00334375
325.0,1.3,bridge_N_F3,surface,0.0,0.0
325.0,1.3,bridge_N_residual,surface,0.0,0.0
325.0,1.3,bridge_N_F0_HF,surface,4.546875,0.004546875
325.0,1.3,bridge_N_F1_HF,surface,2.3203125,0.0023203125
325.0,1.3,bridge_N_F2_HF,surface,0.1796875,0.0001796875
325.0,1.3,bridge_N_F3_HF,surface,0.0,0.0
325.0,1.3,pre_SiH2F,surface,93.84375,0.09384375
325.0,1.3,pre_SiH2F_HF,surface,4.421875,0.004421875
325.0,1.3,pre_SiH2F_residual,surface,1.734375,0.001734375
325.0,1.3,pre_SiHF2,surface,95.296875,0.095296875
325.0,1.3,pre_SiHF2_HF,surface,4.703125,0.004703125
325.0,1.3,pre_SiHF2_residual,surface,0.0,0.0
325.0,1.3,Si_Si_F1,surface,92.3125,0.0923125
325.0,1.3,Si_Si_F1_HF,surface,4.265625,0.004265625
325.0,1.3,Si_Si_cleaved_F2_H,surface,3.421875,0.003421875
325.0,1.3,HF,reservoir_net,-666.375,-0.666375
325.0,1.3,H2,gas_product,0.0,0.0
325.0,1.3,NH3,gas_product,252.390625,0.252390625
325.0,1.3,SiF4,gas_product,0.4609375,0.0004609375
325.0,1.3,SiH2F2,gas_product,1.734375,0.001734375
325.0,1.3,SiHF3,gas_product,0.0,0.0
325.0,1.35,bridge_NH_F0,surface,0.359375,0.000359375
325.0,1.35,bridge_NH_F1,surface,277.203125,0.277203125
325.0,1.35,bridge_NH_F2,surface,7.859375,0.007859375
325.0,1.35,bridge_NH_F3,surface,0.2421875,0.0002421875
325.0,1.35,bridge_NH_residual,surface,0.5,0.0005
325.0,1.35,bridge_NH_F0_HF,surface,0.0,0.0
325.0,1.35,bridge_NH_F1_HF,surface,13.4765625,0.0134765625
325.0,1.35,bridge_NH_F2_HF,surface,0.359375,0.000359375
325.0,1.35,bridge_NH_F3_HF,surface,0.0,0.0
325.0,1.35,terminal_NH2_F0,surface,0.1796875,0.0001796875
325.0,1.35,terminal_NH2_F1,surface,42.8046875,0.0428046875
325.0,1.35,terminal_NH2_F2,surface,100.3359375,0.1003359375
325.0,1.35,terminal_NH2_F3,surface,0.046875,4.6875e-05
325.0,1.35,terminal_NH2_residual,surface,0.0,0.0
325.0,1.35,terminal_NH2_F0_HF,surface,0.0,0.0
325.0,1.35,terminal_NH2_F1_HF,surface,1.8671875,0.0018671875
325.0,1.35,terminal_NH2_F2_HF,surface,4.765625,0.004765625
325.0,1.35,terminal_NH2_F3_HF,surface,0.0,0.0
325.0,1.35,Si_H_rich_F0,surface,95.140625,0.095140625
325.0,1.35,Si_H_rich_F1,surface,0.0,0.0
325.0,1.35,Si_H_rich_F2,surface,0.0,0.0
325.0,1.35,Si_H_rich_F3,surface,0.0,0.0
325.0,1.35,Si_H_rich_residual,surface,0.0,0.0
325.0,1.35,Si_H_rich_F0_HF,surface,4.859375,0.004859375
325.0,1.35,Si_H_rich_F1_HF,surface,0.0,0.0
325.0,1.35,Si_H_rich_F2_HF,surface,0.0,0.0
325.0,1.35,Si_H_rich_F3_HF,surface,0.0,0.0
325.0,1.35,bridge_N_F0,surface,94.7578125,0.0947578125
325.0,1.35,bridge_N_F1,surface,44.796875,0.044796875
325.0,1.35,bridge_N_F2,surface,3.609375,0.003609375
325.0,1.35,bridge_N_F3,surface,0.0,0.0
325.0,1.35,bridge_N_residual,surface,0.0,0.0
325.0,1.35,bridge_N_F0_HF,surface,4.421875,0.004421875
325.0,1.35,bridge_N_F1_HF,surface,2.2578125,0.0022578125
325.0,1.35,bridge_N_F2_HF,surface,0.15625,0.00015625
325.0,1.35,bridge_N_F3_HF,surface,0.0,0.0
325.0,1.35,pre_SiH2F,surface,93.3984375,0.0933984375
325.0,1.35,pre_SiH2F_HF,surface,4.828125,0.004828125
325.0,1.35,pre_SiH2F_residual,surface,1.7734375,0.0017734375
325.0,1.35,pre_SiHF2,surface,95.140625,0.095140625
325.0,1.35,pre_SiHF2_HF,surface,4.859375,0.004859375
325.0,1.35,pre_SiHF2_residual,surface,0.0,0.0
325.0,1.35,Si_Si_F1,surface,92.2578125,0.0922578125
325.0,1.35,Si_Si_F1_HF,surface,4.1875,0.0041875
325.0,1.35,Si_Si_cleaved_F2_H,surface,3.5546875,0.0035546875
325.0,1.35,HF,reservoir_net,-670.8125,-0.6708125
325.0,1.35,H2,gas_product,0.0,0.0
325.0,1.35,NH3,gas_product,255.015625,0.255015625
325.0,1.35,SiF4,gas_product,0.5,0.0005
325.0,1.35,SiH2F2,gas_product,1.7734375,0.0017734375
325.0,1.35,SiHF3,gas_product,0.0,0.0
325.0,1.4000000000000001,bridge_NH_F0,surface,0.2734375,0.0002734375
325.0,1.4000000000000001,bridge_NH_F1,surface,276.921875,0.276921875
325.0,1.4000000000000001,bridge_NH_F2,surface,8.359375,0.008359375
325.0,1.4000000000000001,bridge_NH_F3,surface,0.28125,0.00028125
325.0,1.4000000000000001,bridge_NH_residual,surface,0.5390625,0.0005390625
325.0,1.4000000000000001,bridge_NH_F0_HF,surface,0.0,0.0
325.0,1.4000000000000001,bridge_NH_F1_HF,surface,13.3046875,0.0133046875
325.0,1.4000000000000001,bridge_NH_F2_HF,surface,0.3203125,0.0003203125
325.0,1.4000000000000001,bridge_NH_F3_HF,surface,0.0,0.0
325.0,1.4000000000000001,terminal_NH2_F0,surface,0.1171875,0.0001171875
325.0,1.4000000000000001,terminal_NH2_F1,surface,40.953125,0.040953125
325.0,1.4000000000000001,terminal_NH2_F2,surface,102.3671875,0.1023671875
325.0,1.4000000000000001,terminal_NH2_F3,surface,0.0546875,5.46875e-05
325.0,1.4000000000000001,terminal_NH2_residual,surface,0.0,0.0
325.0,1.4000000000000001,terminal_NH2_F0_HF,surface,0.0,0.0
325.0,1.4000000000000001,terminal_NH2_F1_HF,surface,1.5859375,0.0015859375
325.0,1.4000000000000001,terminal_NH2_F2_HF,surface,4.921875,0.004921875
325.0,1.4000000000000001,terminal_NH2_F3_HF,surface,0.0,0.0
325.0,1.4000000000000001,Si_H_rich_F0,surface,95.1640625,0.0951640625
325.0,1.4000000000000001,Si_H_rich_F1,surface,0.0,0.0
325.0,1.4000000000000001,Si_H_rich_F2,surface,0.0,0.0
325.0,1.4000000000000001,Si_H_rich_F3,surface,0.0,0.0
325.0,1.4000000000000001,Si_H_rich_residual,surface,0.0,0.0
325.0,1.4000000000000001,Si_H_rich_F0_HF,surface,4.8359375,0.0048359375
325.0,1.4000000000000001,Si_H_rich_F1_HF,surface,0.0,0.0
325.0,1.4000000000000001,Si_H_rich_F2_HF,surface,0.0,0.0
325.0,1.4000000000000001,Si_H_rich_F3_HF,surface,0.0,0.0
325.0,1.4000000000000001,bridge_N_F0,surface,93.2109375,0.0932109375
325.0,1.4000000000000001,bridge_N_F1,surface,46.0859375,0.0460859375
325.0,1.4000000000000001,bridge_N_F2,surface,3.8671875,0.0038671875
325.0,1.4000000000000001,bridge_N_F3,surface,0.0,0.0
325.0,1.4000000000000001,bridge_N_residual,surface,0.0,0.0
325.0,1.4000000000000001,bridge_N_F0_HF,surface,4.3359375,0.0043359375
325.0,1.4000000000000001,bridge_N_F1_HF,surface,2.3046875,0.0023046875
325.0,1.4000000000000001,bridge_N_F2_HF,surface,0.1953125,0.0001953125
325.0,1.4000000000000001,bridge_N_F3_HF,surface,0.0,0.0
325.0,1.4000000000000001,pre_SiH2F,surface,93.2109375,0.0932109375
325.0,1.4000000000000001,pre_SiH2F_HF,surface,4.9609375,0.0049609375
325.0,1.4000000000000001,pre_SiH2F_residual,surface,1.828125,0.001828125
325.0,1.4000000000000001,pre_SiHF2,surface,95.0703125,0.0950703125
325.0,1.4000000000000001,pre_SiHF2_HF,surface,4.9296875,0.0049296875
325.0,1.4000000000000001,pre_SiHF2_residual,surface,0.0,0.0
325.0,1.4000000000000001,Si_Si_F1,surface,91.765625,0.091765625
325.0,1.4000000000000001,Si_Si_F1_HF,surface,4.59375,0.00459375
325.0,1.4000000000000001,Si_Si_cleaved_F2_H,surface,3.640625,0.003640625
325.0,1.4000000000000001,HF,reservoir_net,-676.140625,-0.676140625
325.0,1.4000000000000001,H2,gas_product,0.0,0.0
325.0,1.4000000000000001,NH3,gas_product,257.28125,0.25728125
325.0,1.4000000000000001,SiF4,gas_product,0.5390625,0.0005390625
325.0,1.4000000000000001,SiH2F2,gas_product,1.828125,0.001828125
325.0,1.4000000000000001,SiHF3,gas_product,0.0,0.0
325.0,1.4500000000000002,bridge_NH_F0,surface,0.21875,0.00021875
325.0,1.4500000000000002,bridge_NH_F1,surface,276.703125,0.276703125
325.0,1.4500000000000002,bridge_NH_F2,surface,8.484375,0.008484375
325.0,1.4500000000000002,bridge_NH_F3,surface,0.296875,0.000296875
325.0,1.4500000000000002,bridge_NH_residual,surface,0.6015625,0.0006015625
325.0,1.4500000000000002,bridge_NH_F0_HF,surface,0.0,0.0
325.0,1.4500000000000002,bridge_NH_F1_HF,surface,13.140625,0.013140625
325.0,1.4500000000000002,bridge_NH_F2_HF,surface,0.5546875,0.0005546875
325.0,1.4500000000000002,bridge_NH_F3_HF,surface,0.0,0.0
325.0,1.4500000000000002,terminal_NH2_F0,surface,0.09375,9.375e-05
325.0,1.4500000000000002,terminal_NH2_F1,surface,38.8125,0.0388125
325.0,1.4500000000000002,terminal_NH2_F2,surface,104.2890625,0.1042890625
325.0,1.4500000000000002,terminal_NH2_F3,surface,0.046875,4.6875e-05
325.0,1.4500000000000002,terminal_NH2_residual,surface,0.0,0.0
325.0,1.4500000000000002,terminal_NH2_F0_HF,surface,0.0,0.0
325.0,1.4500000000000002,terminal_NH2_F1_HF,surface,1.4453125,0.0014453125
325.0,1.4500000000000002,terminal_NH2_F2_HF,surface,5.3046875,0.0053046875
325.0,1.4500000000000002,terminal_NH2_F3_HF,surface,0.0078125,7.8125e-06
325.0,1.4500000000000002,Si_H_rich_F0,surface,94.984375,0.094984375
325.0,1.4500000000000002,Si_H_rich_F1,surface,0.0,0.0
325.0,1.4500000000000002,Si_H_rich_F2,surface,0.0,0.0
325.0,1.4500000000000002,Si_H_rich_F3,surface,0.0,0.0
325.0,1.4500000000000002,Si_H_rich_residual,surface,0.0,0.0
325.0,1.4500000000000002,Si_H_rich_F0_HF,surface,5.015625,0.005015625
325.0,1.4500000000000002,Si_H_rich_F1_HF,surface,0.0,0.0
325.0,1.4500000000000002,Si_H_rich_F2_HF,surface,0.0,0.0
325.0,1.4500000000000002,Si_H_rich_F3_HF,surface,0.0,0.0
325.0,1.4500000000000002,bridge_N_F0,surface,92.0234375,0.0920234375
325.0,1.4500000000000002,bridge_N_F1,surface,47.2109375,0.0472109375
325.0,1.4500000000000002,bridge_N_F2,surface,4.1640625,0.0041640625
325.0,1.4500000000000002,bridge_N_F3,surface,0.0,0.0
325.0,1.4500000000000002,bridge_N_residual,surface,0.0,0.0
325.0,1.4500000000000002,bridge_N_F0_HF,surface,4.125,0.004125
325.0,1.4500000000000002,bridge_N_F1_HF,surface,2.296875,0.002296875
325.0,1.4500000000000002,bridge_N_F2_HF,surface,0.1796875,0.0001796875
325.0,1.4500000000000002,bridge_N_F3_HF,surface,0.0,0.0
325.0,1.4500000000000002,pre_SiH2F,surface,93.640625,0.093640625
325.0,1.4500000000000002,pre_SiH2F_HF,surface,4.4453125,0.0044453125
325.0,1.4500000000000002,pre_SiH2F_residual,surface,1.9140625,0.0019140625
325.0,1.4500000000000002,pre_SiHF2,surface,95.1171875,0.0951171875
325.0,1.4500000000000002,pre_SiHF2_HF,surface,4.8828125,0.0048828125
325.0,1.4500000000000002,pre_SiHF2_residual,surface,0.0,0.0
325.0,1.4500000000000002,Si_Si_F1,surface,91.78125,0.09178125
325.0,1.4500000000000002,Si_Si_F1_HF,surface,4.4375,0.0044375
325.0,1.4500000000000002,Si_Si_cleaved_F2_H,surface,3.78125,0.00378125
325.0,1.4500000000000002,HF,reservoir_net,-680.5546875,-0.6805546875
325.0,1.4500000000000002,H2,gas_product,0.0,0.0
325.0,1.4500000000000002,NH3,gas_product,259.609375,0.259609375
325.0,1.4500000000000002,SiF4,gas_product,0.6015625,0.0006015625
325.0,1.4500000000000002,SiH2F2,gas_product,1.9140625,0.0019140625
325.0,1.4500000000000002,SiHF3,gas_product,0.0,0.0
325.0,1.5,bridge_NH_F0,surface,0.1484375,0.0001484375
325.0,1.5,bridge_NH_F1,surface,275.53125,0.27553125
325.0,1.5,bridge_NH_F2,surface,8.9453125,0.0089453125
325.0,1.5,bridge_NH_F3,surface,0.2890625,0.0002890625
325.0,1.5,bridge_NH_residual,surface,0.6953125,0.0006953125
325.0,1.5,bridge_NH_F0_HF,surface,0.0,0.0
325.0,1.5,bridge_NH_F1_HF,surface,13.8828125,0.0138828125
325.0,1.5,bridge_NH_F2_HF,surface,0.5078125,0.0005078125
325.0,1.5,bridge_NH_F3_HF,surface,0.0,0.0
325.0,1.5,terminal_NH2_F0,surface,0.0625,6.25e-05
325.0,1.5,terminal_NH2_F1,surface,36.7734375,0.0367734375
325.0,1.5,terminal_NH2_F2,surface,106.234375,0.106234375
325.0,1.5,terminal_NH2_F3,surface,0.0625,6.25e-05
325.0,1.5,terminal_NH2_residual,surface,0.0,0.0
325.0,1.5,terminal_NH2_F0_HF,surface,0.0,0.0
325.0,1.5,terminal_NH2_F1_HF,surface,1.5,0.0015
325.0,1.5,terminal_NH2_F2_HF,surface,5.3671875,0.0053671875
325.0,1.5,terminal_NH2_F3_HF,surface,0.0,0.0
325.0,1.5,Si_H_rich_F0,surface,95.46875,0.09546875
325.0,1.5,Si_H_rich_F1,surface,0.0,0.0
325.0,1.5,Si_H_rich_F2,surface,0.0,0.0
325.0,1.5,Si_H_rich_F3,surface,0.0,0.0
325.0,1.5,Si_H_rich_residual,surface,0.0,0.0
325.0,1.5,Si_H_rich_F0_HF,surface,4.53125,0.00453125
325.0,1.5,Si_H_rich_F1_HF,surface,0.0,0.0
325.0,1.5,Si_H_rich_F2_HF,surface,0.0,0.0
325.0,1.5,Si_H_rich_F3_HF,surface,0.0,0.0
325.0,1.5,bridge_N_F0,surface,90.3125,0.0903125
325.0,1.5,bridge_N_F1,surface,48.4453125,0.0484453125
325.0,1.5,bridge_N_F2,surface,4.421875,0.004421875
325.0,1.5,bridge_N_F3,surface,0.0,0.0
325.0,1.5,bridge_N_residual,surface,0.0,0.0
325.0,1.5,bridge_N_F0_HF,surface,4.265625,0.004265625
325.0,1.5,bridge_N_F1_HF,surface,2.2578125,0.0022578125
325.0,1.5,bridge_N_F2_HF,surface,0.296875,0.000296875
325.0,1.5,bridge_N_F3_HF,surface,0.0,0.0
325.0,1.5,pre_SiH2F,surface,93.578125,0.093578125
325.0,1.5,pre_SiH2F_HF,surface,4.4296875,0.0044296875
325.0,1.5,pre_SiH2F_residual,surface,1.9921875,0.0019921875
325.0,1.5,pre_SiHF2,surface,95.1796875,0.0951796875
325.0,1.5,pre_SiHF2_HF,surface,4.8203125,0.0048203125
325.0,1.5,pre_SiHF2_residual,surface,0.0,0.0
325.0,1.5,Si_Si_F1,surface,91.6484375,0.0916484375
325.0,1.5,Si_Si_F1_HF,surface,4.4453125,0.0044453125
325.0,1.5,Si_Si_cleaved_F2_H,surface,3.90625,0.00390625
325.0,1.5,HF,reservoir_net,-685.9765625,-0.6859765625
325.0,1.5,H2,gas_product,0.0,0.0
325.0,1.5,NH3,gas_product,261.6640625,0.2616640625
325.0,1.5,SiF4,gas_product,0.6953125,0.0006953125
325.0,1.5,SiH2F2,gas_product,1.9921875,0.0019921875
325.0,1.5,SiHF3,gas_product,0.0,0.0
325.0,1.55,bridge_NH_F0,surface,0.125,0.000125
325.0,1.55,bridge_NH_F1,surface,275.3515625,0.2753515625
325.0,1.55,bridge_NH_F2,surface,9.3515625,0.0093515625
325.0,1.55,bridge_NH_F3,surface,0.25,0.00025
325.0,1.55,bridge_NH_residual,surface,0.7890625,0.0007890625
325.0,1.55,bridge_NH_F0_HF,surface,0.0,0.0
325.0,1.55,bridge_NH_F1_HF,surface,13.6953125,0.0136953125
325.0,1.55,bridge_NH_F2_HF,surface,0.4375,0.0004375
325.0,1.55,bridge_NH_F3_HF,surface,0.0,0.0
325.0,1.55,terminal_NH2_F0,surface,0.0390625,3.90625e-05
325.0,1.55,terminal_NH2_F1,surface,35.0234375,0.0350234375
325.0,1.55,terminal_NH2_F2,surface,107.78125,0.10778125
325.0,1.55,terminal_NH2_F3,surface,0.0703125,7.03125e-05
325.0,1.55,terminal_NH2_residual,surface,0.0,0.0
325.0,1.55,terminal_NH2_F0_HF,surface,0.0,0.0
325.0,1.55,terminal_NH2_F1_HF,surface,1.328125,0.001328125
325.0,1.55,terminal_NH2_F2_HF,surface,5.7578125,0.0057578125
325.0,1.55,terminal_NH2_F3_HF,surface,0.0,0.0
325.0,1.55,Si_H_rich_F0,surface,95.1328125,0.0951328125
325.0,1.55,Si_H_rich_F1,surface,0.0,0.0
325.0,1.55,Si_H_rich_F2,surface,0.0,0.0
325.0,1.55,Si_H_rich_F3,surface,0.0,0.0
325.0,1.55,Si_H_rich_residual,surface,0.0,0.0
325.0,1.55,Si_H_rich_F0_HF,surface,4.8671875,0.0048671875
325.0,1.55,Si_H_rich_F1_HF,surface,0.0,0.0
325.0,1.55,Si_H_rich_F2_HF,surface,0.0,0.0
325.0,1.55,Si_H_rich_F3_HF,surface,0.0,0.0
325.0,1.55,bridge_N_F0,surface,88.75,0.08875
325.0,1.55,bridge_N_F1,surface,49.40625,0.04940625
325.0,1.55,bridge_N_F2,surface,4.75,0.00475
325.0,1.55,bridge_N_F3,surface,0.0,0.0
325.0,1.55,bridge_N_residual,surface,0.0,0.0
325.0,1.55,bridge_N_F0_HF,surface,4.375,0.004375
325.0,1.55,bridge_N_F1_HF,surface,2.4609375,0.0024609375
325.0,1.55,bridge_N_F2_HF,surface,0.2578125,0.0002578125
325.0,1.55,bridge_N_F3_HF,surface,0.0,0.0
325.0,1.55,pre_SiH2F,surface,93.6015625,0.0936015625
325.0,1.55,pre_SiH2F_HF,surface,4.34375,0.00434375
325.0,1.55,pre_SiH2F_residual,surface,2.0546875,0.0020546875
325.0,1.55,pre_SiHF2,surface,95.3125,0.0953125
325.0,1.55,pre_SiHF2_HF,surface,4.6875,0.0046875
325.0,1.55,pre_SiHF2_residual,surface,0.0,0.0
325.0,1.55,Si_Si_F1,surface,91.5390625,0.0915390625
325.0,1.55,Si_Si_F1_HF,surface,4.453125,0.004453125
325.0,1.55,Si_Si_cleaved_F2_H,surface,4.0078125,0.0040078125
325.0,1.55,HF,reservoir_net,-690.78125,-0.69078125
325.0,1.55,H2,gas_product,0.0,0.0
325.0,1.55,NH3,gas_product,263.640625,0.263640625
325.0,1.55,SiF4,gas_product,0.7890625,0.0007890625
325.0,1.55,SiH2F2,gas_product,2.0546875,0.0020546875
325.0,1.55,SiHF3,gas_product,0.0,0.0
325.0,1.6,bridge_NH_F0,surface,0.09375,9.375e-05
325.0,1.6,bridge_NH_F1,surface,275.296875,0.275296875
325.0,1.6,bridge_NH_F2,surface,9.6953125,0.0096953125
325.0,1.6,bridge_NH_F3,surface,0.234375,0.000234375
325.0,1.6,bridge_NH_residual,surface,0.8828125,0.0008828125
325.0,1.6,bridge_NH_F0_HF,surface,0.0,0.0
325.0,1.6,bridge_NH_F1_HF,surface,13.3671875,0.0133671875
325.0,1.6,bridge_NH_F2_HF,surface,0.4296875,0.0004296875
325.0,1.6,bridge_NH_F3_HF,surface,0.0,0.0
325.0,1.6,terminal_NH2_F0,surface,0.015625,1.5625e-05
325.0,1.6,terminal_NH2_F1,surface,33.15625,0.03315625
325.0,1.6,terminal_NH2_F2,surface,109.84375,0.10984375
325.0,1.6,terminal_NH2_F3,surface,0.078125,7.8125e-05
325.0,1.6,terminal_NH2_residual,surface,0.0,0.0
325.0,1.6,terminal_NH2_F0_HF,surface,0.0,0.0
325.0,1.6,terminal_NH2_F1_HF,surface,1.3203125,0.0013203125
325.0,1.6,terminal_NH2_F2_HF,surface,5.578125,0.005578125
325.0,1.6,terminal_NH2_F3_HF,surface,0.0078125,7.8125e-06
325.0,1.6,Si_H_rich_F0,surface,95.3671875,0.0953671875
325.0,1.6,Si_H_rich_F1,surface,0.0,0.0
325.0,1.6,Si_H_rich_F2,surface,0.0,0.0
325.0,1.6,Si_H_rich_F3,surface,0.0,0.0
325.0,1.6,Si_H_rich_residual,surface,0.0,0.0
325.0,1.6,Si_H_rich_F0_HF,surface,4.6328125,0.0046328125
325.0,1.6,Si_H_rich_F1_HF,surface,0.0,0.0
325.0,1.6,Si_H_rich_F2_HF,surface,0.0,0.0
325.0,1.6,Si_H_rich_F3_HF,surface,0.0,0.0
325.0,1.6,bridge_N_F0,surface,87.2578125,0.0872578125
325.0,1.6,bridge_N_F1,surface,50.5625,0.0505625
325.0,1.6,bridge_N_F2,surface,5.1015625,0.0051015625
325.0,1.6,bridge_N_F3,surface,0.0,0.0
325.0,1.6,bridge_N_residual,surface,0.0,0.0
325.0,1.6,bridge_N_F0_HF,surface,4.328125,0.004328125
325.0,1.6,bridge_N_F1_HF,surface,2.546875,0.002546875
325.0,1.6,bridge_N_F2_HF,surface,0.203125,0.000203125
325.0,1.6,bridge_N_F3_HF,surface,0.0,0.0
325.0,1.6,pre_SiH2F,surface,93.1015625,0.0931015625
325.0,1.6,pre_SiH2F_HF,surface,4.7890625,0.0047890625
325.0,1.6,pre_SiH2F_residual,surface,2.109375,0.002109375
325.0,1.6,pre_SiHF2,surface,95.21875,0.09521875
325.0,1.6,pre_SiHF2_HF,surface,4.78125,0.00478125
325.0,1.6,pre_SiHF2_residual,surface,0.0,0.0
325.0,1.6,Si_Si_F1,surface,91.4765625,0.0914765625
325.0,1.6,Si_Si_F1_HF,surface,4.4453125,0.0044453125
325.0,1.6,Si_Si_cleaved_F2_H,surface,4.078125,0.004078125
325.0,1.6,HF,reservoir_net,-695.0625,-0.6950625
325.0,1.6,H2,gas_product,0.0,0.0
325.0,1.6,NH3,gas_product,265.578125,0.265578125
325.0,1.6,SiF4,gas_product,0.8828125,0.0008828125
325.0,1.6,SiH2F2,gas_product,2.109375,0.002109375
325.0,1.6,SiHF3,gas_product,0.0,0.0
325.0,1.6500000000000001,bridge_NH_F0,surface,0.078125,7.8125e-05
325.0,1.6500000000000001,bridge_NH_F1,surface,274.765625,0.274765625
325.0,1.6500000000000001,bridge_NH_F2,surface,9.953125,0.009953125
325.0,1.6500000000000001,bridge_NH_F3,surface,0.2421875,0.0002421875
325.0,1.6500000000000001,bridge_NH_residual,surface,0.953125,0.000953125
325.0,1.6500000000000001,bridge_NH_F0_HF,surface,0.0,0.0
325.0,1.6500000000000001,bridge_NH_F1_HF,surface,13.546875,0.013546875
325.0,1.6500000000000001,bridge_NH_F2_HF,surface,0.4609375,0.0004609375
325.0,1.6500000000000001,bridge_NH_F3_HF,surface,0.0,0.0
325.0,1.6500000000000001,terminal_NH2_F0,surface,0.015625,1.5625e-05
325.0,1.6500000000000001,terminal_NH2_F1,surface,31.4296875,0.0314296875
325.0,1.6500000000000001,terminal_NH2_F2,surface,111.890625,0.111890625
325.0,1.6500000000000001,terminal_NH2_F3,surface,0.1015625,0.0001015625
325.0,1.6500000000000001,terminal_NH2_residual,surface,0.0,0.0
325.0,1.6500000000000001,terminal_NH2_F0_HF,surface,0.0,0.0
325.0,1.6500000000000001,terminal_NH2_F1_HF,surface,1.1796875,0.0011796875
325.0,1.6500000000000001,terminal_NH2_F2_HF,surface,5.3828125,0.0053828125
325.0,1.6500000000000001,terminal_NH2_F3_HF,surface,0.0,0.0
325.0,1.6500000000000001,Si_H_rich_F0,surface,95.3984375,0.0953984375
325.0,1.6500000000000001,Si_H_rich_F1,surface,0.0,0.0
325.0,1.6500000000000001,Si_H_rich_F2,surface,0.0,0.0
325.0,1.6500000000000001,Si_H_rich_F3,surface,0.0,0.0
325.0,1.6500000000000001,Si_H_rich_residual,surface,0.0,0.0
325.0,1.6500000000000001,Si_H_rich_F0_HF,surface,4.6015625,0.0046015625
325.0,1.6500000000000001,Si_H_rich_F1_HF,surface,0.0,0.0
325.0,1.6500000000000001,Si_H_rich_F2_HF,surface,0.0,0.0
325.0,1.6500000000000001,Si_H_rich_F3_HF,surface,0.0,0.0
325.0,1.6500000000000001,bridge_N_F0,surface,85.796875,0.085796875
325.0,1.6500000000000001,bridge_N_F1,surface,51.6875,0.0516875
325.0,1.6500000000000001,bridge_N_F2,surface,5.3203125,0.0053203125
325.0,1.6500000000000001,bridge_N_F3,surface,0.0,0.0
325.0,1.6500000000000001,bridge_N_residual,surface,0.0,0.0
325.0,1.6500000000000001,bridge_N_F0_HF,surface,4.234375,0.004234375
325.0,1.6500000000000001,bridge_N_F1_HF,surface,2.6328125,0.0026328125
325.0,1.6500000000000001,bridge_N_F2_HF,surface,0.328125,0.000328125
325.0,1.6500000000000001,bridge_N_F3_HF,surface,0.0,0.0
325.0,1.6500000000000001,pre_SiH2F,surface,93.28125,0.09328125
325.0,1.6500000000000001,pre_SiH2F_HF,surface,4.5546875,0.0045546875
325.0,1.6500000000000001,pre_SiH2F_residual,surface,2.1640625,0.0021640625
325.0,1.6500000000000001,pre_SiHF2,surface,95.5078125,0.0955078125
325.0,1.6500000000000001,pre_SiHF2_HF,surface,4.4921875,0.0044921875
325.0,1.6500000000000001,pre_SiHF2_residual,surface,0.0,0.0
325.0,1.6500000000000001,Si_Si_F1,surface,91.296875,0.091296875
325.0,1.6500000000000001,Si_Si_F1_HF,surface,4.515625,0.004515625
325.0,1.6500000000000001,Si_Si_cleaved_F2_H,surface,4.1875,0.0041875
325.0,1.6500000000000001,HF,reservoir_net,-699.0390625,-0.6990390625
325.0,1.6500000000000001,H2,gas_product,0.0,0.0
325.0,1.6500000000000001,NH3,gas_product,267.4609375,0.2674609375
325.0,1.6500000000000001,SiF4,gas_product,0.953125,0.000953125
325.0,1.6500000000000001,SiH2F2,gas_product,2.1640625,0.0021640625
325.0,1.6500000000000001,SiHF3,gas_product,0.0,0.0
325.0,1.7000000000000002,bridge_NH_F0,surface,0.0625,6.25e-05
325.0,1.7000000000000002,bridge_NH_F1,surface,274.125,0.274125
325.0,1.7000000000000002,bridge_NH_F2,surface,10.2421875,0.0102421875
325.0,1.7000000000000002,bridge_NH_F3,surface,0.3125,0.0003125
325.0,1.7000000000000002,bridge_NH_residual,surface,0.96875,0.00096875
325.0,1.7000000000000002,bridge_NH_F0_HF,surface,0.0,0.0
325.0,1.7000000000000002,bridge_NH_F1_HF,surface,13.828125,0.013828125
325.0,1.7000000000000002,bridge_NH_F2_HF,surface,0.4609375,0.0004609375
325.0,1.7000000000000002,bridge_NH_F3_HF,surface,0.0,0.0
325.0,1.7000000000000002,terminal_NH2_F0,surface,0.0078125,7.8125e-06
325.0,1.7000000000000002,terminal_NH2_F1,surface,29.7578125,0.0297578125
325.0,1.7000000000000002,terminal_NH2_F2,surface,113.0625,0.1130625
325.0,1.7000000000000002,terminal_NH2_F3,surface,0.109375,0.000109375
325.0,1.7000000000000002,terminal_NH2_residual,surface,0.0,0.0
325.0,1.7000000000000002,terminal_NH2_F0_HF,surface,0.0,0.0
325.0,1.7000000000000002,terminal_NH2_F1_HF,surface,1.1953125,0.0011953125
325.0,1.7000000000000002,terminal_NH2_F2_HF,surface,5.859375,0.005859375
325.0,1.7000000000000002,terminal_NH2_F3_HF,surface,0.0078125,7.8125e-06
325.0,1.7000000000000002,Si_H_rich_F0,surface,95.09375,0.09509375
325.0,1.7000000000000002,Si_H_rich_F1,surface,0.0,0.0
325.0,1.7000000000000002,Si_H_rich_F2,surface,0.0,0.0
325.0,1.7000000000000002,Si_H_rich_F3,surface,0.0,0.0
325.0,1.7000000000000002,Si_H_rich_residual,surface,0.0,0.0
325.0,1.7000000000000002,Si_H_rich_F0_HF,surface,4.90625,0.00490625
325.0,1.7000000000000002,Si_H_rich_F1_HF,surface,0.0,0.0
325.0,1.7000000000000002,Si_H_rich_F2_HF,surface,0.0,0.0
325.0,1.7000000000000002,Si_H_rich_F3_HF,surface,0.0,0.0
325.0,1.7000000000000002,bridge_N_F0,surface,84.53125,0.08453125
325.0,1.7000000000000002,bridge_N_F1,surface,52.8046875,0.0528046875
325.0,1.7000000000000002,bridge_N_F2,surface,5.5625,0.0055625
325.0,1.7000000000000002,bridge_N_F3,surface,0.0,0.0
325.0,1.7000000000000002,bridge_N_residual,surface,0.0,0.0
325.0,1.7000000000000002,bridge_N_F0_HF,surface,4.15625,0.00415625
325.0,1.7000000000000002,bridge_N_F1_HF,surface,2.6328125,0.0026328125
325.0,1.7000000000000002,bridge_N_F2_HF,surface,0.3125,0.0003125
325.0,1.7000000000000002,bridge_N_F3_HF,surface,0.0,0.0
325.0,1.7000000000000002,pre_SiH2F,surface,93.1171875,0.0931171875
325.0,1.7000000000000002,pre_SiH2F_HF,surface,4.671875,0.004671875
325.0,1.7000000000000002,pre_SiH2F_residual,surface,2.2109375,0.0022109375
325.0,1.7000000000000002,pre_SiHF2,surface,95.1875,0.0951875
325.0,1.7000000000000002,pre_SiHF2_HF,surface,4.8125,0.0048125
325.0,1.7000000000000002,pre_SiHF2_residual,surface,0.0,0.0
325.0,1.7000000000000002,Si_Si_F1,surface,91.0234375,0.0910234375
325.0,1.7000000000000002,Si_Si_F1_HF,surface,4.65625,0.00465625
325.0,1.7000000000000002,Si_Si_cleaved_F2_H,surface,4.3203125,0.0043203125
325.0,1.7000000000000002,HF,reservoir_net,-704.5390625,-0.7045390625
325.0,1.7000000000000002,H2,gas_product,0.0,0.0
325.0,1.7000000000000002,NH3,gas_product,269.1484375,0.2691484375
325.0,1.7000000000000002,SiF4,gas_product,0.96875,0.00096875
325.0,1.7000000000000002,SiH2F2,gas_product,2.2109375,0.0022109375
325.0,1.7000000000000002,SiHF3,gas_product,0.0,0.0
325.0,1.75,bridge_NH_F0,surface,0.0625,6.25e-05
325.0,1.75,bridge_NH_F1,surface,273.7421875,0.2737421875
325.0,1.75,bridge_NH_F2,surface,10.453125,0.010453125
325.0,1.75,bridge_NH_F3,surface,0.3359375,0.0003359375
325.0,1.75,bridge_NH_residual,surface,1.015625,0.001015625
325.0,1.75,bridge_NH_F0_HF,surface,0.0,0.0
325.0,1.75,bridge_NH_F1_HF,surface,13.7578125,0.0137578125
325.0,1.75,bridge_NH_F2_HF,surface,0.6328125,0.0006328125
325.0,1.75,bridge_NH_F3_HF,surface,0.0,0.0
325.0,1.75,terminal_NH2_F0,surface,0.0078125,7.8125e-06
325.0,1.75,terminal_NH2_F1,surface,28.0546875,0.0280546875
325.0,1.75,terminal_NH2_F2,surface,115.078125,0.115078125
325.0,1.75,terminal_NH2_F3,surface,0.125,0.000125
325.0,1.75,terminal_NH2_residual,surface,0.0,0.0
325.0,1.75,terminal_NH2_F0_HF,surface,0.0,0.0
325.0,1.75,terminal_NH2_F1_HF,surface,1.2421875,0.0012421875
325.0,1.75,terminal_NH2_F2_HF,surface,5.4921875,0.0054921875
325.0,1.75,terminal_NH2_F3_HF,surface,0.0,0.0
325.0,1.75,Si_H_rich_F0,surface,95.1953125,0.0951953125
325.0,1.75,Si_H_rich_F1,surface,0.0,0.0
325.0,1.75,Si_H_rich_F2,surface,0.0,0.0
325.0,1.75,Si_H_rich_F3,surface,0.0,0.0
325.0,1.75,Si_H_rich_residual,surface,0.0,0.0
325.0,1.75,Si_H_rich_F0_HF,surface,4.8046875,0.0048046875
325.0,1.75,Si_H_rich_F1_HF,surface,0.0,0.0
325.0,1.75,Si_H_rich_F2_HF,surface,0.0,0.0
325.0,1.75,Si_H_rich_F3_HF,surface,0.0,0.0
325.0,1.75,bridge_N_F0,surface,83.5,0.0835
325.0,1.75,bridge_N_F1,surface,54.0859375,0.0540859375
325.0,1.75,bridge_N_F2,surface,5.8671875,0.0058671875
325.0,1.75,bridge_N_F3,surface,0.0,0.0
325.0,1.75,bridge_N_residual,surface,0.0,0.0
325.0,1.75,bridge_N_F0_HF,surface,3.7734375,0.0037734375
325.0,1.75,bridge_N_F1_HF,surface,2.4296875,0.0024296875
325.0,1.75,bridge_N_F2_HF,surface,0.34375,0.00034375
325.0,1.75,bridge_N_F3_HF,surface,0.0,0.0
325.0,1.75,pre_SiH2F,surface,93.0703125,0.0930703125
325.0,1.75,pre_SiH2F_HF,surface,4.6796875,0.0046796875
325.0,1.75,pre_SiH2F_residual,surface,2.25,0.00225
325.0,1.75,pre_SiHF2,surface,95.546875,0.095546875
325.0,1.75,pre_SiHF2_HF,surface,4.453125,0.004453125
325.0,1.75,pre_SiHF2_residual,surface,0.0,0.0
325.0,1.75,Si_Si_F1,surface,91.265625,0.091265625
325.0,1.75,Si_Si_F1_HF,surface,4.2890625,0.0042890625
325.0,1.75,Si_Si_cleaved_F2_H,surface,4.4453125,0.0044453125
325.0,1.75,HF,reservoir_net,-707.0859375,-0.7070859375
325.0,1.75,H2,gas_product,0.0,0.0
325.0,1.75,NH3,gas_product,270.8125,0.2708125
325.0,1.75,SiF4,gas_product,1.015625,0.001015625
325.0,1.75,SiH2F2,gas_product,2.25,0.00225
325.0,1.75,SiHF3,gas_product,0.0,0.0
325.0,1.8,bridge_NH_F0,surface,0.0625,6.25e-05
325.0,1.8,bridge_NH_F1,surface,273.3203125,0.2733203125
325.0,1.8,bridge_NH_F2,surface,10.7265625,0.0107265625
325.0,1.8,bridge_NH_F3,surface,0.421875,0.000421875
325.0,1.8,bridge_NH_residual,surface,1.0625,0.0010625
325.0,1.8,bridge_NH_F0_HF,surface,0.0,0.0
325.0,1.8,bridge_NH_F1_HF,surface,13.828125,0.013828125
325.0,1.8,bridge_NH_F2_HF,surface,0.578125,0.000578125
325.0,1.8,bridge_NH_F3_HF,surface,0.0,0.0
325.0,1.8,terminal_NH2_F0,surface,0.0078125,7.8125e-06
325.0,1.8,terminal_NH2_F1,surface,26.4609375,0.0264609375
325.0,1.8,terminal_NH2_F2,surface,116.6796875,0.1166796875
325.0,1.8,terminal_NH2_F3,surface,0.1171875,0.0001171875
325.0,1.8,terminal_NH2_residual,surface,0.0,0.0
325.0,1.8,terminal_NH2_F0_HF,surface,0.0,0.0
325.0,1.8,terminal_NH2_F1_HF,surface,1.1015625,0.0011015625
325.0,1.8,terminal_NH2_F2_HF,surface,5.6171875,0.0056171875
325.0,1.8,terminal_NH2_F3_HF,surface,0.015625,1.5625e-05
325.0,1.8,Si_H_rich_F0,surface,95.5,0.0955
325.0,1.8,Si_H_rich_F1,surface,0.0,0.0
325.0,1.8,Si_H_rich_F2,surface,0.0,0.0
325.0,1.8,Si_H_rich_F3,surface,0.0,0.0
325.0,1.8,Si_H_rich_residual,surface,0.0,0.0
325.0,1.8,Si_H_rich_F0_HF,surface,4.5,0.0045
325.0,1.8,Si_H_rich_F1_HF,surface,0.0,0.0
325.0,1.8,Si_H_rich_F2_HF,surface,0.0,0.0
325.0,1.8,Si_H_rich_F3_HF,surface,0.0,0.0
325.0,1.8,bridge_N_F0,surface,81.9609375,0.0819609375
325.0,1.8,bridge_N_F1,surface,54.8828125,0.0548828125
325.0,1.8,bridge_N_F2,surface,6.2265625,0.0062265625
325.0,1.8,bridge_N_F3,surface,0.0,0.0
325.0,1.8,bridge_N_residual,surface,0.0,0.0
325.0,1.8,bridge_N_F0_HF,surface,4.0,0.004
325.0,1.8,bridge_N_F1_HF,surface,2.6171875,0.0026171875
325.0,1.8,bridge_N_F2_HF,surface,0.3125,0.0003125
325.0,1.8,bridge_N_F3_HF,surface,0.0,0.0
325.0,1.8,pre_SiH2F,surface,92.7734375,0.0927734375
325.0,1.8,pre_SiH2F_HF,surface,4.8984375,0.0048984375
325.0,1.8,pre_SiH2F_residual,surface,2.328125,0.002328125
325.0,1.8,pre_SiHF2,surface,95.140625,0.095140625
325.0,1.8,pre_SiHF2_HF,surface,4.859375,0.004859375
325.0,1.8,pre_SiHF2_residual,surface,0.0,0.0
325.0,1.8,Si_Si_F1,surface,91.0078125,0.0910078125
325.0,1.8,Si_Si_F1_HF,surface,4.3828125,0.0043828125
325.0,1.8,Si_Si_cleaved_F2_H,surface,4.609375,0.004609375
325.0,1.8,HF,reservoir_net,-712.0546875,-0.7120546875
325.0,1.8,H2,gas_product,0.0,0.0
325.0,1.8,NH3,gas_product,272.5546875,0.2725546875
325.0,1.8,SiF4,gas_product,1.0625,0.0010625
325.0,1.8,SiH2F2,gas_product,2.328125,0.002328125
325.0,1.8,SiHF3,gas_product,0.0,0.0
325.0,1.85,bridge_NH_F0,surface,0.0546875,5.46875e-05
325.0,1.85,bridge_NH_F1,surface,273.5625,0.2735625
325.0,1.85,bridge_NH_F2,surface,10.96875,0.01096875
325.0,1.85,bridge_NH_F3,surface,0.3984375,0.0003984375
325.0,1.85,bridge_NH_residual,surface,1.1796875,0.0011796875
325.0,1.85,bridge_NH_F0_HF,surface,0.0,0.0
325.0,1.85,bridge_NH_F1_HF,surface,13.2421875,0.0132421875
325.0,1.85,bridge_NH_F2_HF,surface,0.59375,0.00059375
325.0,1.85,bridge_NH_F3_HF,surface,0.0,0.0
325.0,1.85,terminal_NH2_F0,surface,0.0078125,7.8125e-06
325.0,1.85,terminal_NH2_F1,surface,25.28125,0.02528125
325.0,1.85,terminal_NH2_F2,surface,117.71875,0.11771875
325.0,1.85,terminal_NH2_F3,surface,0.1328125,0.0001328125
325.0,1.85,terminal_NH2_residual,surface,0.0,0.0
325.0,1.85,terminal_NH2_F0_HF,surface,0.0,0.0
325.0,1.85,terminal_NH2_F1_HF,surface,0.9453125,0.0009453125
325.0,1.85,terminal_NH2_F2_HF,surface,5.90625,0.00590625
325.0,1.85,terminal_NH2_F3_HF,surface,0.0078125,7.8125e-06
325.0,1.85,Si_H_rich_F0,surface,95.1171875,0.0951171875
325.0,1.85,Si_H_rich_F1,surface,0.0,0.0
325.0,1.85,Si_H_rich_F2,surface,0.0,0.0
325.0,1.85,Si_H_rich_F3,surface,0.0,0.0
325.0,1.85,Si_H_rich_residual,surface,0.0,0.0
325.0,1.85,Si_H_rich_F0_HF,surface,4.8828125,0.0048828125
325.0,1.85,Si_H_rich_F1_HF,surface,0.0,0.0
325.0,1.85,Si_H_rich_F2_HF,surface,0.0,0.0
325.0,1.85,Si_H_rich_F3_HF,surface,0.0,0.0
325.0,1.85,bridge_N_F0,surface,80.7109375,0.0807109375
325.0,1.85,bridge_N_F1,surface,56.0234375,0.0560234375
325.0,1.85,bridge_N_F2,surface,6.5625,0.0065625
325.0,1.85,bridge_N_F3,surface,0.0,0.0
325.0,1.85,bridge_N_residual,surface,0.0,0.0
325.0,1.85,bridge_N_F0_HF,surface,3.828125,0.003828125
325.0,1.85,bridge_N_F1_HF,surface,2.5546875,0.0025546875
325.0,1.85,bridge_N_F2_HF,surface,0.3203125,0.0003203125
325.0,1.85,bridge_N_F3_HF,surface,0.0,0.0
325.0,1.85,pre_SiH2F,surface,92.8203125,0.0928203125
325.0,1.85,pre_SiH2F_HF,surface,4.7578125,0.0047578125
325.0,1.85,pre_SiH2F_residual,surface,2.421875,0.002421875
325.0,1.85,pre_SiHF2,surface,95.15625,0.09515625
325.0,1.85,pre_SiHF2_HF,surface,4.84375,0.00484375
325.0,1.85,pre_SiHF2_residual,surface,0.0,0.0
325.0,1.85,Si_Si_F1,surface,90.8515625,0.0908515625
325.0,1.85,Si_Si_F1_HF,surface,4.421875,0.004421875
325.0,1.85,Si_Si_cleaved_F2_H,surface,4.7265625,0.0047265625
325.0,1.85,HF,reservoir_net,-715.5390625,-0.7155390625
325.0,1.85,H2,gas_product,0.0,0.0
325.0,1.85,NH3,gas_product,273.8984375,0.2738984375
325.0,1.85,SiF4,gas_product,1.1796875,0.0011796875
325.0,1.85,SiH2F2,gas_product,2.421875,0.002421875
325.0,1.85,SiHF3,gas_product,0.0,0.0
325.0,1.9000000000000001,bridge_NH_F0,surface,0.046875,4.6875e-05
325.0,1.9000000000000001,bridge_NH_F1,surface,272.7265625,0.2727265625
325.0,1.9000000000000001,bridge_NH_F2,surface,11.234375,0.011234375
325.0,1.9000000000000001,bridge_NH_F3,surface,0.390625,0.000390625
325.0,1.9000000000000001,bridge_NH_residual,surface,1.3046875,0.0013046875
325.0,1.9000000000000001,bridge_NH_F0_HF,surface,0.0,0.0
325.0,1.9000000000000001,bridge_NH_F1_HF,surface,13.7265625,0.0137265625
325.0,1.9000000000000001,bridge_NH_F2_HF,surface,0.5703125,0.0005703125
325.0,1.9000000000000001,bridge_NH_F3_HF,surface,0.0,0.0
325.0,1.9000000000000001,terminal_NH2_F0,surface,0.0,0.0
325.0,1.9000000000000001,terminal_NH2_F1,surface,23.8125,0.0238125
325.0,1.9000000000000001,terminal_NH2_F2,surface,119.34375,0.11934375
325.0,1.9000000000000001,terminal_NH2_F3,surface,0.140625,0.000140625
325.0,1.9000000000000001,terminal_NH2_residual,surface,0.0,0.0
325.0,1.9000000000000001,terminal_NH2_F0_HF,surface,0.0,0.0
325.0,1.9000000000000001,terminal_NH2_F1_HF,surface,0.9453125,0.0009453125
325.0,1.9000000000000001,terminal_NH2_F2_HF,surface,5.75,0.00575
325.0,1.9000000000000001,terminal_NH2_F3_HF,surface,0.0078125,7.8125e-06
325.0,1.9000000000000001,Si_H_rich_F0,surface,95.328125,0.095328125
325.0,1.9000000000000001,Si_H_rich_F1,surface,0.0,0.0
325.0,1.9000000000000001,Si_H_rich_F2,surface,0.0,0.0
325.0,1.9000000000000001,Si_H_rich_F3,surface,0.0,0.0
325.0,1.9000000000000001,Si_H_rich_residual,surface,0.0,0.0
325.0,1.9000000000000001,Si_H_rich_F0_HF,surface,4.671875,0.004671875
325.0,1.9000000000000001,Si_H_rich_F1_HF,surface,0.0,0.0
325.0,1.9000000000000001,Si_H_rich_F2_HF,surface,0.0,0.0
325.0,1.9000000000000001,Si_H_rich_F3_HF,surface,0.0,0.0
325.0,1.9000000000000001,bridge_N_F0,surface,79.359375,0.079359375
325.0,1.9000000000000001,bridge_N_F1,surface,56.7890625,0.0567890625
325.0,1.9000000000000001,bridge_N_F2,surface,6.7734375,0.0067734375
325.0,1.9000000000000001,bridge_N_F3,surface,0.0,0.0
325.0,1.9000000000000001,bridge_N_residual,surface,0.0,0.0
325.0,1.9000000000000001,bridge_N_F0_HF,surface,3.9140625,0.0039140625
325.0,1.9000000000000001,bridge_N_F1_HF,surface,2.7578125,0.0027578125
325.0,1.9000000000000001,bridge_N_F2_HF,surface,0.40625,0.00040625
325.0,1.9000000000000001,bridge_N_F3_HF,surface,0.0,0.0
325.0,1.9000000000000001,pre_SiH2F,surface,92.6953125,0.0926953125
325.0,1.9000000000000001,pre_SiH2F_HF,surface,4.8203125,0.0048203125
325.0,1.9000000000000001,pre_SiH2F_residual,surface,2.484375,0.002484375
325.0,1.9000000000000001,pre_SiHF2,surface,95.125,0.095125
325.0,1.9000000000000001,pre_SiHF2_HF,surface,4.875,0.004875
325.0,1.9000000000000001,pre_SiHF2_residual,surface,0.0,0.0
325.0,1.9000000000000001,Si_Si_F1,surface,90.6015625,0.0906015625
325.0,1.9000000000000001,Si_Si_F1_HF,surface,4.546875,0.004546875
325.0,1.9000000000000001,Si_Si_cleaved_F2_H,surface,4.8515625,0.0048515625
325.0,1.9000000000000001,HF,reservoir_net,-720.078125,-0.720078125
325.0,1.9000000000000001,H2,gas_product,0.0,0.0
325.0,1.9000000000000001,NH3,gas_product,275.390625,0.275390625
325.0,1.9000000000000001,SiF4,gas_product,1.3046875,0.0013046875
325.0,1.9000000000000001,SiH2F2,gas_product,2.484375,0.002484375
325.0,1.9000000000000001,SiHF3,gas_product,0.0,0.0
325.0,1.9500000000000002,bridge_NH_F0,surface,0.0390625,3.90625e-05
325.0,1.9500000000000002,bridge_NH_F1,surface,272.5,0.2725
325.0,1.9500000000000002,bridge_NH_F2,surface,11.609375,0.011609375
325.0,1.9500000000000002,bridge_NH_F3,surface,0.3984375,0.0003984375
325.0,1.9500000000000002,bridge_NH_residual,surface,1.375,0.001375
325.0,1.9500000000000002,bridge_NH_F0_HF,surface,0.0,0.0
325.0,1.9500000000000002,bridge_NH_F1_HF,surface,13.53125,0.01353125
325.0,1.9500000000000002,bridge_NH_F2_HF,surface,0.546875,0.000546875
325.0,1.9500000000000002,bridge_NH_F3_HF,surface,0.0,0.0
325.0,1.9500000000000002,terminal_NH2_F0,surface,0.0,0.0
325.0,1.9500000000000002,terminal_NH2_F1,surface,22.640625,0.022640625
325.0,1.9500000000000002,terminal_NH2_F2,surface,120.4375,0.1204375
325.0,1.9500000000000002,terminal_NH2_F3,surface,0.1484375,0.0001484375
325.0,1.9500000000000002,terminal_NH2_residual,surface,0.0,0.0
325.0,1.9500000000000002,terminal_NH2_F0_HF,surface,0.0,0.0
325.0,1.9500000000000002,terminal_NH2_F1_HF,surface,0.828125,0.000828125
325.0,1.9500000000000002,terminal_NH2_F2_HF,surface,5.9453125,0.0059453125
325.0,1.9500000000000002,terminal_NH2_F3_HF,surface,0.0,0.0
325.0,1.9500000000000002,Si_H_rich_F0,surface,95.015625,0.095015625
325.0,1.9500000000000002,Si_H_rich_F1,surface,0.0,0.0
325.0,1.9500000000000002,Si_H_rich_F2,surface,0.0,0.0
325.0,1.9500000000000002,Si_H_rich_F3,surface,0.0,0.0
325.0,1.9500000000000002,Si_H_rich_residual,surface,0.0,0.0
325.0,1.9500000000000002,Si_H_rich_F0_HF,surface,4.984375,0.004984375
325.0,1.9500000000000002,Si_H_rich_F1_HF,surface,0.0,0.0
325.0,1.9500000000000002,Si_H_rich_F2_HF,surface,0.0,0.0
325.0,1.9500000000000002,Si_H_rich_F3_HF,surface,0.0,0.0
325.0,1.9500000000000002,bridge_N_F0,surface,78.296875,0.078296875
325.0,1.9500000000000002,bridge_N_F1,surface,57.875,0.057875
325.0,1.9500000000000002,bridge_N_F2,surface,7.109375,0.007109375
325.0,1.9500000000000002,bridge_N_F3,surface,0.0,0.0
325.0,1.9500000000000002,bridge_N_residual,surface,0.0,0.0
325.0,1.9500000000000002,bridge_N_F0_HF,surface,3.6171875,0.0036171875
325.0,1.9500000000000002,bridge_N_F1_HF,surface,2.7734375,0.0027734375
325.0,1.9500000000000002,bridge_N_F2_HF,surface,0.328125,0.000328125
325.0,1.9500000000000002,bridge_N_F3_HF,surface,0.0,0.0
325.0,1.9500000000000002,pre_SiH2F,surface,92.8125,0.0928125
325.0,1.9500000000000002,pre_SiH2F_HF,surface,4.6328125,0.0046328125
325.0,1.9500000000000002,pre_SiH2F_residual,surface,2.5546875,0.0025546875
325.0,1.9500000000000002,pre_SiHF2,surface,95.28125,0.09528125
325.0,1.9500000000000002,pre_SiHF2_HF,surface,4.71875,0.00471875
325.0,1.9500000000000002,pre_SiHF2_residual,surface,0.0,0.0
325.0,1.9500000000000002,Si_Si_F1,surface,90.5078125,0.0905078125
325.0,1.9500000000000002,Si_Si_F1_HF,surface,4.515625,0.004515625
325.0,1.9500000000000002,Si_Si_cleaved_F2_H,surface,4.9765625,0.0049765625
325.0,1.9500000000000002,HF,reservoir_net,-723.1953125,-0.7231953125
325.0,1.9500000000000002,H2,gas_product,0.0,0.0
325.0,1.9500000000000002,NH3,gas_product,276.6796875,0.2766796875
325.0,1.9500000000000002,SiF4,gas_product,1.375,0.001375
325.0,1.9500000000000002,SiH2F2,gas_product,2.5546875,0.0025546875
325.0,1.9500000000000002,SiHF3,gas_product,0.0,0.0
325.0,2.0,bridge_NH_F0,surface,0.0390625,3.90625e-05
325.0,2.0,bridge_NH_F1,surface,272.1953125,0.2721953125
325.0,2.0,bridge_NH_F2,surface,11.8125,0.0118125
325.0,2.0,bridge_NH_F3,surface,0.40625,0.00040625
325.0,2.0,bridge_NH_residual,surface,1.4609375,0.0014609375
325.0,2.0,bridge_NH_F0_HF,surface,0.0,0.0
325.0,2.0,bridge_NH_F1_HF,surface,13.421875,0.013421875
325.0,2.0,bridge_NH_F2_HF,surface,0.6640625,0.0006640625
325.0,2.0,bridge_NH_F3_HF,surface,0.0,0.0
325.0,2.0,terminal_NH2_F0,surface,0.0,0.0
325.0,2.0,terminal_NH2_F1,surface,21.3203125,0.0213203125
325.0,2.0,terminal_NH2_F2,surface,121.8046875,0.1218046875
325.0,2.0,terminal_NH2_F3,surface,0.15625,0.00015625
325.0,2.0,terminal_NH2_residual,surface,0.0,0.0
325.0,2.0,terminal_NH2_F0_HF,surface,0.0,0.0
325.0,2.0,terminal_NH2_F1_HF,surface,0.8671875,0.0008671875
325.0,2.0,terminal_NH2_F2_HF,surface,5.84375,0.00584375
325.0,2.0,terminal_NH2_F3_HF,surface,0.0078125,7.8125e-06
325.0,2.0,Si_H_rich_F0,surface,94.875,0.094875
325.0,2.0,Si_H_rich_F1,surface,0.0,0.0
325.0,2.0,Si_H_rich_F2,surface,0.0,0.0
325.0,2.0,Si_H_rich_F3,surface,0.0,0.0
325.0,2.0,Si_H_rich_residual,surface,0.0,0.0
325.0,2.0,Si_H_rich_F0_HF,surface,5.125,0.005125
325.0,2.0,Si_H_rich_F1_HF,surface,0.0,0.0
325.0,2.0,Si_H_rich_F2_HF,surface,0.0,0.0
325.0,2.0,Si_H_rich_F3_HF,surface,0.0,0.0
325.0,2.0,bridge_N_F0,surface,77.25,0.07725
325.0,2.0,bridge_N_F1,surface,58.8359375,0.0588359375
325.0,2.0,bridge_N_F2,surface,7.328125,0.007328125
325.0,2.0,bridge_N_F3,surface,0.0,0.0
325.0,2.0,bridge_N_residual,surface,0.0,0.0
325.0,2.0,bridge_N_F0_HF,surface,3.4765625,0.0034765625
325.0,2.0,bridge_N_F1_HF,surface,2.765625,0.002765625
325.0,2.0,bridge_N_F2_HF,surface,0.34375,0.00034375
325.0,2.0,bridge_N_F3_HF,surface,0.0,0.0
325.0,2.0,pre_SiH2F,surface,92.6484375,0.0926484375
325.0,2.0,pre_SiH2F_HF,surface,4.7421875,0.0047421875
325.0,2.0,pre_SiH2F_residual,surface,2.609375,0.002609375
325.0,2.0,pre_SiHF2,surface,95.28125,0.09528125
325.0,2.0,pre_SiHF2_HF,surface,4.71875,0.00471875
325.0,2.0,pre_SiHF2_residual,surface,0.0,0.0
325.0,2.0,Si_Si_F1,surface,90.421875,0.090421875
325.0,2.0,Si_Si_F1_HF,surface,4.4609375,0.0044609375
325.0,2.0,Si_Si_cleaved_F2_H,surface,5.1171875,0.0051171875
325.0,2.0,HF,reservoir_net,-726.71875,-0.72671875
325.0,2.0,H2,gas_product,0.0,0.0
325.0,2.0,NH3,gas_product,277.9765625,0.2779765625
325.0,2.0,SiF4,gas_product,1.4609375,0.0014609375
325.0,2.0,SiH2F2,gas_product,2.609375,0.002609375
325.0,2.0,SiHF3,gas_product,0.0,0.0
325.0,2.0500000000000003,bridge_NH_F0,surface,0.0390625,3.90625e-05
325.0,2.0500000000000003,bridge_NH_F1,surface,285.3671875,0.2853671875
325.0,2.0500000000000003,bridge_NH_F2,surface,12.546875,0.012546875
325.0,2.0500000000000003,bridge_NH_F3,surface,0.4140625,0.0004140625
325.0,2.0500000000000003,bridge_NH_residual,surface,1.4609375,0.0014609375
325.0,2.0500000000000003,bridge_NH_F0_HF,surface,0.0,0.0
325.0,2.0500000000000003,bridge_NH_F1_HF,surface,0.15625,0.00015625
325.0,2.0500000000000003,bridge_NH_F2_HF,surface,0.015625,1.5625e-05
325.0,2.0500000000000003,bridge_NH_F3_HF,surface,0.0,0.0
325.0,2.0500000000000003,terminal_NH2_F0,surface,0.0,0.0
325.0,2.0500000000000003,terminal_NH2_F1,surface,22.0234375,0.0220234375
325.0,2.0500000000000003,terminal_NH2_F2,surface,127.796875,0.127796875
325.0,2.0500000000000003,terminal_NH2_F3,surface,0.171875,0.000171875
325.0,2.0500000000000003,terminal_NH2_residual,surface,0.0,0.0
325.0,2.0500000000000003,terminal_NH2_F0_HF,surface,0.0,0.0
325.0,2.0500000000000003,terminal_NH2_F1_HF,surface,0.0,0.0
325.0,2.0500000000000003,terminal_NH2_F2_HF,surface,0.0078125,7.8125e-06
325.0,2.0500000000000003,terminal_NH2_F3_HF,surface,0.0,0.0
325.0,2.0500000000000003,Si_H_rich_F0,surface,99.953125,0.099953125
325.0,2.0500000000000003,Si_H_rich_F1,surface,0.0,0.0
325.0,2.0500000000000003,Si_H_rich_F2,surface,0.0,0.0
325.0,2.0500000000000003,Si_H_rich_F3,surface,0.0,0.0
325.0,2.0500000000000003,Si_H_rich_residual,surface,0.0,0.0
325.0,2.0500000000000003,Si_H_rich_F0_HF,surface,0.046875,4.6875e-05
325.0,2.0500000000000003,Si_H_rich_F1_HF,surface,0.0,0.0
325.0,2.0500000000000003,Si_H_rich_F2_HF,surface,0.0,0.0
325.0,2.0500000000000003,Si_H_rich_F3_HF,surface,0.0,0.0
325.0,2.0500000000000003,bridge_N_F0,surface,80.4609375,0.0804609375
325.0,2.0500000000000003,bridge_N_F1,surface,61.7421875,0.0617421875
325.0,2.0500000000000003,bridge_N_F2,surface,7.734375,0.007734375
325.0,2.0500000000000003,bridge_N_F3,surface,0.0,0.0
325.0,2.0500000000000003,bridge_N_residual,surface,0.0,0.0
325.0,2.0500000000000003,bridge_N_F0_HF,surface,0.0390625,3.90625e-05
325.0,2.0500000000000003,bridge_N_F1_HF,surface,0.0234375,2.34375e-05
325.0,2.0500000000000003,bridge_N_F2_HF,surface,0.0,0.0
325.0,2.0500000000000003,bridge_N_F3_HF,surface,0.0,0.0
325.0,2.0500000000000003,pre_SiH2F,surface,97.359375,0.097359375
325.0,2.0500000000000003,pre_SiH2F_HF,surface,0.015625,1.5625e-05
325.0,2.0500000000000003,pre_SiH2F_residual,surface,2.625,0.002625
325.0,2.0500000000000003,pre_SiHF2,surface,99.953125,0.099953125
325.0,2.0500000000000003,pre_SiHF2_HF,surface,0.046875,4.6875e-05
325.0,2.0500000000000003,pre_SiHF2_residual,surface,0.0,0.0
325.0,2.0500000000000003,Si_Si_F1,surface,94.8359375,0.0948359375
325.0,2.0500000000000003,Si_Si_F1_HF,surface,0.0234375,2.34375e-05
325.0,2.0500000000000003,Si_Si_cleaved_F2_H,surface,5.140625,0.005140625
325.0,2.0500000000000003,HF,reservoir_net,-681.2578125,-0.6812578125
325.0,2.0500000000000003,H2,gas_product,0.0,0.0
325.0,2.0500000000000003,NH3,gas_product,278.1484375,0.2781484375
325.0,2.0500000000000003,SiF4,gas_product,1.4609375,0.0014609375
325.0,2.0500000000000003,SiH2F2,gas_product,2.625,0.002625
325.0,2.0500000000000003,SiHF3,gas_product,0.0,0.0
325.0,2.1,bridge_NH_F0,surface,0.0390625,3.90625e-05
325.0,2.1,bridge_NH_F1,surface,285.5234375,0.2855234375
325.0,2.1,bridge_NH_F2,surface,12.5625,0.0125625
325.0,2.1,bridge_NH_F3,surface,0.4140625,0.0004140625
325.0,2.1,bridge_NH_residual,surface,1.4609375,0.0014609375
325.0,2.1,bridge_NH_F0_HF,surface,0.0,0.0
325.0,2.1,bridge_NH_F1_HF,surface,0.0,0.0
325.0,2.1,bridge_NH_F2_HF,surface,0.0,0.0
325.0,2.1,bridge_NH_F3_HF,surface,0.0,0.0
325.0,2.1,terminal_NH2_F0,surface,0.0,0.0
325.0,2.1,terminal_NH2_F1,surface,22.0234375,0.0220234375
325.0,2.1,terminal_NH2_F2,surface,127.8046875,0.1278046875
325.0,2.1,terminal_NH2_F3,surface,0.171875,0.000171875
325.0,2.1,terminal_NH2_residual,surface,0.0,0.0
325.0,2.1,terminal_NH2_F0_HF,surface,0.0,0.0
325.0,2.1,terminal_NH2_F1_HF,surface,0.0,0.0
325.0,2.1,terminal_NH2_F2_HF,surface,0.0,0.0
325.0,2.1,terminal_NH2_F3_HF,surface,0.0,0.0
325.0,2.1,Si_H_rich_F0,surface,100.0,0.1
325.0,2.1,Si_H_rich_F1,surface,0.0,0.0
325.0,2.1,Si_H_rich_F2,surface,0.0,0.0
325.0,2.1,Si_H_rich_F3,surface,0.0,0.0
325.0,2.1,Si_H_rich_residual,surface,0.0,0.0
325.0,2.1,Si_H_rich_F0_HF,surface,0.0,0.0
325.0,2.1,Si_H_rich_F1_HF,surface,0.0,0.0
325.0,2.1,Si_H_rich_F2_HF,surface,0.0,0.0
325.0,2.1,Si_H_rich_F3_HF,surface,0.0,0.0
325.0,2.1,bridge_N_F0,surface,80.4921875,0.0804921875
325.0,2.1,bridge_N_F1,surface,61.7734375,0.0617734375
325.0,2.1,bridge_N_F2,surface,7.734375,0.007734375
325.0,2.1,bridge_N_F3,surface,0.0,0.0
325.0,2.1,bridge_N_residual,surface,0.0,0.0
325.0,2.1,bridge_N_F0_HF,surface,0.0,0.0
325.0,2.1,bridge_N_F1_HF,surface,0.0,0.0
325.0,2.1,bridge_N_F2_HF,surface,0.0,0.0
325.0,2.1,bridge_N_F3_HF,surface,0.0,0.0
325.0,2.1,pre_SiH2F,surface,97.375,0.097375
325.0,2.1,pre_SiH2F_HF,surface,0.0,0.0
325.0,2.1,pre_SiH2F_residual,surface,2.625,0.002625
325.0,2.1,pre_SiHF2,surface,100.0,0.1
325.0,2.1,pre_SiHF2_HF,surface,0.0,0.0
325.0,2.1,pre_SiHF2_residual,surface,0.0,0.0
325.0,2.1,Si_Si_F1,surface,94.859375,0.094859375
325.0,2.1,Si_Si_F1_HF,surface,0.0,0.0
325.0,2.1,Si_Si_cleaved_F2_H,surface,5.140625,0.005140625
325.0,2.1,HF,reservoir_net,-680.890625,-0.680890625
325.0,2.1,H2,gas_product,0.0,0.0
325.0,2.1,NH3,gas_product,278.1484375,0.2781484375
325.0,2.1,SiF4,gas_product,1.4609375,0.0014609375
325.0,2.1,SiH2F2,gas_product,2.625,0.002625
325.0,2.1,SiHF3,gas_product,0.0,0.0
325.0,2.15,bridge_NH_F0,surface,0.0390625,3.90625e-05
325.0,2.15,bridge_NH_F1,surface,285.5234375,0.2855234375
325.0,2.15,bridge_NH_F2,surface,12.5625,0.0125625
325.0,2.15,bridge_NH_F3,surface,0.4140625,0.0004140625
325.0,2.15,bridge_NH_residual,surface,1.4609375,0.0014609375
325.0,2.15,bridge_NH_F0_HF,surface,0.0,0.0
325.0,2.15,bridge_NH_F1_HF,surface,0.0,0.0
325.0,2.15,bridge_NH_F2_HF,surface,0.0,0.0
325.0,2.15,bridge_NH_F3_HF,surface,0.0,0.0
325.0,2.15,terminal_NH2_F0,surface,0.0,0.0
325.0,2.15,terminal_NH2_F1,surface,22.0234375,0.0220234375
325.0,2.15,terminal_NH2_F2,surface,127.8046875,0.1278046875
325.0,2.15,terminal_NH2_F3,surface,0.171875,0.000171875
325.0,2.15,terminal_NH2_residual,surface,0.0,0.0
325.0,2.15,terminal_NH2_F0_HF,surface,0.0,0.0
325.0,2.15,terminal_NH2_F1_HF,surface,0.0,0.0
325.0,2.15,terminal_NH2_F2_HF,surface,0.0,0.0
325.0,2.15,terminal_NH2_F3_HF,surface,0.0,0.0
325.0,2.15,Si_H_rich_F0,surface,100.0,0.1
325.0,2.15,Si_H_rich_F1,surface,0.0,0.0
325.0,2.15,Si_H_rich_F2,surface,0.0,0.0
325.0,2.15,Si_H_rich_F3,surface,0.0,0.0
325.0,2.15,Si_H_rich_residual,surface,0.0,0.0
325.0,2.15,Si_H_rich_F0_HF,surface,0.0,0.0
325.0,2.15,Si_H_rich_F1_HF,surface,0.0,0.0
325.0,2.15,Si_H_rich_F2_HF,surface,0.0,0.0
325.0,2.15,Si_H_rich_F3_HF,surface,0.0,0.0
325.0,2.15,bridge_N_F0,surface,80.4921875,0.0804921875
325.0,2.15,bridge_N_F1,surface,61.7734375,0.0617734375
325.0,2.15,bridge_N_F2,surface,7.734375,0.007734375
325.0,2.15,bridge_N_F3,surface,0.0,0.0
325.0,2.15,bridge_N_residual,surface,0.0,0.0
325.0,2.15,bridge_N_F0_HF,surface,0.0,0.0
325.0,2.15,bridge_N_F1_HF,surface,0.0,0.0
325.0,2.15,bridge_N_F2_HF,surface,0.0,0.0
325.0,2.15,bridge_N_F3_HF,surface,0.0,0.0
325.0,2.15,pre_SiH2F,surface,97.375,0.097375
325.0,2.15,pre_SiH2F_HF,surface,0.0,0.0
325.0,2.15,pre_SiH2F_residual,surface,2.625,0.002625
325.0,2.15,pre_SiHF2,surface,100.0,0.1
325.0,2.15,pre_SiHF2_HF,surface,0.0,0.0
325.0,2.15,pre_SiHF2_residual,surface,0.0,0.0
325.0,2.15,Si_Si_F1,surface,94.859375,0.094859375
325.0,2.15,Si_Si_F1_HF,surface,0.0,0.0
325.0,2.15,Si_Si_cleaved_F2_H,surface,5.140625,0.005140625
325.0,2.15,HF,reservoir_net,-680.890625,-0.680890625
325.0,2.15,H2,gas_product,0.0,0.0
325.0,2.15,NH3,gas_product,278.1484375,0.2781484375
325.0,2.15,SiF4,gas_product,1.4609375,0.0014609375
325.0,2.15,SiH2F2,gas_product,2.625,0.002625
325.0,2.15,SiHF3,gas_product,0.0,0.0
325.0,2.2,bridge_NH_F0,surface,0.0390625,3.90625e-05
325.0,2.2,bridge_NH_F1,surface,285.5234375,0.2855234375
325.0,2.2,bridge_NH_F2,surface,12.5625,0.0125625
325.0,2.2,bridge_NH_F3,surface,0.4140625,0.0004140625
325.0,2.2,bridge_NH_residual,surface,1.4609375,0.0014609375
325.0,2.2,bridge_NH_F0_HF,surface,0.0,0.0
325.0,2.2,bridge_NH_F1_HF,surface,0.0,0.0
325.0,2.2,bridge_NH_F2_HF,surface,0.0,0.0
325.0,2.2,bridge_NH_F3_HF,surface,0.0,0.0
325.0,2.2,terminal_NH2_F0,surface,0.0,0.0
325.0,2.2,terminal_NH2_F1,surface,22.0234375,0.0220234375
325.0,2.2,terminal_NH2_F2,surface,127.8046875,0.1278046875
325.0,2.2,terminal_NH2_F3,surface,0.171875,0.000171875
325.0,2.2,terminal_NH2_residual,surface,0.0,0.0
325.0,2.2,terminal_NH2_F0_HF,surface,0.0,0.0
325.0,2.2,terminal_NH2_F1_HF,surface,0.0,0.0
325.0,2.2,terminal_NH2_F2_HF,surface,0.0,0.0
325.0,2.2,terminal_NH2_F3_HF,surface,0.0,0.0
325.0,2.2,Si_H_rich_F0,surface,100.0,0.1
325.0,2.2,Si_H_rich_F1,surface,0.0,0.0
325.0,2.2,Si_H_rich_F2,surface,0.0,0.0
325.0,2.2,Si_H_rich_F3,surface,0.0,0.0
325.0,2.2,Si_H_rich_residual,surface,0.0,0.0
325.0,2.2,Si_H_rich_F0_HF,surface,0.0,0.0
325.0,2.2,Si_H_rich_F1_HF,surface,0.0,0.0
325.0,2.2,Si_H_rich_F2_HF,surface,0.0,0.0
325.0,2.2,Si_H_rich_F3_HF,surface,0.0,0.0
325.0,2.2,bridge_N_F0,surface,80.4921875,0.0804921875
325.0,2.2,bridge_N_F1,surface,61.7734375,0.0617734375
325.0,2.2,bridge_N_F2,surface,7.734375,0.007734375
325.0,2.2,bridge_N_F3,surface,0.0,0.0
325.0,2.2,bridge_N_residual,surface,0.0,0.0
325.0,2.2,bridge_N_F0_HF,surface,0.0,0.0
325.0,2.2,bridge_N_F1_HF,surface,0.0,0.0
325.0,2.2,bridge_N_F2_HF,surface,0.0,0.0
325.0,2.2,bridge_N_F3_HF,surface,0.0,0.0
325.0,2.2,pre_SiH2F,surface,97.375,0.097375
325.0,2.2,pre_SiH2F_HF,surface,0.0,0.0
325.0,2.2,pre_SiH2F_residual,surface,2.625,0.002625
325.0,2.2,pre_SiHF2,surface,100.0,0.1
325.0,2.2,pre_SiHF2_HF,surface,0.0,0.0
325.0,2.2,pre_SiHF2_residual,surface,0.0,0.0
325.0,2.2,Si_Si_F1,surface,94.859375,0.094859375
325.0,2.2,Si_Si_F1_HF,surface,0.0,0.0
325.0,2.2,Si_Si_cleaved_F2_H,surface,5.140625,0.005140625
325.0,2.2,HF,reservoir_net,-680.890625,-0.680890625
325.0,2.2,H2,gas_product,0.0,0.0
325.0,2.2,NH3,gas_product,278.1484375,0.2781484375
325.0,2.2,SiF4,gas_product,1.4609375,0.0014609375
325.0,2.2,SiH2F2,gas_product,2.625,0.002625
325.0,2.2,SiHF3,gas_product,0.0,0.0
325.0,2.25,bridge_NH_F0,surface,0.0390625,3.90625e-05
325.0,2.25,bridge_NH_F1,surface,285.5234375,0.2855234375
325.0,2.25,bridge_NH_F2,surface,12.5625,0.0125625
325.0,2.25,bridge_NH_F3,surface,0.4140625,0.0004140625
325.0,2.25,bridge_NH_residual,surface,1.4609375,0.0014609375
325.0,2.25,bridge_NH_F0_HF,surface,0.0,0.0
325.0,2.25,bridge_NH_F1_HF,surface,0.0,0.0
325.0,2.25,bridge_NH_F2_HF,surface,0.0,0.0
325.0,2.25,bridge_NH_F3_HF,surface,0.0,0.0
325.0,2.25,terminal_NH2_F0,surface,0.0,0.0
325.0,2.25,terminal_NH2_F1,surface,22.0234375,0.0220234375
325.0,2.25,terminal_NH2_F2,surface,127.8046875,0.1278046875
325.0,2.25,terminal_NH2_F3,surface,0.171875,0.000171875
325.0,2.25,terminal_NH2_residual,surface,0.0,0.0
325.0,2.25,terminal_NH2_F0_HF,surface,0.0,0.0
325.0,2.25,terminal_NH2_F1_HF,surface,0.0,0.0
325.0,2.25,terminal_NH2_F2_HF,surface,0.0,0.0
325.0,2.25,terminal_NH2_F3_HF,surface,0.0,0.0
325.0,2.25,Si_H_rich_F0,surface,100.0,0.1
325.0,2.25,Si_H_rich_F1,surface,0.0,0.0
325.0,2.25,Si_H_rich_F2,surface,0.0,0.0
325.0,2.25,Si_H_rich_F3,surface,0.0,0.0
325.0,2.25,Si_H_rich_residual,surface,0.0,0.0
325.0,2.25,Si_H_rich_F0_HF,surface,0.0,0.0
325.0,2.25,Si_H_rich_F1_HF,surface,0.0,0.0
325.0,2.25,Si_H_rich_F2_HF,surface,0.0,0.0
325.0,2.25,Si_H_rich_F3_HF,surface,0.0,0.0
325.0,2.25,bridge_N_F0,surface,80.4921875,0.0804921875
325.0,2.25,bridge_N_F1,surface,61.7734375,0.0617734375
325.0,2.25,bridge_N_F2,surface,7.734375,0.007734375
325.0,2.25,bridge_N_F3,surface,0.0,0.0
325.0,2.25,bridge_N_residual,surface,0.0,0.0
325.0,2.25,bridge_N_F0_HF,surface,0.0,0.0
325.0,2.25,bridge_N_F1_HF,surface,0.0,0.0
325.0,2.25,bridge_N_F2_HF,surface,0.0,0.0
325.0,2.25,bridge_N_F3_HF,surface,0.0,0.0
325.0,2.25,pre_SiH2F,surface,97.375,0.097375
325.0,2.25,pre_SiH2F_HF,surface,0.0,0.0
325.0,2.25,pre_SiH2F_residual,surface,2.625,0.002625
325.0,2.25,pre_SiHF2,surface,100.0,0.1
325.0,2.25,pre_SiHF2_HF,surface,0.0,0.0
325.0,2.25,pre_SiHF2_residual,surface,0.0,0.0
325.0,2.25,Si_Si_F1,surface,94.859375,0.094859375
325.0,2.25,Si_Si_F1_HF,surface,0.0,0.0
325.0,2.25,Si_Si_cleaved_F2_H,surface,5.140625,0.005140625
325.0,2.25,HF,reservoir_net,-680.890625,-0.680890625
325.0,2.25,H2,gas_product,0.0,0.0
325.0,2.25,NH3,gas_product,278.1484375,0.2781484375
325.0,2.25,SiF4,gas_product,1.4609375,0.0014609375
325.0,2.25,SiH2F2,gas_product,2.625,0.002625
325.0,2.25,SiHF3,gas_product,0.0,0.0
325.0,2.3000000000000003,bridge_NH_F0,surface,0.0390625,3.90625e-05
325.0,2.3000000000000003,bridge_NH_F1,surface,285.5234375,0.2855234375
325.0,2.3000000000000003,bridge_NH_F2,surface,12.5625,0.0125625
325.0,2.3000000000000003,bridge_NH_F3,surface,0.4140625,0.0004140625
325.0,2.3000000000000003,bridge_NH_residual,surface,1.4609375,0.0014609375
325.0,2.3000000000000003,bridge_NH_F0_HF,surface,0.0,0.0
325.0,2.3000000000000003,bridge_NH_F1_HF,surface,0.0,0.0
325.0,2.3000000000000003,bridge_NH_F2_HF,surface,0.0,0.0
325.0,2.3000000000000003,bridge_NH_F3_HF,surface,0.0,0.0
325.0,2.3000000000000003,terminal_NH2_F0,surface,0.0,0.0
325.0,2.3000000000000003,terminal_NH2_F1,surface,22.0234375,0.0220234375
325.0,2.3000000000000003,terminal_NH2_F2,surface,127.8046875,0.1278046875
325.0,2.3000000000000003,terminal_NH2_F3,surface,0.171875,0.000171875
325.0,2.3000000000000003,terminal_NH2_residual,surface,0.0,0.0
325.0,2.3000000000000003,terminal_NH2_F0_HF,surface,0.0,0.0
325.0,2.3000000000000003,terminal_NH2_F1_HF,surface,0.0,0.0
325.0,2.3000000000000003,terminal_NH2_F2_HF,surface,0.0,0.0
325.0,2.3000000000000003,terminal_NH2_F3_HF,surface,0.0,0.0
325.0,2.3000000000000003,Si_H_rich_F0,surface,100.0,0.1
325.0,2.3000000000000003,Si_H_rich_F1,surface,0.0,0.0
325.0,2.3000000000000003,Si_H_rich_F2,surface,0.0,0.0
325.0,2.3000000000000003,Si_H_rich_F3,surface,0.0,0.0
325.0,2.3000000000000003,Si_H_rich_residual,surface,0.0,0.0
325.0,2.3000000000000003,Si_H_rich_F0_HF,surface,0.0,0.0
325.0,2.3000000000000003,Si_H_rich_F1_HF,surface,0.0,0.0
325.0,2.3000000000000003,Si_H_rich_F2_HF,surface,0.0,0.0
325.0,2.3000000000000003,Si_H_rich_F3_HF,surface,0.0,0.0
325.0,2.3000000000000003,bridge_N_F0,surface,80.4921875,0.0804921875
325.0,2.3000000000000003,bridge_N_F1,surface,61.7734375,0.0617734375
325.0,2.3000000000000003,bridge_N_F2,surface,7.734375,0.007734375
325.0,2.3000000000000003,bridge_N_F3,surface,0.0,0.0
325.0,2.3000000000000003,bridge_N_residual,surface,0.0,0.0
325.0,2.3000000000000003,bridge_N_F0_HF,surface,0.0,0.0
325.0,2.3000000000000003,bridge_N_F1_HF,surface,0.0,0.0
325.0,2.3000000000000003,bridge_N_F2_HF,surface,0.0,0.0
325.0,2.3000000000000003,bridge_N_F3_HF,surface,0.0,0.0
325.0,2.3000000000000003,pre_SiH2F,surface,97.375,0.097375
325.0,2.3000000000000003,pre_SiH2F_HF,surface,0.0,0.0
325.0,2.3000000000000003,pre_SiH2F_residual,surface,2.625,0.002625
325.0,2.3000000000000003,pre_SiHF2,surface,100.0,0.1
325.0,2.3000000000000003,pre_SiHF2_HF,surface,0.0,0.0
325.0,2.3000000000000003,pre_SiHF2_residual,surface,0.0,0.0
325.0,2.3000000000000003,Si_Si_F1,surface,94.859375,0.094859375
325.0,2.3000000000000003,Si_Si_F1_HF,surface,0.0,0.0
325.0,2.3000000000000003,Si_Si_cleaved_F2_H,surface,5.140625,0.005140625
325.0,2.3000000000000003,HF,reservoir_net,-680.890625,-0.680890625
325.0,2.3000000000000003,H2,gas_product,0.0,0.0
325.0,2.3000000000000003,NH3,gas_product,278.1484375,0.2781484375
325.0,2.3000000000000003,SiF4,gas_product,1.4609375,0.0014609375
325.0,2.3000000000000003,SiH2F2,gas_product,2.625,0.002625
325.0,2.3000000000000003,SiHF3,gas_product,0.0,0.0
325.0,2.35,bridge_NH_F0,surface,0.0390625,3.90625e-05
325.0,2.35,bridge_NH_F1,surface,285.5234375,0.2855234375
325.0,2.35,bridge_NH_F2,surface,12.5625,0.0125625
325.0,2.35,bridge_NH_F3,surface,0.4140625,0.0004140625
325.0,2.35,bridge_NH_residual,surface,1.4609375,0.0014609375
325.0,2.35,bridge_NH_F0_HF,surface,0.0,0.0
325.0,2.35,bridge_NH_F1_HF,surface,0.0,0.0
325.0,2.35,bridge_NH_F2_HF,surface,0.0,0.0
325.0,2.35,bridge_NH_F3_HF,surface,0.0,0.0
325.0,2.35,terminal_NH2_F0,surface,0.0,0.0
325.0,2.35,terminal_NH2_F1,surface,22.0234375,0.0220234375
325.0,2.35,terminal_NH2_F2,surface,127.8046875,0.1278046875
325.0,2.35,terminal_NH2_F3,surface,0.171875,0.000171875
325.0,2.35,terminal_NH2_residual,surface,0.0,0.0
325.0,2.35,terminal_NH2_F0_HF,surface,0.0,0.0
325.0,2.35,terminal_NH2_F1_HF,surface,0.0,0.0
325.0,2.35,terminal_NH2_F2_HF,surface,0.0,0.0
325.0,2.35,terminal_NH2_F3_HF,surface,0.0,0.0
325.0,2.35,Si_H_rich_F0,surface,100.0,0.1
325.0,2.35,Si_H_rich_F1,surface,0.0,0.0
325.0,2.35,Si_H_rich_F2,surface,0.0,0.0
325.0,2.35,Si_H_rich_F3,surface,0.0,0.0
325.0,2.35,Si_H_rich_residual,surface,0.0,0.0
325.0,2.35,Si_H_rich_F0_HF,surface,0.0,0.0
325.0,2.35,Si_H_rich_F1_HF,surface,0.0,0.0
325.0,2.35,Si_H_rich_F2_HF,surface,0.0,0.0
325.0,2.35,Si_H_rich_F3_HF,surface,0.0,0.0
325.0,2.35,bridge_N_F0,surface,80.4921875,0.0804921875
325.0,2.35,bridge_N_F1,surface,61.7734375,0.0617734375
325.0,2.35,bridge_N_F2,surface,7.734375,0.007734375
325.0,2.35,bridge_N_F3,surface,0.0,0.0
325.0,2.35,bridge_N_residual,surface,0.0,0.0
325.0,2.35,bridge_N_F0_HF,surface,0.0,0.0
325.0,2.35,bridge_N_F1_HF,surface,0.0,0.0
325.0,2.35,bridge_N_F2_HF,surface,0.0,0.0
325.0,2.35,bridge_N_F3_HF,surface,0.0,0.0
325.0,2.35,pre_SiH2F,surface,97.375,0.097375
325.0,2.35,pre_SiH2F_HF,surface,0.0,0.0
325.0,2.35,pre_SiH2F_residual,surface,2.625,0.002625
325.0,2.35,pre_SiHF2,surface,100.0,0.1
325.0,2.35,pre_SiHF2_HF,surface,0.0,0.0
325.0,2.35,pre_SiHF2_residual,surface,0.0,0.0
325.0,2.35,Si_Si_F1,surface,94.859375,0.094859375
325.0,2.35,Si_Si_F1_HF,surface,0.0,0.0
325.0,2.35,Si_Si_cleaved_F2_H,surface,5.140625,0.005140625
325.0,2.35,HF,reservoir_net,-680.890625,-0.680890625
325.0,2.35,H2,gas_product,0.0,0.0
325.0,2.35,NH3,gas_product,278.1484375,0.2781484375
325.0,2.35,SiF4,gas_product,1.4609375,0.0014609375
325.0,2.35,SiH2F2,gas_product,2.625,0.002625
325.0,2.35,SiHF3,gas_product,0.0,0.0
325.0,2.4000000000000004,bridge_NH_F0,surface,0.0390625,3.90625e-05
325.0,2.4000000000000004,bridge_NH_F1,surface,285.5234375,0.2855234375
325.0,2.4000000000000004,bridge_NH_F2,surface,12.5625,0.0125625
325.0,2.4000000000000004,bridge_NH_F3,surface,0.4140625,0.0004140625
325.0,2.4000000000000004,bridge_NH_residual,surface,1.4609375,0.0014609375
325.0,2.4000000000000004,bridge_NH_F0_HF,surface,0.0,0.0
325.0,2.4000000000000004,bridge_NH_F1_HF,surface,0.0,0.0
325.0,2.4000000000000004,bridge_NH_F2_HF,surface,0.0,0.0
325.0,2.4000000000000004,bridge_NH_F3_HF,surface,0.0,0.0
325.0,2.4000000000000004,terminal_NH2_F0,surface,0.0,0.0
325.0,2.4000000000000004,terminal_NH2_F1,surface,22.0234375,0.0220234375
325.0,2.4000000000000004,terminal_NH2_F2,surface,127.8046875,0.1278046875
325.0,2.4000000000000004,terminal_NH2_F3,surface,0.171875,0.000171875
325.0,2.4000000000000004,terminal_NH2_residual,surface,0.0,0.0
325.0,2.4000000000000004,terminal_NH2_F0_HF,surface,0.0,0.0
325.0,2.4000000000000004,terminal_NH2_F1_HF,surface,0.0,0.0
325.0,2.4000000000000004,terminal_NH2_F2_HF,surface,0.0,0.0
325.0,2.4000000000000004,terminal_NH2_F3_HF,surface,0.0,0.0
325.0,2.4000000000000004,Si_H_rich_F0,surface,100.0,0.1
325.0,2.4000000000000004,Si_H_rich_F1,surface,0.0,0.0
325.0,2.4000000000000004,Si_H_rich_F2,surface,0.0,0.0
325.0,2.4000000000000004,Si_H_rich_F3,surface,0.0,0.0
325.0,2.4000000000000004,Si_H_rich_residual,surface,0.0,0.0
325.0,2.4000000000000004,Si_H_rich_F0_HF,surface,0.0,0.0
325.0,2.4000000000000004,Si_H_rich_F1_HF,surface,0.0,0.0
325.0,2.4000000000000004,Si_H_rich_F2_HF,surface,0.0,0.0
325.0,2.4000000000000004,Si_H_rich_F3_HF,surface,0.0,0.0
325.0,2.4000000000000004,bridge_N_F0,surface,80.4921875,0.0804921875
325.0,2.4000000000000004,bridge_N_F1,surface,61.7734375,0.0617734375
325.0,2.4000000000000004,bridge_N_F2,surface,7.734375,0.007734375
325.0,2.4000000000000004,bridge_N_F3,surface,0.0,0.0
325.0,2.4000000000000004,bridge_N_residual,surface,0.0,0.0
325.0,2.4000000000000004,bridge_N_F0_HF,surface,0.0,0.0
325.0,2.4000000000000004,bridge_N_F1_HF,surface,0.0,0.0
325.0,2.4000000000000004,bridge_N_F2_HF,surface,0.0,0.0
325.0,2.4000000000000004,bridge_N_F3_HF,surface,0.0,0.0
325.0,2.4000000000000004,pre_SiH2F,surface,97.375,0.097375
325.0,2.4000000000000004,pre_SiH2F_HF,surface,0.0,0.0
325.0,2.4000000000000004,pre_SiH2F_residual,surface,2.625,0.002625
325.0,2.4000000000000004,pre_SiHF2,surface,100.0,0.1
325.0,2.4000000000000004,pre_SiHF2_HF,surface,0.0,0.0
325.0,2.4000000000000004,pre_SiHF2_residual,surface,0.0,0.0
325.0,2.4000000000000004,Si_Si_F1,surface,94.859375,0.094859375
325.0,2.4000000000000004,Si_Si_F1_HF,surface,0.0,0.0
325.0,2.4000000000000004,Si_Si_cleaved_F2_H,surface,5.140625,0.005140625
325.0,2.4000000000000004,HF,reservoir_net,-680.890625,-0.680890625
325.0,2.4000000000000004,H2,gas_product,0.0,0.0
325.0,2.4000000000000004,NH3,gas_product,278.1484375,0.2781484375
325.0,2.4000000000000004,SiF4,gas_product,1.4609375,0.0014609375
325.0,2.4000000000000004,SiH2F2,gas_product,2.625,0.002625
325.0,2.4000000000000004,SiHF3,gas_product,0.0,0.0
325.0,2.45,bridge_NH_F0,surface,0.0390625,3.90625e-05
325.0,2.45,bridge_NH_F1,surface,285.5234375,0.2855234375
325.0,2.45,bridge_NH_F2,surface,12.5625,0.0125625
325.0,2.45,bridge_NH_F3,surface,0.4140625,0.0004140625
325.0,2.45,bridge_NH_residual,surface,1.4609375,0.0014609375
325.0,2.45,bridge_NH_F0_HF,surface,0.0,0.0
325.0,2.45,bridge_NH_F1_HF,surface,0.0,0.0
325.0,2.45,bridge_NH_F2_HF,surface,0.0,0.0
325.0,2.45,bridge_NH_F3_HF,surface,0.0,0.0
325.0,2.45,terminal_NH2_F0,surface,0.0,0.0
325.0,2.45,terminal_NH2_F1,surface,22.0234375,0.0220234375
325.0,2.45,terminal_NH2_F2,surface,127.8046875,0.1278046875
325.0,2.45,terminal_NH2_F3,surface,0.171875,0.000171875
325.0,2.45,terminal_NH2_residual,surface,0.0,0.0
325.0,2.45,terminal_NH2_F0_HF,surface,0.0,0.0
325.0,2.45,terminal_NH2_F1_HF,surface,0.0,0.0
325.0,2.45,terminal_NH2_F2_HF,surface,0.0,0.0
325.0,2.45,terminal_NH2_F3_HF,surface,0.0,0.0
325.0,2.45,Si_H_rich_F0,surface,100.0,0.1
325.0,2.45,Si_H_rich_F1,surface,0.0,0.0
325.0,2.45,Si_H_rich_F2,surface,0.0,0.0
325.0,2.45,Si_H_rich_F3,surface,0.0,0.0
325.0,2.45,Si_H_rich_residual,surface,0.0,0.0
325.0,2.45,Si_H_rich_F0_HF,surface,0.0,0.0
325.0,2.45,Si_H_rich_F1_HF,surface,0.0,0.0
325.0,2.45,Si_H_rich_F2_HF,surface,0.0,0.0
325.0,2.45,Si_H_rich_F3_HF,surface,0.0,0.0
325.0,2.45,bridge_N_F0,surface,80.4921875,0.0804921875
325.0,2.45,bridge_N_F1,surface,61.7734375,0.0617734375
325.0,2.45,bridge_N_F2,surface,7.734375,0.007734375
325.0,2.45,bridge_N_F3,surface,0.0,0.0
325.0,2.45,bridge_N_residual,surface,0.0,0.0
325.0,2.45,bridge_N_F0_HF,surface,0.0,0.0
325.0,2.45,bridge_N_F1_HF,surface,0.0,0.0
325.0,2.45,bridge_N_F2_HF,surface,0.0,0.0
325.0,2.45,bridge_N_F3_HF,surface,0.0,0.0
325.0,2.45,pre_SiH2F,surface,97.375,0.097375
325.0,2.45,pre_SiH2F_HF,surface,0.0,0.0
325.0,2.45,pre_SiH2F_residual,surface,2.625,0.002625
325.0,2.45,pre_SiHF2,surface,100.0,0.1
325.0,2.45,pre_SiHF2_HF,surface,0.0,0.0
325.0,2.45,pre_SiHF2_residual,surface,0.0,0.0
325.0,2.45,Si_Si_F1,surface,94.859375,0.094859375
325.0,2.45,Si_Si_F1_HF,surface,0.0,0.0
325.0,2.45,Si_Si_cleaved_F2_H,surface,5.140625,0.005140625
325.0,2.45,HF,reservoir_net,-680.890625,-0.680890625
325.0,2.45,H2,gas_product,0.0,0.0
325.0,2.45,NH3,gas_product,278.1484375,0.2781484375
325.0,2.45,SiF4,gas_product,1.4609375,0.0014609375
325.0,2.45,SiH2F2,gas_product,2.625,0.002625
325.0,2.45,SiHF3,gas_product,0.0,0.0
325.0,2.5,bridge_NH_F0,surface,0.0390625,3.90625e-05
325.0,2.5,bridge_NH_F1,surface,285.5234375,0.2855234375
325.0,2.5,bridge_NH_F2,surface,12.5625,0.0125625
325.0,2.5,bridge_NH_F3,surface,0.4140625,0.0004140625
325.0,2.5,bridge_NH_residual,surface,1.4609375,0.0014609375
325.0,2.5,bridge_NH_F0_HF,surface,0.0,0.0
325.0,2.5,bridge_NH_F1_HF,surface,0.0,0.0
325.0,2.5,bridge_NH_F2_HF,surface,0.0,0.0
325.0,2.5,bridge_NH_F3_HF,surface,0.0,0.0
325.0,2.5,terminal_NH2_F0,surface,0.0,0.0
325.0,2.5,terminal_NH2_F1,surface,22.0234375,0.0220234375
325.0,2.5,terminal_NH2_F2,surface,127.8046875,0.1278046875
325.0,2.5,terminal_NH2_F3,surface,0.171875,0.000171875
325.0,2.5,terminal_NH2_residual,surface,0.0,0.0
325.0,2.5,terminal_NH2_F0_HF,surface,0.0,0.0
325.0,2.5,terminal_NH2_F1_HF,surface,0.0,0.0
325.0,2.5,terminal_NH2_F2_HF,surface,0.0,0.0
325.0,2.5,terminal_NH2_F3_HF,surface,0.0,0.0
325.0,2.5,Si_H_rich_F0,surface,100.0,0.1
325.0,2.5,Si_H_rich_F1,surface,0.0,0.0
325.0,2.5,Si_H_rich_F2,surface,0.0,0.0
325.0,2.5,Si_H_rich_F3,surface,0.0,0.0
325.0,2.5,Si_H_rich_residual,surface,0.0,0.0
325.0,2.5,Si_H_rich_F0_HF,surface,0.0,0.0
325.0,2.5,Si_H_rich_F1_HF,surface,0.0,0.0
325.0,2.5,Si_H_rich_F2_HF,surface,0.0,0.0
325.0,2.5,Si_H_rich_F3_HF,surface,0.0,0.0
325.0,2.5,bridge_N_F0,surface,80.4921875,0.0804921875
325.0,2.5,bridge_N_F1,surface,61.7734375,0.0617734375
325.0,2.5,bridge_N_F2,surface,7.734375,0.007734375
325.0,2.5,bridge_N_F3,surface,0.0,0.0
325.0,2.5,bridge_N_residual,surface,0.0,0.0
325.0,2.5,bridge_N_F0_HF,surface,0.0,0.0
325.0,2.5,bridge_N_F1_HF,surface,0.0,0.0
325.0,2.5,bridge_N_F2_HF,surface,0.0,0.0
325.0,2.5,bridge_N_F3_HF,surface,0.0,0.0
325.0,2.5,pre_SiH2F,surface,97.375,0.097375
325.0,2.5,pre_SiH2F_HF,surface,0.0,0.0
325.0,2.5,pre_SiH2F_residual,surface,2.625,0.002625
325.0,2.5,pre_SiHF2,surface,100.0,0.1
325.0,2.5,pre_SiHF2_HF,surface,0.0,0.0
325.0,2.5,pre_SiHF2_residual,surface,0.0,0.0
325.0,2.5,Si_Si_F1,surface,94.859375,0.094859375
325.0,2.5,Si_Si_F1_HF,surface,0.0,0.0
325.0,2.5,Si_Si_cleaved_F2_H,surface,5.140625,0.005140625
325.0,2.5,HF,reservoir_net,-680.890625,-0.680890625
325.0,2.5,H2,gas_product,0.0,0.0
325.0,2.5,NH3,gas_product,278.1484375,0.2781484375
325.0,2.5,SiF4,gas_product,1.4609375,0.0014609375
325.0,2.5,SiH2F2,gas_product,2.625,0.002625
325.0,2.5,SiHF3,gas_product,0.0,0.0
325.0,2.5500000000000003,bridge_NH_F0,surface,0.0390625,3.90625e-05
325.0,2.5500000000000003,bridge_NH_F1,surface,285.5234375,0.2855234375
325.0,2.5500000000000003,bridge_NH_F2,surface,12.5625,0.0125625
325.0,2.5500000000000003,bridge_NH_F3,surface,0.4140625,0.0004140625
325.0,2.5500000000000003,bridge_NH_residual,surface,1.4609375,0.0014609375
325.0,2.5500000000000003,bridge_NH_F0_HF,surface,0.0,0.0
325.0,2.5500000000000003,bridge_NH_F1_HF,surface,0.0,0.0
325.0,2.5500000000000003,bridge_NH_F2_HF,surface,0.0,0.0
325.0,2.5500000000000003,bridge_NH_F3_HF,surface,0.0,0.0
325.0,2.5500000000000003,terminal_NH2_F0,surface,0.0,0.0
325.0,2.5500000000000003,terminal_NH2_F1,surface,22.0234375,0.0220234375
325.0,2.5500000000000003,terminal_NH2_F2,surface,127.8046875,0.1278046875
325.0,2.5500000000000003,terminal_NH2_F3,surface,0.171875,0.000171875
325.0,2.5500000000000003,terminal_NH2_residual,surface,0.0,0.0
325.0,2.5500000000000003,terminal_NH2_F0_HF,surface,0.0,0.0
325.0,2.5500000000000003,terminal_NH2_F1_HF,surface,0.0,0.0
325.0,2.5500000000000003,terminal_NH2_F2_HF,surface,0.0,0.0
325.0,2.5500000000000003,terminal_NH2_F3_HF,surface,0.0,0.0
325.0,2.5500000000000003,Si_H_rich_F0,surface,100.0,0.1
325.0,2.5500000000000003,Si_H_rich_F1,surface,0.0,0.0
325.0,2.5500000000000003,Si_H_rich_F2,surface,0.0,0.0
325.0,2.5500000000000003,Si_H_rich_F3,surface,0.0,0.0
325.0,2.5500000000000003,Si_H_rich_residual,surface,0.0,0.0
325.0,2.5500000000000003,Si_H_rich_F0_HF,surface,0.0,0.0
325.0,2.5500000000000003,Si_H_rich_F1_HF,surface,0.0,0.0
325.0,2.5500000000000003,Si_H_rich_F2_HF,surface,0.0,0.0
325.0,2.5500000000000003,Si_H_rich_F3_HF,surface,0.0,0.0
325.0,2.5500000000000003,bridge_N_F0,surface,80.4921875,0.0804921875
325.0,2.5500000000000003,bridge_N_F1,surface,61.7734375,0.0617734375
325.0,2.5500000000000003,bridge_N_F2,surface,7.734375,0.007734375
325.0,2.5500000000000003,bridge_N_F3,surface,0.0,0.0
325.0,2.5500000000000003,bridge_N_residual,surface,0.0,0.0
325.0,2.5500000000000003,bridge_N_F0_HF,surface,0.0,0.0
325.0,2.5500000000000003,bridge_N_F1_HF,surface,0.0,0.0
325.0,2.5500000000000003,bridge_N_F2_HF,surface,0.0,0.0
325.0,2.5500000000000003,bridge_N_F3_HF,surface,0.0,0.0
325.0,2.5500000000000003,pre_SiH2F,surface,97.375,0.097375
325.0,2.5500000000000003,pre_SiH2F_HF,surface,0.0,0.0
325.0,2.5500000000000003,pre_SiH2F_residual,surface,2.625,0.002625
325.0,2.5500000000000003,pre_SiHF2,surface,100.0,0.1
325.0,2.5500000000000003,pre_SiHF2_HF,surface,0.0,0.0
325.0,2.5500000000000003,pre_SiHF2_residual,surface,0.0,0.0
325.0,2.5500000000000003,Si_Si_F1,surface,94.859375,0.094859375
325.0,2.5500000000000003,Si_Si_F1_HF,surface,0.0,0.0
325.0,2.5500000000000003,Si_Si_cleaved_F2_H,surface,5.140625,0.005140625
325.0,2.5500000000000003,HF,reservoir_net,-680.890625,-0.680890625
325.0,2.5500000000000003,H2,gas_product,0.0,0.0
325.0,2.5500000000000003,NH3,gas_product,278.1484375,0.2781484375
325.0,2.5500000000000003,SiF4,gas_product,1.4609375,0.0014609375
325.0,2.5500000000000003,SiH2F2,gas_product,2.625,0.002625
325.0,2.5500000000000003,SiHF3,gas_product,0.0,0.0
325.0,2.6,bridge_NH_F0,surface,0.0390625,3.90625e-05
325.0,2.6,bridge_NH_F1,surface,285.5234375,0.2855234375
325.0,2.6,bridge_NH_F2,surface,12.5625,0.0125625
325.0,2.6,bridge_NH_F3,surface,0.4140625,0.0004140625
325.0,2.6,bridge_NH_residual,surface,1.4609375,0.0014609375
325.0,2.6,bridge_NH_F0_HF,surface,0.0,0.0
325.0,2.6,bridge_NH_F1_HF,surface,0.0,0.0
325.0,2.6,bridge_NH_F2_HF,surface,0.0,0.0
325.0,2.6,bridge_NH_F3_HF,surface,0.0,0.0
325.0,2.6,terminal_NH2_F0,surface,0.0,0.0
325.0,2.6,terminal_NH2_F1,surface,22.0234375,0.0220234375
325.0,2.6,terminal_NH2_F2,surface,127.8046875,0.1278046875
325.0,2.6,terminal_NH2_F3,surface,0.171875,0.000171875
325.0,2.6,terminal_NH2_residual,surface,0.0,0.0
325.0,2.6,terminal_NH2_F0_HF,surface,0.0,0.0
325.0,2.6,terminal_NH2_F1_HF,surface,0.0,0.0
325.0,2.6,terminal_NH2_F2_HF,surface,0.0,0.0
325.0,2.6,terminal_NH2_F3_HF,surface,0.0,0.0
325.0,2.6,Si_H_rich_F0,surface,100.0,0.1
325.0,2.6,Si_H_rich_F1,surface,0.0,0.0
325.0,2.6,Si_H_rich_F2,surface,0.0,0.0
325.0,2.6,Si_H_rich_F3,surface,0.0,0.0
325.0,2.6,Si_H_rich_residual,surface,0.0,0.0
325.0,2.6,Si_H_rich_F0_HF,surface,0.0,0.0
325.0,2.6,Si_H_rich_F1_HF,surface,0.0,0.0
325.0,2.6,Si_H_rich_F2_HF,surface,0.0,0.0
325.0,2.6,Si_H_rich_F3_HF,surface,0.0,0.0
325.0,2.6,bridge_N_F0,surface,80.4921875,0.0804921875
325.0,2.6,bridge_N_F1,surface,61.7734375,0.0617734375
325.0,2.6,bridge_N_F2,surface,7.734375,0.007734375
325.0,2.6,bridge_N_F3,surface,0.0,0.0
325.0,2.6,bridge_N_residual,surface,0.0,0.0
325.0,2.6,bridge_N_F0_HF,surface,0.0,0.0
325.0,2.6,bridge_N_F1_HF,surface,0.0,0.0
325.0,2.6,bridge_N_F2_HF,surface,0.0,0.0
325.0,2.6,bridge_N_F3_HF,surface,0.0,0.0
325.0,2.6,pre_SiH2F,surface,97.375,0.097375
325.0,2.6,pre_SiH2F_HF,surface,0.0,0.0
325.0,2.6,pre_SiH2F_residual,surface,2.625,0.002625
325.0,2.6,pre_SiHF2,surface,100.0,0.1
325.0,2.6,pre_SiHF2_HF,surface,0.0,0.0
325.0,2.6,pre_SiHF2_residual,surface,0.0,0.0
325.0,2.6,Si_Si_F1,surface,94.859375,0.094859375
325.0,2.6,Si_Si_F1_HF,surface,0.0,0.0
325.0,2.6,Si_Si_cleaved_F2_H,surface,5.140625,0.005140625
325.0,2.6,HF,reservoir_net,-680.890625,-0.680890625
325.0,2.6,H2,gas_product,0.0,0.0
325.0,2.6,NH3,gas_product,278.1484375,0.2781484375
325.0,2.6,SiF4,gas_product,1.4609375,0.0014609375
325.0,2.6,SiH2F2,gas_product,2.625,0.002625
325.0,2.6,SiHF3,gas_product,0.0,0.0
325.0,2.6500000000000004,bridge_NH_F0,surface,0.0390625,3.90625e-05
325.0,2.6500000000000004,bridge_NH_F1,surface,285.5234375,0.2855234375
325.0,2.6500000000000004,bridge_NH_F2,surface,12.5625,0.0125625
325.0,2.6500000000000004,bridge_NH_F3,surface,0.4140625,0.0004140625
325.0,2.6500000000000004,bridge_NH_residual,surface,1.4609375,0.0014609375
325.0,2.6500000000000004,bridge_NH_F0_HF,surface,0.0,0.0
325.0,2.6500000000000004,bridge_NH_F1_HF,surface,0.0,0.0
325.0,2.6500000000000004,bridge_NH_F2_HF,surface,0.0,0.0
325.0,2.6500000000000004,bridge_NH_F3_HF,surface,0.0,0.0
325.0,2.6500000000000004,terminal_NH2_F0,surface,0.0,0.0
325.0,2.6500000000000004,terminal_NH2_F1,surface,22.0234375,0.0220234375
325.0,2.6500000000000004,terminal_NH2_F2,surface,127.8046875,0.1278046875
325.0,2.6500000000000004,terminal_NH2_F3,surface,0.171875,0.000171875
325.0,2.6500000000000004,terminal_NH2_residual,surface,0.0,0.0
325.0,2.6500000000000004,terminal_NH2_F0_HF,surface,0.0,0.0
325.0,2.6500000000000004,terminal_NH2_F1_HF,surface,0.0,0.0
325.0,2.6500000000000004,terminal_NH2_F2_HF,surface,0.0,0.0
325.0,2.6500000000000004,terminal_NH2_F3_HF,surface,0.0,0.0
325.0,2.6500000000000004,Si_H_rich_F0,surface,100.0,0.1
325.0,2.6500000000000004,Si_H_rich_F1,surface,0.0,0.0
325.0,2.6500000000000004,Si_H_rich_F2,surface,0.0,0.0
325.0,2.6500000000000004,Si_H_rich_F3,surface,0.0,0.0
325.0,2.6500000000000004,Si_H_rich_residual,surface,0.0,0.0
325.0,2.6500000000000004,Si_H_rich_F0_HF,surface,0.0,0.0
325.0,2.6500000000000004,Si_H_rich_F1_HF,surface,0.0,0.0
325.0,2.6500000000000004,Si_H_rich_F2_HF,surface,0.0,0.0
325.0,2.6500000000000004,Si_H_rich_F3_HF,surface,0.0,0.0
325.0,2.6500000000000004,bridge_N_F0,surface,80.4921875,0.0804921875
325.0,2.6500000000000004,bridge_N_F1,surface,61.7734375,0.0617734375
325.0,2.6500000000000004,bridge_N_F2,surface,7.734375,0.007734375
325.0,2.6500000000000004,bridge_N_F3,surface,0.0,0.0
325.0,2.6500000000000004,bridge_N_residual,surface,0.0,0.0
325.0,2.6500000000000004,bridge_N_F0_HF,surface,0.0,0.0
325.0,2.6500000000000004,bridge_N_F1_HF,surface,0.0,0.0
325.0,2.6500000000000004,bridge_N_F2_HF,surface,0.0,0.0
325.0,2.6500000000000004,bridge_N_F3_HF,surface,0.0,0.0
325.0,2.6500000000000004,pre_SiH2F,surface,97.375,0.097375
325.0,2.6500000000000004,pre_SiH2F_HF,surface,0.0,0.0
325.0,2.6500000000000004,pre_SiH2F_residual,surface,2.625,0.002625
325.0,2.6500000000000004,pre_SiHF2,surface,100.0,0.1
325.0,2.6500000000000004,pre_SiHF2_HF,surface,0.0,0.0
325.0,2.6500000000000004,pre_SiHF2_residual,surface,0.0,0.0
325.0,2.6500000000000004,Si_Si_F1,surface,94.859375,0.094859375
325.0,2.6500000000000004,Si_Si_F1_HF,surface,0.0,0.0
325.0,2.6500000000000004,Si_Si_cleaved_F2_H,surface,5.140625,0.005140625
325.0,2.6500000000000004,HF,reservoir_net,-680.890625,-0.680890625
325.0,2.6500000000000004,H2,gas_product,0.0,0.0
325.0,2.6500000000000004,NH3,gas_product,278.1484375,0.2781484375
325.0,2.6500000000000004,SiF4,gas_product,1.4609375,0.0014609375
325.0,2.6500000000000004,SiH2F2,gas_product,2.625,0.002625
325.0,2.6500000000000004,SiHF3,gas_product,0.0,0.0
325.0,2.7,bridge_NH_F0,surface,0.0390625,3.90625e-05
325.0,2.7,bridge_NH_F1,surface,285.5234375,0.2855234375
325.0,2.7,bridge_NH_F2,surface,12.5625,0.0125625
325.0,2.7,bridge_NH_F3,surface,0.4140625,0.0004140625
325.0,2.7,bridge_NH_residual,surface,1.4609375,0.0014609375
325.0,2.7,bridge_NH_F0_HF,surface,0.0,0.0
325.0,2.7,bridge_NH_F1_HF,surface,0.0,0.0
325.0,2.7,bridge_NH_F2_HF,surface,0.0,0.0
325.0,2.7,bridge_NH_F3_HF,surface,0.0,0.0
325.0,2.7,terminal_NH2_F0,surface,0.0,0.0
325.0,2.7,terminal_NH2_F1,surface,22.0234375,0.0220234375
325.0,2.7,terminal_NH2_F2,surface,127.8046875,0.1278046875
325.0,2.7,terminal_NH2_F3,surface,0.171875,0.000171875
325.0,2.7,terminal_NH2_residual,surface,0.0,0.0
325.0,2.7,terminal_NH2_F0_HF,surface,0.0,0.0
325.0,2.7,terminal_NH2_F1_HF,surface,0.0,0.0
325.0,2.7,terminal_NH2_F2_HF,surface,0.0,0.0
325.0,2.7,terminal_NH2_F3_HF,surface,0.0,0.0
325.0,2.7,Si_H_rich_F0,surface,100.0,0.1
325.0,2.7,Si_H_rich_F1,surface,0.0,0.0
325.0,2.7,Si_H_rich_F2,surface,0.0,0.0
325.0,2.7,Si_H_rich_F3,surface,0.0,0.0
325.0,2.7,Si_H_rich_residual,surface,0.0,0.0
325.0,2.7,Si_H_rich_F0_HF,surface,0.0,0.0
325.0,2.7,Si_H_rich_F1_HF,surface,0.0,0.0
325.0,2.7,Si_H_rich_F2_HF,surface,0.0,0.0
325.0,2.7,Si_H_rich_F3_HF,surface,0.0,0.0
325.0,2.7,bridge_N_F0,surface,80.4921875,0.0804921875
325.0,2.7,bridge_N_F1,surface,61.7734375,0.0617734375
325.0,2.7,bridge_N_F2,surface,7.734375,0.007734375
325.0,2.7,bridge_N_F3,surface,0.0,0.0
325.0,2.7,bridge_N_residual,surface,0.0,0.0
325.0,2.7,bridge_N_F0_HF,surface,0.0,0.0
325.0,2.7,bridge_N_F1_HF,surface,0.0,0.0
325.0,2.7,bridge_N_F2_HF,surface,0.0,0.0
325.0,2.7,bridge_N_F3_HF,surface,0.0,0.0
325.0,2.7,pre_SiH2F,surface,97.375,0.097375
325.0,2.7,pre_SiH2F_HF,surface,0.0,0.0
325.0,2.7,pre_SiH2F_residual,surface,2.625,0.002625
325.0,2.7,pre_SiHF2,surface,100.0,0.1
325.0,2.7,pre_SiHF2_HF,surface,0.0,0.0
325.0,2.7,pre_SiHF2_residual,surface,0.0,0.0
325.0,2.7,Si_Si_F1,surface,94.859375,0.094859375
325.0,2.7,Si_Si_F1_HF,surface,0.0,0.0
325.0,2.7,Si_Si_cleaved_F2_H,surface,5.140625,0.005140625
325.0,2.7,HF,reservoir_net,-680.890625,-0.680890625
325.0,2.7,H2,gas_product,0.0,0.0
325.0,2.7,NH3,gas_product,278.1484375,0.2781484375
325.0,2.7,SiF4,gas_product,1.4609375,0.0014609375
325.0,2.7,SiH2F2,gas_product,2.625,0.002625
325.0,2.7,SiHF3,gas_product,0.0,0.0
325.0,2.75,bridge_NH_F0,surface,0.0390625,3.90625e-05
325.0,2.75,bridge_NH_F1,surface,285.5234375,0.2855234375
325.0,2.75,bridge_NH_F2,surface,12.5625,0.0125625
325.0,2.75,bridge_NH_F3,surface,0.4140625,0.0004140625
325.0,2.75,bridge_NH_residual,surface,1.4609375,0.0014609375
325.0,2.75,bridge_NH_F0_HF,surface,0.0,0.0
325.0,2.75,bridge_NH_F1_HF,surface,0.0,0.0
325.0,2.75,bridge_NH_F2_HF,surface,0.0,0.0
325.0,2.75,bridge_NH_F3_HF,surface,0.0,0.0
325.0,2.75,terminal_NH2_F0,surface,0.0,0.0
325.0,2.75,terminal_NH2_F1,surface,22.0234375,0.0220234375
325.0,2.75,terminal_NH2_F2,surface,127.8046875,0.1278046875
325.0,2.75,terminal_NH2_F3,surface,0.171875,0.000171875
325.0,2.75,terminal_NH2_residual,surface,0.0,0.0
325.0,2.75,terminal_NH2_F0_HF,surface,0.0,0.0
325.0,2.75,terminal_NH2_F1_HF,surface,0.0,0.0
325.0,2.75,terminal_NH2_F2_HF,surface,0.0,0.0
325.0,2.75,terminal_NH2_F3_HF,surface,0.0,0.0
325.0,2.75,Si_H_rich_F0,surface,100.0,0.1
325.0,2.75,Si_H_rich_F1,surface,0.0,0.0
325.0,2.75,Si_H_rich_F2,surface,0.0,0.0
325.0,2.75,Si_H_rich_F3,surface,0.0,0.0
325.0,2.75,Si_H_rich_residual,surface,0.0,0.0
325.0,2.75,Si_H_rich_F0_HF,surface,0.0,0.0
325.0,2.75,Si_H_rich_F1_HF,surface,0.0,0.0
325.0,2.75,Si_H_rich_F2_HF,surface,0.0,0.0
325.0,2.75,Si_H_rich_F3_HF,surface,0.0,0.0
325.0,2.75,bridge_N_F0,surface,80.4921875,0.0804921875
325.0,2.75,bridge_N_F1,surface,61.7734375,0.0617734375
325.0,2.75,bridge_N_F2,surface,7.734375,0.007734375
325.0,2.75,bridge_N_F3,surface,0.0,0.0
325.0,2.75,bridge_N_residual,surface,0.0,0.0
325.0,2.75,bridge_N_F0_HF,surface,0.0,0.0
325.0,2.75,bridge_N_F1_HF,surface,0.0,0.0
325.0,2.75,bridge_N_F2_HF,surface,0.0,0.0
325.0,2.75,bridge_N_F3_HF,surface,0.0,0.0
325.0,2.75,pre_SiH2F,surface,97.375,0.097375
325.0,2.75,pre_SiH2F_HF,surface,0.0,0.0
325.0,2.75,pre_SiH2F_residual,surface,2.625,0.002625
325.0,2.75,pre_SiHF2,surface,100.0,0.1
325.0,2.75,pre_SiHF2_HF,surface,0.0,0.0
325.0,2.75,pre_SiHF2_residual,surface,0.0,0.0
325.0,2.75,Si_Si_F1,surface,94.859375,0.094859375
325.0,2.75,Si_Si_F1_HF,surface,0.0,0.0
325.0,2.75,Si_Si_cleaved_F2_H,surface,5.140625,0.005140625
325.0,2.75,HF,reservoir_net,-680.890625,-0.680890625
325.0,2.75,H2,gas_product,0.0,0.0
325.0,2.75,NH3,gas_product,278.1484375,0.2781484375
325.0,2.75,SiF4,gas_product,1.4609375,0.0014609375
325.0,2.75,SiH2F2,gas_product,2.625,0.002625
325.0,2.75,SiHF3,gas_product,0.0,0.0
325.0,2.8000000000000003,bridge_NH_F0,surface,0.0390625,3.90625e-05
325.0,2.8000000000000003,bridge_NH_F1,surface,285.5234375,0.2855234375
325.0,2.8000000000000003,bridge_NH_F2,surface,12.5625,0.0125625
325.0,2.8000000000000003,bridge_NH_F3,surface,0.4140625,0.0004140625
325.0,2.8000000000000003,bridge_NH_residual,surface,1.4609375,0.0014609375
325.0,2.8000000000000003,bridge_NH_F0_HF,surface,0.0,0.0
325.0,2.8000000000000003,bridge_NH_F1_HF,surface,0.0,0.0
325.0,2.8000000000000003,bridge_NH_F2_HF,surface,0.0,0.0
325.0,2.8000000000000003,bridge_NH_F3_HF,surface,0.0,0.0
325.0,2.8000000000000003,terminal_NH2_F0,surface,0.0,0.0
325.0,2.8000000000000003,terminal_NH2_F1,surface,22.0234375,0.0220234375
325.0,2.8000000000000003,terminal_NH2_F2,surface,127.8046875,0.1278046875
325.0,2.8000000000000003,terminal_NH2_F3,surface,0.171875,0.000171875
325.0,2.8000000000000003,terminal_NH2_residual,surface,0.0,0.0
325.0,2.8000000000000003,terminal_NH2_F0_HF,surface,0.0,0.0
325.0,2.8000000000000003,terminal_NH2_F1_HF,surface,0.0,0.0
325.0,2.8000000000000003,terminal_NH2_F2_HF,surface,0.0,0.0
325.0,2.8000000000000003,terminal_NH2_F3_HF,surface,0.0,0.0
325.0,2.8000000000000003,Si_H_rich_F0,surface,100.0,0.1
325.0,2.8000000000000003,Si_H_rich_F1,surface,0.0,0.0
325.0,2.8000000000000003,Si_H_rich_F2,surface,0.0,0.0
325.0,2.8000000000000003,Si_H_rich_F3,surface,0.0,0.0
325.0,2.8000000000000003,Si_H_rich_residual,surface,0.0,0.0
325.0,2.8000000000000003,Si_H_rich_F0_HF,surface,0.0,0.0
325.0,2.8000000000000003,Si_H_rich_F1_HF,surface,0.0,0.0
325.0,2.8000000000000003,Si_H_rich_F2_HF,surface,0.0,0.0
325.0,2.8000000000000003,Si_H_rich_F3_HF,surface,0.0,0.0
325.0,2.8000000000000003,bridge_N_F0,surface,80.4921875,0.0804921875
325.0,2.8000000000000003,bridge_N_F1,surface,61.7734375,0.0617734375
325.0,2.8000000000000003,bridge_N_F2,surface,7.734375,0.007734375
325.0,2.8000000000000003,bridge_N_F3,surface,0.0,0.0
325.0,2.8000000000000003,bridge_N_residual,surface,0.0,0.0
325.0,2.8000000000000003,bridge_N_F0_HF,surface,0.0,0.0
325.0,2.8000000000000003,bridge_N_F1_HF,surface,0.0,0.0
325.0,2.8000000000000003,bridge_N_F2_HF,surface,0.0,0.0
325.0,2.8000000000000003,bridge_N_F3_HF,surface,0.0,0.0
325.0,2.8000000000000003,pre_SiH2F,surface,97.375,0.097375
325.0,2.8000000000000003,pre_SiH2F_HF,surface,0.0,0.0
325.0,2.8000000000000003,pre_SiH2F_residual,surface,2.625,0.002625
325.0,2.8000000000000003,pre_SiHF2,surface,100.0,0.1
325.0,2.8000000000000003,pre_SiHF2_HF,surface,0.0,0.0
325.0,2.8000000000000003,pre_SiHF2_residual,surface,0.0,0.0
325.0,2.8000000000000003,Si_Si_F1,surface,94.859375,0.094859375
325.0,2.8000000000000003,Si_Si_F1_HF,surface,0.0,0.0
325.0,2.8000000000000003,Si_Si_cleaved_F2_H,surface,5.140625,0.005140625
325.0,2.8000000000000003,HF,reservoir_net,-680.890625,-0.680890625
325.0,2.8000000000000003,H2,gas_product,0.0,0.0
325.0,2.8000000000000003,NH3,gas_product,278.1484375,0.2781484375
325.0,2.8000000000000003,SiF4,gas_product,1.4609375,0.0014609375
325.0,2.8000000000000003,SiH2F2,gas_product,2.625,0.002625
325.0,2.8000000000000003,SiHF3,gas_product,0.0,0.0
325.0,2.85,bridge_NH_F0,surface,0.0390625,3.90625e-05
325.0,2.85,bridge_NH_F1,surface,285.5234375,0.2855234375
325.0,2.85,bridge_NH_F2,surface,12.5625,0.0125625
325.0,2.85,bridge_NH_F3,surface,0.4140625,0.0004140625
325.0,2.85,bridge_NH_residual,surface,1.4609375,0.0014609375
325.0,2.85,bridge_NH_F0_HF,surface,0.0,0.0
325.0,2.85,bridge_NH_F1_HF,surface,0.0,0.0
325.0,2.85,bridge_NH_F2_HF,surface,0.0,0.0
325.0,2.85,bridge_NH_F3_HF,surface,0.0,0.0
325.0,2.85,terminal_NH2_F0,surface,0.0,0.0
325.0,2.85,terminal_NH2_F1,surface,22.0234375,0.0220234375
325.0,2.85,terminal_NH2_F2,surface,127.8046875,0.1278046875
325.0,2.85,terminal_NH2_F3,surface,0.171875,0.000171875
325.0,2.85,terminal_NH2_residual,surface,0.0,0.0
325.0,2.85,terminal_NH2_F0_HF,surface,0.0,0.0
325.0,2.85,terminal_NH2_F1_HF,surface,0.0,0.0
325.0,2.85,terminal_NH2_F2_HF,surface,0.0,0.0
325.0,2.85,terminal_NH2_F3_HF,surface,0.0,0.0
325.0,2.85,Si_H_rich_F0,surface,100.0,0.1
325.0,2.85,Si_H_rich_F1,surface,0.0,0.0
325.0,2.85,Si_H_rich_F2,surface,0.0,0.0
325.0,2.85,Si_H_rich_F3,surface,0.0,0.0
325.0,2.85,Si_H_rich_residual,surface,0.0,0.0
325.0,2.85,Si_H_rich_F0_HF,surface,0.0,0.0
325.0,2.85,Si_H_rich_F1_HF,surface,0.0,0.0
325.0,2.85,Si_H_rich_F2_HF,surface,0.0,0.0
325.0,2.85,Si_H_rich_F3_HF,surface,0.0,0.0
325.0,2.85,bridge_N_F0,surface,80.4921875,0.0804921875
325.0,2.85,bridge_N_F1,surface,61.7734375,0.0617734375
325.0,2.85,bridge_N_F2,surface,7.734375,0.007734375
325.0,2.85,bridge_N_F3,surface,0.0,0.0
325.0,2.85,bridge_N_residual,surface,0.0,0.0
325.0,2.85,bridge_N_F0_HF,surface,0.0,0.0
325.0,2.85,bridge_N_F1_HF,surface,0.0,0.0
325.0,2.85,bridge_N_F2_HF,surface,0.0,0.0
325.0,2.85,bridge_N_F3_HF,surface,0.0,0.0
325.0,2.85,pre_SiH2F,surface,97.375,0.097375
325.0,2.85,pre_SiH2F_HF,surface,0.0,0.0
325.0,2.85,pre_SiH2F_residual,surface,2.625,0.002625
325.0,2.85,pre_SiHF2,surface,100.0,0.1
325.0,2.85,pre_SiHF2_HF,surface,0.0,0.0
325.0,2.85,pre_SiHF2_residual,surface,0.0,0.0
325.0,2.85,Si_Si_F1,surface,94.859375,0.094859375
325.0,2.85,Si_Si_F1_HF,surface,0.0,0.0
325.0,2.85,Si_Si_cleaved_F2_H,surface,5.140625,0.005140625
325.0,2.85,HF,reservoir_net,-680.890625,-0.680890625
325.0,2.85,H2,gas_product,0.0,0.0
325.0,2.85,NH3,gas_product,278.1484375,0.2781484375
325.0,2.85,SiF4,gas_product,1.4609375,0.0014609375
325.0,2.85,SiH2F2,gas_product,2.625,0.002625
325.0,2.85,SiHF3,gas_product,0.0,0.0
325.0,2.9000000000000004,bridge_NH_F0,surface,0.0390625,3.90625e-05
325.0,2.9000000000000004,bridge_NH_F1,surface,285.5234375,0.2855234375
325.0,2.9000000000000004,bridge_NH_F2,surface,12.5625,0.0125625
325.0,2.9000000000000004,bridge_NH_F3,surface,0.4140625,0.0004140625
325.0,2.9000000000000004,bridge_NH_residual,surface,1.4609375,0.0014609375
325.0,2.9000000000000004,bridge_NH_F0_HF,surface,0.0,0.0
325.0,2.9000000000000004,bridge_NH_F1_HF,surface,0.0,0.0
325.0,2.9000000000000004,bridge_NH_F2_HF,surface,0.0,0.0
325.0,2.9000000000000004,bridge_NH_F3_HF,surface,0.0,0.0
325.0,2.9000000000000004,terminal_NH2_F0,surface,0.0,0.0
325.0,2.9000000000000004,terminal_NH2_F1,surface,22.0234375,0.0220234375
325.0,2.9000000000000004,terminal_NH2_F2,surface,127.8046875,0.1278046875
325.0,2.9000000000000004,terminal_NH2_F3,surface,0.171875,0.000171875
325.0,2.9000000000000004,terminal_NH2_residual,surface,0.0,0.0
325.0,2.9000000000000004,terminal_NH2_F0_HF,surface,0.0,0.0
325.0,2.9000000000000004,terminal_NH2_F1_HF,surface,0.0,0.0
325.0,2.9000000000000004,terminal_NH2_F2_HF,surface,0.0,0.0
325.0,2.9000000000000004,terminal_NH2_F3_HF,surface,0.0,0.0
325.0,2.9000000000000004,Si_H_rich_F0,surface,100.0,0.1
325.0,2.9000000000000004,Si_H_rich_F1,surface,0.0,0.0
325.0,2.9000000000000004,Si_H_rich_F2,surface,0.0,0.0
325.0,2.9000000000000004,Si_H_rich_F3,surface,0.0,0.0
325.0,2.9000000000000004,Si_H_rich_residual,surface,0.0,0.0
325.0,2.9000000000000004,Si_H_rich_F0_HF,surface,0.0,0.0
325.0,2.9000000000000004,Si_H_rich_F1_HF,surface,0.0,0.0
325.0,2.9000000000000004,Si_H_rich_F2_HF,surface,0.0,0.0
325.0,2.9000000000000004,Si_H_rich_F3_HF,surface,0.0,0.0
325.0,2.9000000000000004,bridge_N_F0,surface,80.4921875,0.0804921875
325.0,2.9000000000000004,bridge_N_F1,surface,61.7734375,0.0617734375
325.0,2.9000000000000004,bridge_N_F2,surface,7.734375,0.007734375
325.0,2.9000000000000004,bridge_N_F3,surface,0.0,0.0
325.0,2.9000000000000004,bridge_N_residual,surface,0.0,0.0
325.0,2.9000000000000004,bridge_N_F0_HF,surface,0.0,0.0
325.0,2.9000000000000004,bridge_N_F1_HF,surface,0.0,0.0
325.0,2.9000000000000004,bridge_N_F2_HF,surface,0.0,0.0
325.0,2.9000000000000004,bridge_N_F3_HF,surface,0.0,0.0
325.0,2.9000000000000004,pre_SiH2F,surface,97.375,0.097375
325.0,2.9000000000000004,pre_SiH2F_HF,surface,0.0,0.0
325.0,2.9000000000000004,pre_SiH2F_residual,surface,2.625,0.002625
325.0,2.9000000000000004,pre_SiHF2,surface,100.0,0.1
325.0,2.9000000000000004,pre_SiHF2_HF,surface,0.0,0.0
325.0,2.9000000000000004,pre_SiHF2_residual,surface,0.0,0.0
325.0,2.9000000000000004,Si_Si_F1,surface,94.859375,0.094859375
325.0,2.9000000000000004,Si_Si_F1_HF,surface,0.0,0.0
325.0,2.9000000000000004,Si_Si_cleaved_F2_H,surface,5.140625,0.005140625
325.0,2.9000000000000004,HF,reservoir_net,-680.890625,-0.680890625
325.0,2.9000000000000004,H2,gas_product,0.0,0.0
325.0,2.9000000000000004,NH3,gas_product,278.1484375,0.2781484375
325.0,2.9000000000000004,SiF4,gas_product,1.4609375,0.0014609375
325.0,2.9000000000000004,SiH2F2,gas_product,2.625,0.002625
325.0,2.9000000000000004,SiHF3,gas_product,0.0,0.0
325.0,2.95,bridge_NH_F0,surface,0.0390625,3.90625e-05
325.0,2.95,bridge_NH_F1,surface,285.5234375,0.2855234375
325.0,2.95,bridge_NH_F2,surface,12.5625,0.0125625
325.0,2.95,bridge_NH_F3,surface,0.4140625,0.0004140625
325.0,2.95,bridge_NH_residual,surface,1.4609375,0.0014609375
325.0,2.95,bridge_NH_F0_HF,surface,0.0,0.0
325.0,2.95,bridge_NH_F1_HF,surface,0.0,0.0
325.0,2.95,bridge_NH_F2_HF,surface,0.0,0.0
325.0,2.95,bridge_NH_F3_HF,surface,0.0,0.0
325.0,2.95,terminal_NH2_F0,surface,0.0,0.0
325.0,2.95,terminal_NH2_F1,surface,22.0234375,0.0220234375
325.0,2.95,terminal_NH2_F2,surface,127.8046875,0.1278046875
325.0,2.95,terminal_NH2_F3,surface,0.171875,0.000171875
325.0,2.95,terminal_NH2_residual,surface,0.0,0.0
325.0,2.95,terminal_NH2_F0_HF,surface,0.0,0.0
325.0,2.95,terminal_NH2_F1_HF,surface,0.0,0.0
325.0,2.95,terminal_NH2_F2_HF,surface,0.0,0.0
325.0,2.95,terminal_NH2_F3_HF,surface,0.0,0.0
325.0,2.95,Si_H_rich_F0,surface,100.0,0.1
325.0,2.95,Si_H_rich_F1,surface,0.0,0.0
325.0,2.95,Si_H_rich_F2,surface,0.0,0.0
325.0,2.95,Si_H_rich_F3,surface,0.0,0.0
325.0,2.95,Si_H_rich_residual,surface,0.0,0.0
325.0,2.95,Si_H_rich_F0_HF,surface,0.0,0.0
325.0,2.95,Si_H_rich_F1_HF,surface,0.0,0.0
325.0,2.95,Si_H_rich_F2_HF,surface,0.0,0.0
325.0,2.95,Si_H_rich_F3_HF,surface,0.0,0.0
325.0,2.95,bridge_N_F0,surface,80.4921875,0.0804921875
325.0,2.95,bridge_N_F1,surface,61.7734375,0.0617734375
325.0,2.95,bridge_N_F2,surface,7.734375,0.007734375
325.0,2.95,bridge_N_F3,surface,0.0,0.0
325.0,2.95,bridge_N_residual,surface,0.0,0.0
325.0,2.95,bridge_N_F0_HF,surface,0.0,0.0
325.0,2.95,bridge_N_F1_HF,surface,0.0,0.0
325.0,2.95,bridge_N_F2_HF,surface,0.0,0.0
325.0,2.95,bridge_N_F3_HF,surface,0.0,0.0
325.0,2.95,pre_SiH2F,surface,97.375,0.097375
325.0,2.95,pre_SiH2F_HF,surface,0.0,0.0
325.0,2.95,pre_SiH2F_residual,surface,2.625,0.002625
325.0,2.95,pre_SiHF2,surface,100.0,0.1
325.0,2.95,pre_SiHF2_HF,surface,0.0,0.0
325.0,2.95,pre_SiHF2_residual,surface,0.0,0.0
325.0,2.95,Si_Si_F1,surface,94.859375,0.094859375
325.0,2.95,Si_Si_F1_HF,surface,0.0,0.0
325.0,2.95,Si_Si_cleaved_F2_H,surface,5.140625,0.005140625
325.0,2.95,HF,reservoir_net,-680.890625,-0.680890625
325.0,2.95,H2,gas_product,0.0,0.0
325.0,2.95,NH3,gas_product,278.1484375,0.2781484375
325.0,2.95,SiF4,gas_product,1.4609375,0.0014609375
325.0,2.95,SiH2F2,gas_product,2.625,0.002625
325.0,2.95,SiHF3,gas_product,0.0,0.0
325.0,3.0,bridge_NH_F0,surface,0.0390625,3.90625e-05
325.0,3.0,bridge_NH_F1,surface,285.5234375,0.2855234375
325.0,3.0,bridge_NH_F2,surface,12.5625,0.0125625
325.0,3.0,bridge_NH_F3,surface,0.4140625,0.0004140625
325.0,3.0,bridge_NH_residual,surface,1.4609375,0.0014609375
325.0,3.0,bridge_NH_F0_HF,surface,0.0,0.0
325.0,3.0,bridge_NH_F1_HF,surface,0.0,0.0
325.0,3.0,bridge_NH_F2_HF,surface,0.0,0.0
325.0,3.0,bridge_NH_F3_HF,surface,0.0,0.0
325.0,3.0,terminal_NH2_F0,surface,0.0,0.0
325.0,3.0,terminal_NH2_F1,surface,22.0234375,0.0220234375
325.0,3.0,terminal_NH2_F2,surface,127.8046875,0.1278046875
325.0,3.0,terminal_NH2_F3,surface,0.171875,0.000171875
325.0,3.0,terminal_NH2_residual,surface,0.0,0.0
325.0,3.0,terminal_NH2_F0_HF,surface,0.0,0.0
325.0,3.0,terminal_NH2_F1_HF,surface,0.0,0.0
325.0,3.0,terminal_NH2_F2_HF,surface,0.0,0.0
325.0,3.0,terminal_NH2_F3_HF,surface,0.0,0.0
325.0,3.0,Si_H_rich_F0,surface,100.0,0.1
325.0,3.0,Si_H_rich_F1,surface,0.0,0.0
325.0,3.0,Si_H_rich_F2,surface,0.0,0.0
325.0,3.0,Si_H_rich_F3,surface,0.0,0.0
325.0,3.0,Si_H_rich_residual,surface,0.0,0.0
325.0,3.0,Si_H_rich_F0_HF,surface,0.0,0.0
325.0,3.0,Si_H_rich_F1_HF,surface,0.0,0.0
325.0,3.0,Si_H_rich_F2_HF,surface,0.0,0.0
325.0,3.0,Si_H_rich_F3_HF,surface,0.0,0.0
325.0,3.0,bridge_N_F0,surface,80.4921875,0.0804921875
325.0,3.0,bridge_N_F1,surface,61.7734375,0.0617734375
325.0,3.0,bridge_N_F2,surface,7.734375,0.007734375
325.0,3.0,bridge_N_F3,surface,0.0,0.0
325.0,3.0,bridge_N_residual,surface,0.0,0.0
325.0,3.0,bridge_N_F0_HF,surface,0.0,0.0
325.0,3.0,bridge_N_F1_HF,surface,0.0,0.0
325.0,3.0,bridge_N_F2_HF,surface,0.0,0.0
325.0,3.0,bridge_N_F3_HF,surface,0.0,0.0
325.0,3.0,pre_SiH2F,surface,97.375,0.097375
325.0,3.0,pre_SiH2F_HF,surface,0.0,0.0
325.0,3.0,pre_SiH2F_residual,surface,2.625,0.002625
325.0,3.0,pre_SiHF2,surface,100.0,0.1
325.0,3.0,pre_SiHF2_HF,surface,0.0,0.0
325.0,3.0,pre_SiHF2_residual,surface,0.0,0.0
325.0,3.0,Si_Si_F1,surface,94.859375,0.094859375
325.0,3.0,Si_Si_F1_HF,surface,0.0,0.0
325.0,3.0,Si_Si_cleaved_F2_H,surface,5.140625,0.005140625
325.0,3.0,HF,reservoir_net,-680.890625,-0.680890625
325.0,3.0,H2,gas_product,0.0,0.0
325.0,3.0,NH3,gas_product,278.1484375,0.2781484375
325.0,3.0,SiF4,gas_product,1.4609375,0.0014609375
325.0,3.0,SiH2F2,gas_product,2.625,0.002625
325.0,3.0,SiHF3,gas_product,0.0,0.0
350.0,0.0,bridge_NH_F0,surface,300.0,0.3
350.0,0.0,bridge_NH_F1,surface,0.0,0.0
350.0,0.0,bridge_NH_F2,surface,0.0,0.0
350.0,0.0,bridge_NH_F3,surface,0.0,0.0
350.0,0.0,bridge_NH_residual,surface,0.0,0.0
350.0,0.0,bridge_NH_F0_HF,surface,0.0,0.0
350.0,0.0,bridge_NH_F1_HF,surface,0.0,0.0
350.0,0.0,bridge_NH_F2_HF,surface,0.0,0.0
350.0,0.0,bridge_NH_F3_HF,surface,0.0,0.0
350.0,0.0,terminal_NH2_F0,surface,150.0,0.15
350.0,0.0,terminal_NH2_F1,surface,0.0,0.0
350.0,0.0,terminal_NH2_F2,surface,0.0,0.0
350.0,0.0,terminal_NH2_F3,surface,0.0,0.0
350.0,0.0,terminal_NH2_residual,surface,0.0,0.0
350.0,0.0,terminal_NH2_F0_HF,surface,0.0,0.0
350.0,0.0,terminal_NH2_F1_HF,surface,0.0,0.0
350.0,0.0,terminal_NH2_F2_HF,surface,0.0,0.0
350.0,0.0,terminal_NH2_F3_HF,surface,0.0,0.0
350.0,0.0,Si_H_rich_F0,surface,100.0,0.1
350.0,0.0,Si_H_rich_F1,surface,0.0,0.0
350.0,0.0,Si_H_rich_F2,surface,0.0,0.0
350.0,0.0,Si_H_rich_F3,surface,0.0,0.0
350.0,0.0,Si_H_rich_residual,surface,0.0,0.0
350.0,0.0,Si_H_rich_F0_HF,surface,0.0,0.0
350.0,0.0,Si_H_rich_F1_HF,surface,0.0,0.0
350.0,0.0,Si_H_rich_F2_HF,surface,0.0,0.0
350.0,0.0,Si_H_rich_F3_HF,surface,0.0,0.0
350.0,0.0,bridge_N_F0,surface,150.0,0.15
350.0,0.0,bridge_N_F1,surface,0.0,0.0
350.0,0.0,bridge_N_F2,surface,0.0,0.0
350.0,0.0,bridge_N_F3,surface,0.0,0.0
350.0,0.0,bridge_N_residual,surface,0.0,0.0
350.0,0.0,bridge_N_F0_HF,surface,0.0,0.0
350.0,0.0,bridge_N_F1_HF,surface,0.0,0.0
350.0,0.0,bridge_N_F2_HF,surface,0.0,0.0
350.0,0.0,bridge_N_F3_HF,surface,0.0,0.0
350.0,0.0,pre_SiH2F,surface,100.0,0.1
350.0,0.0,pre_SiH2F_HF,surface,0.0,0.0
350.0,0.0,pre_SiH2F_residual,surface,0.0,0.0
350.0,0.0,pre_SiHF2,surface,100.0,0.1
350.0,0.0,pre_SiHF2_HF,surface,0.0,0.0
350.0,0.0,pre_SiHF2_residual,surface,0.0,0.0
350.0,0.0,Si_Si_F1,surface,100.0,0.1
350.0,0.0,Si_Si_F1_HF,surface,0.0,0.0
350.0,0.0,Si_Si_cleaved_F2_H,surface,0.0,0.0
350.0,0.0,HF,reservoir_net,0.0,0.0
350.0,0.0,H2,gas_product,0.0,0.0
350.0,0.0,NH3,gas_product,0.0,0.0
350.0,0.0,SiF4,gas_product,0.0,0.0
350.0,0.0,SiH2F2,gas_product,0.0,0.0
350.0,0.0,SiHF3,gas_product,0.0,0.0
350.0,0.05,bridge_NH_F0,surface,232.140625,0.232140625
350.0,0.05,bridge_NH_F1,surface,65.046875,0.065046875
350.0,0.05,bridge_NH_F2,surface,0.3125,0.0003125
350.0,0.05,bridge_NH_F3,surface,0.0,0.0
350.0,0.05,bridge_NH_residual,surface,0.0,0.0
350.0,0.05,bridge_NH_F0_HF,surface,0.0,0.0
350.0,0.05,bridge_NH_F1_HF,surface,2.4921875,0.0024921875
350.0,0.05,bridge_NH_F2_HF,surface,0.0078125,7.8125e-06
350.0,0.05,bridge_NH_F3_HF,surface,0.0,0.0
350.0,0.05,terminal_NH2_F0,surface,117.0546875,0.1170546875
350.0,0.05,terminal_NH2_F1,surface,30.390625,0.030390625
350.0,0.05,terminal_NH2_F2,surface,1.953125,0.001953125
350.0,0.05,terminal_NH2_F3,surface,0.0,0.0
350.0,0.05,terminal_NH2_residual,surface,0.0,0.0
350.0,0.05,terminal_NH2_F0_HF,surface,0.0,0.0
350.0,0.05,terminal_NH2_F1_HF,surface,0.5234375,0.0005234375
350.0,0.05,terminal_NH2_F2_HF,surface,0.078125,7.8125e-05
350.0,0.05,terminal_NH2_F3_HF,surface,0.0,0.0
350.0,0.05,Si_H_rich_F0,surface,95.4375,0.0954375
350.0,0.05,Si_H_rich_F1,surface,0.0,0.0
350.0,0.05,Si_H_rich_F2,surface,0.0,0.0
350.0,0.05,Si_H_rich_F3,surface,0.0,0.0
350.0,0.05,Si_H_rich_residual,surface,0.0,0.0
350.0,0.05,Si_H_rich_F0_HF,surface,4.5625,0.0045625
350.0,0.05,Si_H_rich_F1_HF,surface,0.0,0.0
350.0,0.05,Si_H_rich_F2_HF,surface,0.0,0.0
350.0,0.05,Si_H_rich_F3_HF,surface,0.0,0.0
350.0,0.05,bridge_N_F0,surface,135.4765625,0.1354765625
350.0,0.05,bridge_N_F1,surface,9.2421875,0.0092421875
350.0,0.05,bridge_N_F2,surface,0.09375,9.375e-05
350.0,0.05,bridge_N_F3,surface,0.0,0.0
350.0,0.05,bridge_N_residual,surface,0.0,0.0
350.0,0.05,bridge_N_F0_HF,surface,4.8125,0.0048125
350.0,0.05,bridge_N_F1_HF,surface,0.3671875,0.0003671875
350.0,0.05,bridge_N_F2_HF,surface,0.0078125,7.8125e-06
350.0,0.05,bridge_N_F3_HF,surface,0.0,0.0
350.0,0.05,pre_SiH2F,surface,94.9453125,0.0949453125
350.0,0.05,pre_SiH2F_HF,surface,4.6875,0.0046875
350.0,0.05,pre_SiH2F_residual,surface,0.3671875,0.0003671875
350.0,0.05,pre_SiHF2,surface,95.40625,0.09540625
350.0,0.05,pre_SiHF2_HF,surface,4.5859375,0.0045859375
350.0,0.05,pre_SiHF2_residual,surface,0.0078125,7.8125e-06
350.0,0.05,Si_Si_F1,surface,94.5078125,0.0945078125
350.0,0.05,Si_Si_F1_HF,surface,4.6875,0.0046875
350.0,0.05,Si_Si_cleaved_F2_H,surface,0.8046875,0.0008046875
350.0,0.05,HF,reservoir_net,-140.9609375,-0.1409609375
350.0,0.05,H2,gas_product,0.0,0.0
350.0,0.05,NH3,gas_product,34.9765625,0.0349765625
350.0,0.05,SiF4,gas_product,0.0,0.0
350.0,0.05,SiH2F2,gas_product,0.3671875,0.0003671875
350.0,0.05,SiHF3,gas_product,0.0078125,7.8125e-06
350.0,0.1,bridge_NH_F0,surface,180.65625,0.18065625
350.0,0.1,bridge_NH_F1,surface,112.8671875,0.1128671875
350.0,0.1,bridge_NH_F2,surface,1.09375,0.00109375
350.0,0.1,bridge_NH_F3,surface,0.015625,1.5625e-05
350.0,0.1,bridge_NH_residual,surface,0.0,0.0
350.0,0.1,bridge_NH_F0_HF,surface,0.0,0.0
350.0,0.1,bridge_NH_F1_HF,surface,5.3515625,0.0053515625
350.0,0.1,bridge_NH_F2_HF,surface,0.015625,1.5625e-05
350.0,0.1,bridge_NH_F3_HF,surface,0.0,0.0
350.0,0.1,terminal_NH2_F0,surface,90.96875,0.09096875
350.0,0.1,terminal_NH2_F1,surface,50.2734375,0.0502734375
350.0,0.1,terminal_NH2_F2,surface,7.546875,0.007546875
350.0,0.1,terminal_NH2_F3,surface,0.0078125,7.8125e-06
350.0,0.1,terminal_NH2_residual,surface,0.0,0.0
350.0,0.1,terminal_NH2_F0_HF,surface,0.0078125,7.8125e-06
350.0,0.1,terminal_NH2_F1_HF,surface,0.984375,0.000984375
350.0,0.1,terminal_NH2_F2_HF,surface,0.2109375,0.0002109375
350.0,0.1,terminal_NH2_F3_HF,surface,0.0,0.0
350.0,0.1,Si_H_rich_F0,surface,95.1875,0.0951875
350.0,0.1,Si_H_rich_F1,surface,0.0,0.0
350.0,0.1,Si_H_rich_F2,surface,0.0,0.0
350.0,0.1,Si_H_rich_F3,surface,0.0,0.0
350.0,0.1,Si_H_rich_residual,surface,0.0,0.0
350.0,0.1,Si_H_rich_F0_HF,surface,4.8125,0.0048125
350.0,0.1,Si_H_rich_F1_HF,surface,0.0,0.0
350.0,0.1,Si_H_rich_F2_HF,surface,0.0,0.0
350.0,0.1,Si_H_rich_F3_HF,surface,0.0,0.0
350.0,0.1,bridge_N_F0,surface,125.6796875,0.1256796875
350.0,0.1,bridge_N_F1,surface,18.328125,0.018328125
350.0,0.1,bridge_N_F2,surface,0.4453125,0.0004453125
350.0,0.1,bridge_N_F3,surface,0.0,0.0
350.0,0.1,bridge_N_residual,surface,0.0,0.0
350.0,0.1,bridge_N_F0_HF,surface,4.8203125,0.0048203125
350.0,0.1,bridge_N_F1_HF,surface,0.703125,0.000703125
350.0,0.1,bridge_N_F2_HF,surface,0.0234375,2.34375e-05
350.0,0.1,bridge_N_F3_HF,surface,0.0,0.0
350.0,0.1,pre_SiH2F,surface,94.5703125,0.0945703125
350.0,0.1,pre_SiH2F_HF,surface,4.4765625,0.0044765625
350.0,0.1,pre_SiH2F_residual,surface,0.953125,0.000953125
350.0,0.1,pre_SiHF2,surface,95.125,0.095125
350.0,0.1,pre_SiHF2_HF,surface,4.8671875,0.0048671875
350.0,0.1,pre_SiHF2_residual,surface,0.0078125,7.8125e-06
350.0,0.1,Si_Si_F1,surface,94.0234375,0.0940234375
350.0,0.1,Si_Si_F1_HF,surface,4.4140625,0.0044140625
350.0,0.1,Si_Si_cleaved_F2_H,surface,1.5625,0.0015625
350.0,0.1,HF,reservoir_net,-240.4609375,-0.2404609375
350.0,0.1,H2,gas_product,0.0,0.0
350.0,0.1,NH3,gas_product,66.796875,0.066796875
350.0,0.1,SiF4,gas_product,0.0,0.0
350.0,0.1,SiH2F2,gas_product,0.953125,0.000953125
350.0,0.1,SiHF3,gas_product,0.0078125,7.8125e-06
350.0,0.15000000000000002,bridge_NH_F0,surface,140.03125,0.14003125
350.0,0.15000000000000002,bridge_NH_F1,surface,150.859375,0.150859375
350.0,0.15000000000000002,bridge_NH_F2,surface,2.1484375,0.0021484375
350.0,0.15000000000000002,bridge_NH_F3,surface,0.0625,6.25e-05
350.0,0.15000000000000002,bridge_NH_residual,surface,0.0,0.0
350.0,0.15000000000000002,bridge_NH_F0_HF,surface,0.0,0.0
350.0,0.15000000000000002,bridge_NH_F1_HF,surface,6.84375,0.00684375
350.0,0.15000000000000002,bridge_NH_F2_HF,surface,0.0546875,5.46875e-05
350.0,0.15000000000000002,bridge_NH_F3_HF,surface,0.0,0.0
350.0,0.15000000000000002,terminal_NH2_F0,surface,70.5390625,0.0705390625
350.0,0.15000000000000002,terminal_NH2_F1,surface,61.734375,0.061734375
350.0,0.15000000000000002,terminal_NH2_F2,surface,15.875,0.015875
350.0,0.15000000000000002,terminal_NH2_F3,surface,0.0078125,7.8125e-06
350.0,0.15000000000000002,terminal_NH2_residual,surface,0.0,0.0
350.0,0.15000000000000002,terminal_NH2_F0_HF,surface,0.0,0.0
350.0,0.15000000000000002,terminal_NH2_F1_HF,surface,1.078125,0.001078125
350.0,0.15000000000000002,terminal_NH2_F2_HF,surface,0.765625,0.000765625
350.0,0.15000000000000002,terminal_NH2_F3_HF,surface,0.0,0.0
350.0,0.15000000000000002,Si_H_rich_F0,surface,95.2421875,0.0952421875
350.0,0.15000000000000002,Si_H_rich_F1,surface,0.0,0.0
350.0,0.15000000000000002,Si_H_rich_F2,surface,0.0,0.0
350.0,0.15000000000000002,Si_H_rich_F3,surface,0.0,0.0
350.0,0.15000000000000002,Si_H_rich_residual,surface,0.0,0.0
350.0,0.15000000000000002,Si_H_rich_F0_HF,surface,4.7578125,0.0047578125
350.0,0.15000000000000002,Si_H_rich_F1_HF,surface,0.0,0.0
350.0,0.15000000000000002,Si_H_rich_F2_HF,surface,0.0,0.0
350.0,0.15000000000000002,Si_H_rich_F3_HF,surface,0.0,0.0
350.0,0.15000000000000002,bridge_N_F0,surface,117.03125,0.11703125
350.0,0.15000000000000002,bridge_N_F1,surface,26.7265625,0.0267265625
350.0,0.15000000000000002,bridge_N_F2,surface,1.140625,0.001140625
350.0,0.15000000000000002,bridge_N_F3,surface,0.0,0.0
350.0,0.15000000000000002,bridge_N_residual,surface,0.0,0.0
350.0,0.15000000000000002,bridge_N_F0_HF,surface,4.046875,0.004046875
350.0,0.15000000000000002,bridge_N_F1_HF,surface,0.9921875,0.0009921875
350.0,0.15000000000000002,bridge_N_F2_HF,surface,0.0625,6.25e-05
350.0,0.15000000000000002,bridge_N_F3_HF,surface,0.0,0.0
350.0,0.15000000000000002,pre_SiH2F,surface,94.1328125,0.0941328125
350.0,0.15000000000000002,pre_SiH2F_HF,surface,4.4765625,0.0044765625
350.0,0.15000000000000002,pre_SiH2F_residual,surface,1.390625,0.001390625
350.0,0.15000000000000002,pre_SiHF2,surface,95.84375,0.09584375
350.0,0.15000000000000002,pre_SiHF2_HF,surface,4.1484375,0.0041484375
350.0,0.15000000000000002,pre_SiHF2_residual,surface,0.0078125,7.8125e-06
350.0,0.15000000000000002,Si_Si_F1,surface,92.4375,0.0924375
350.0,0.15000000000000002,Si_Si_F1_HF,surface,5.0390625,0.0050390625
350.0,0.15000000000000002,Si_Si_cleaved_F2_H,surface,2.5234375,0.0025234375
350.0,0.15000000000000002,HF,reservoir_net,-324.7265625,-0.3247265625
350.0,0.15000000000000002,H2,gas_product,0.0,0.0
350.0,0.15000000000000002,NH3,gas_product,96.1171875,0.0961171875
350.0,0.15000000000000002,SiF4,gas_product,0.0,0.0
350.0,0.15000000000000002,SiH2F2,gas_product,1.390625,0.001390625
350.0,0.15000000000000002,SiHF3,gas_product,0.0078125,7.8125e-06
350.0,0.2,bridge_NH_F0,surface,109.0390625,0.1090390625
350.0,0.2,bridge_NH_F1,surface,178.953125,0.178953125
350.0,0.2,bridge_NH_F2,surface,3.6328125,0.0036328125
350.0,0.2,bridge_NH_F3,surface,0.1328125,0.0001328125
350.0,0.2,bridge_NH_residual,surface,0.015625,1.5625e-05
350.0,0.2,bridge_NH_F0_HF,surface,0.0,0.0
350.0,0.2,bridge_NH_F1_HF,surface,8.140625,0.008140625
350.0,0.2,bridge_NH_F2_HF,surface,0.0859375,8.59375e-05
350.0,0.2,bridge_NH_F3_HF,surface,0.0,0.0
350.0,0.2,terminal_NH2_F0,surface,54.640625,0.054640625
350.0,0.2,terminal_NH2_F1,surface,67.5703125,0.0675703125
350.0,0.2,terminal_NH2_F2,surface,25.5625,0.0255625
350.0,0.2,terminal_NH2_F3,surface,0.0078125,7.8125e-06
350.0,0.2,terminal_NH2_residual,surface,0.0,0.0
350.0,0.2,terminal_NH2_F0_HF,surface,0.0,0.0
350.0,0.2,terminal_NH2_F1_HF,surface,1.1484375,0.0011484375
350.0,0.2,terminal_NH2_F2_HF,surface,1.0703125,0.0010703125
350.0,0.2,terminal_NH2_F3_HF,surface,0.0,0.0
350.0,0.2,Si_H_rich_F0,surface,95.3125,0.0953125
350.0,0.2,Si_H_rich_F1,surface,0.0,0.0
350.0,0.2,Si_H_rich_F2,surface,0.0,0.0
350.0,0.2,Si_H_rich_F3,surface,0.0,0.0
350.0,0.2,Si_H_rich_residual,surface,0.0,0.0
350.0,0.2,Si_H_rich_F0_HF,surface,4.6875,0.0046875
350.0,0.2,Si_H_rich_F1_HF,surface,0.0,0.0
350.0,0.2,Si_H_rich_F2_HF,surface,0.0,0.0
350.0,0.2,Si_H_rich_F3_HF,surface,0.0,0.0
350.0,0.2,bridge_N_F0,surface,109.4140625,0.1094140625
350.0,0.2,bridge_N_F1,surface,33.640625,0.033640625
350.0,0.2,bridge_N_F2,surface,2.0234375,0.0020234375
350.0,0.2,bridge_N_F3,surface,0.0,0.0
350.0,0.2,bridge_N_residual,surface,0.0,0.0
350.0,0.2,bridge_N_F0_HF,surface,3.453125,0.003453125
350.0,0.2,bridge_N_F1_HF,surface,1.3828125,0.0013828125
350.0,0.2,bridge_N_F2_HF,surface,0.0859375,8.59375e-05
350.0,0.2,bridge_N_F3_HF,surface,0.0,0.0
350.0,0.2,pre_SiH2F,surface,93.625,0.093625
350.0,0.2,pre_SiH2F_HF,surface,4.5,0.0045
350.0,0.2,pre_SiH2F_residual,surface,1.875,0.001875
350.0,0.2,pre_SiHF2,surface,95.2265625,0.0952265625
350.0,0.2,pre_SiHF2_HF,surface,4.765625,0.004765625
350.0,0.2,pre_SiHF2_residual,surface,0.0078125,7.8125e-06
350.0,0.2,Si_Si_F1,surface,92.109375,0.092109375
350.0,0.2,Si_Si_F1_HF,surface,4.28125,0.00428125
350.0,0.2,Si_Si_cleaved_F2_H,surface,3.609375,0.003609375
350.0,0.2,HF,reservoir_net,-395.3359375,-0.3953359375
350.0,0.2,H2,gas_product,0.0,0.0
350.0,0.2,NH3,gas_product,122.0078125,0.1220078125
350.0,0.2,SiF4,gas_product,0.015625,1.5625e-05
350.0,0.2,SiH2F2,gas_product,1.875,0.001875
350.0,0.2,SiHF3,gas_product,0.0078125,7.8125e-06
350.0,0.25,bridge_NH_F0,surface,85.3359375,0.0853359375
350.0,0.25,bridge_NH_F1,surface,199.640625,0.199640625
350.0,0.25,bridge_NH_F2,surface,5.1953125,0.0051953125
350.0,0.25,bridge_NH_F3,surface,0.1796875,0.0001796875
350.0,0.25,bridge_NH_residual,surface,0.0703125,7.03125e-05
350.0,0.25,bridge_NH_F0_HF,surface,0.0,0.0
350.0,0.25,bridge_NH_F1_HF,surface,9.421875,0.009421875
350.0,0.25,bridge_NH_F2_HF,surface,0.15625,0.00015625
350.0,0.25,bridge_NH_F3_HF,surface,0.0,0.0
350.0,0.25,terminal_NH2_F0,surface,42.3359375,0.0423359375
350.0,0.25,terminal_NH2_F1,surface,69.015625,0.069015625
350.0,0.25,terminal_NH2_F2,surface,35.5234375,0.0355234375
350.0,0.25,terminal_NH2_F3,surface,0.0234375,2.34375e-05
350.0,0.25,terminal_NH2_residual,surface,0.0,0.0
350.0,0.25,terminal_NH2_F0_HF,surface,0.0,0.0
350.0,0.25,terminal_NH2_F1_HF,surface,1.3828125,0.0013828125
350.0,0.25,terminal_NH2_F2_HF,surface,1.71875,0.00171875
350.0,0.25,terminal_NH2_F3_HF,surface,0.0,0.0
350.0,0.25,Si_H_rich_F0,surface,95.0,0.095
350.0,0.25,Si_H_rich_F1,surface,0.0,0.0
350.0,0.25,Si_H_rich_F2,surface,0.0,0.0
350.0,0.25,Si_H_rich_F3,surface,0.0,0.0
350.0,0.25,Si_H_rich_residual,surface,0.0,0.0
350.0,0.25,Si_H_rich_F0_HF,surface,5.0,0.005
350.0,0.25,Si_H_rich_F1_HF,surface,0.0,0.0
350.0,0.25,Si_H_rich_F2_HF,surface,0.0,0.0
350.0,0.25,Si_H_rich_F3_HF,surface,0.0,0.0
350.0,0.25,bridge_N_F0,surface,101.3125,0.1013125
350.0,0.25,bridge_N_F1,surface,40.1015625,0.0401015625
350.0,0.25,bridge_N_F2,surface,3.0859375,0.0030859375
350.0,0.25,bridge_N_F3,surface,0.0,0.0
350.0,0.25,bridge_N_residual,surface,0.0,0.0
350.0,0.25,bridge_N_F0_HF,surface,3.421875,0.003421875
350.0,0.25,bridge_N_F1_HF,surface,1.875,0.001875
350.0,0.25,bridge_N_F2_HF,surface,0.203125,0.000203125
350.0,0.25,bridge_N_F3_HF,surface,0.0,0.0
350.0,0.25,pre_SiH2F,surface,92.9453125,0.0929453125
350.0,0.25,pre_SiH2F_HF,surface,4.7109375,0.0047109375
350.0,0.25,pre_SiH2F_residual,surface,2.34375,0.00234375
350.0,0.25,pre_SiHF2,surface,95.4375,0.0954375
350.0,0.25,pre_SiHF2_HF,surface,4.5546875,0.0045546875
350.0,0.25,pre_SiHF2_residual,surface,0.0078125,7.8125e-06
350.0,0.25,Si_Si_F1,surface,91.3203125,0.0913203125
350.0,0.25,Si_Si_F1_HF,surface,4.125,0.004125
350.0,0.25,Si_Si_cleaved_F2_H,surface,4.5546875,0.0045546875
350.0,0.25,HF,reservoir_net,-457.5703125,-0.4575703125
350.0,0.25,H2,gas_product,0.0,0.0
350.0,0.25,NH3,gas_product,144.953125,0.144953125
350.0,0.25,SiF4,gas_product,0.0703125,7.03125e-05
350.0,0.25,SiH2F2,gas_product,2.34375,0.00234375
350.0,0.25,SiHF3,gas_product,0.0078125,7.8125e-06
350.0,0.30000000000000004,bridge_NH_F0,surface,66.6953125,0.0666953125
350.0,0.30000000000000004,bridge_NH_F1,surface,215.2890625,0.2152890625
350.0,0.30000000000000004,bridge_NH_F2,surface,6.7890625,0.0067890625
350.0,0.30000000000000004,bridge_NH_F3,surface,0.375,0.000375
350.0,0.30000000000000004,bridge_NH_residual,surface,0.125,0.000125
350.0,0.30000000000000004,bridge_NH_F0_HF,surface,0.0,0.0
350.0,0.30000000000000004,bridge_NH_F1_HF,surface,10.4140625,0.0104140625
350.0,0.30000000000000004,bridge_NH_F2_HF,surface,0.3125,0.0003125
350.0,0.30000000000000004,bridge_NH_F3_HF,surface,0.0,0.0
350.0,0.30000000000000004,terminal_NH2_F0,surface,33.4765625,0.0334765625
350.0,0.30000000000000004,terminal_NH2_F1,surface,67.3125,0.0673125
350.0,0.30000000000000004,terminal_NH2_F2,surface,45.6171875,0.0456171875
350.0,0.30000000000000004,terminal_NH2_F3,surface,0.0625,6.25e-05
350.0,0.30000000000000004,terminal_NH2_residual,surface,0.0,0.0
350.0,0.30000000000000004,terminal_NH2_F0_HF,surface,0.0,0.0
350.0,0.30000000000000004,terminal_NH2_F1_HF,surface,1.2109375,0.0012109375
350.0,0.30000000000000004,terminal_NH2_F2_HF,surface,2.3203125,0.0023203125
350.0,0.30000000000000004,terminal_NH2_F3_HF,surface,0.0,0.0
350.0,0.30000000000000004,Si_H_rich_F0,surface,95.28125,0.09528125
350.0,0.30000000000000004,Si_H_rich_F1,surface,0.0,0.0
350.0,0.30000000000000004,Si_H_rich_F2,surface,0.0,0.0
350.0,0.30000000000000004,Si_H_rich_F3,surface,0.0,0.0
350.0,0.30000000000000004,Si_H_rich_residual,surface,0.0,0.0
350.0,0.30000000000000004,Si_H_rich_F0_HF,surface,4.71875,0.00471875
350.0,0.30000000000000004,Si_H_rich_F1_HF,surface,0.0,0.0
350.0,0.30000000000000004,Si_H_rich_F2_HF,surface,0.0,0.0
350.0,0.30000000000000004,Si_H_rich_F3_HF,surface,0.0,0.0
350.0,0.30000000000000004,bridge_N_F0,surface,94.34375,0.09434375
350.0,0.30000000000000004,bridge_N_F1,surface,45.96875,0.04596875
350.0,0.30000000000000004,bridge_N_F2,surface,4.484375,0.004484375
350.0,0.30000000000000004,bridge_N_F3,surface,0.0,0.0
350.0,0.30000000000000004,bridge_N_residual,surface,0.0,0.0
350.0,0.30000000000000004,bridge_N_F0_HF,surface,3.0625,0.0030625
350.0,0.30000000000000004,bridge_N_F1_HF,surface,1.90625,0.00190625
350.0,0.30000000000000004,bridge_N_F2_HF,surface,0.234375,0.000234375
350.0,0.30000000000000004,bridge_N_F3_HF,surface,0.0,0.0
350.0,0.30000000000000004,pre_SiH2F,surface,92.296875,0.092296875
350.0,0.30000000000000004,pre_SiH2F_HF,surface,4.6953125,0.0046953125
350.0,0.30000000000000004,pre_SiH2F_residual,surface,3.0078125,0.0030078125
350.0,0.30000000000000004,pre_SiHF2,surface,95.25,0.09525
350.0,0.30000000000000004,pre_SiHF2_HF,surface,4.7421875,0.0047421875
350.0,0.30000000000000004,pre_SiHF2_residual,surface,0.0078125,7.8125e-06
350.0,0.30000000000000004,Si_Si_F1,surface,90.03125,0.09003125
350.0,0.30000000000000004,Si_Si_F1_HF,surface,4.40625,0.00440625
350.0,0.30000000000000004,Si_Si_cleaved_F2_H,surface,5.5625,0.0055625
350.0,0.30000000000000004,HF,reservoir_net,-510.03125,-0.51003125
350.0,0.30000000000000004,H2,gas_product,0.0,0.0
350.0,0.30000000000000004,NH3,gas_product,164.5859375,0.1645859375
350.0,0.30000000000000004,SiF4,gas_product,0.125,0.000125
350.0,0.30000000000000004,SiH2F2,gas_product,3.0078125,0.0030078125
350.0,0.30000000000000004,SiHF3,gas_product,0.0078125,7.8125e-06
350.0,0.35000000000000003,bridge_NH_F0,surface,51.3828125,0.0513828125
350.0,0.35000000000000003,bridge_NH_F1,surface,227.71875,0.22771875
350.0,0.35000000000000003,bridge_NH_F2,surface,8.5703125,0.0085703125
350.0,0.35000000000000003,bridge_NH_F3,surface,0.6328125,0.0006328125
350.0,0.35000000000000003,bridge_NH_residual,surface,0.21875,0.00021875
350.0,0.35000000000000003,bridge_NH_F0_HF,surface,0.0,0.0
350.0,0.35000000000000003,bridge_NH_F1_HF,surface,11.171875,0.011171875
350.0,0.35000000000000003,bridge_NH_F2_HF,surface,0.3046875,0.0003046875
350.0,0.35000000000000003,bridge_NH_F3_HF,surface,0.0,0.0
350.0,0.35000000000000003,terminal_NH2_F0,surface,26.1015625,0.0261015625
350.0,0.35000000000000003,terminal_NH2_F1,surface,64.4375,0.0644375
350.0,0.35000000000000003,terminal_NH2_F2,surface,55.78125,0.05578125
350.0,0.35000000000000003,terminal_NH2_F3,surface,0.0859375,8.59375e-05
350.0,0.35000000000000003,terminal_NH2_residual,surface,0.0,0.0
350.0,0.35000000000000003,terminal_NH2_F0_HF,surface,0.0078125,7.8125e-06
350.0,0.35000000000000003,terminal_NH2_F1_HF,surface,1.0859375,0.0010859375
350.0,0.35000000000000003,terminal_NH2_F2_HF,surface,2.5,0.0025
350.0,0.35000000000000003,terminal_NH2_F3_HF,surface,0.0,0.0
350.0,0.35000000000000003,Si_H_rich_F0,surface,95.375,0.095375
350.0,0.35000000000000003,Si_H_rich_F1,surface,0.0,0.0
350.0,0.35000000000000003,Si_H_rich_F2,surface,0.0,0.0
350.0,0.35000000000000003,Si_H_rich_F3,surface,0.0,0.0
350.0,0.35000000000000003,Si_H_rich_residual,surface,0.0,0.0
350.0,0.35000000000000003,Si_H_rich_F0_HF,surface,4.625,0.004625
350.0,0.35000000000000003,Si_H_rich_F1_HF,surface,0.0,0.0
350.0,0.35000000000000003,Si_H_rich_F2_HF,surface,0.0,0.0
350.0,0.35000000000000003,Si_H_rich_F3_HF,surface,0.0,0.0
350.0,0.35000000000000003,bridge_N_F0,surface,87.7890625,0.0877890625
350.0,0.35000000000000003,bridge_N_F1,surface,50.5,0.0505
350.0,0.35000000000000003,bridge_N_F2,surface,6.0390625,0.0060390625
350.0,0.35000000000000003,bridge_N_F3,surface,0.0,0.0
350.0,0.35000000000000003,bridge_N_residual,surface,0.0,0.0
350.0,0.35000000000000003,bridge_N_F0_HF,surface,3.109375,0.003109375
350.0,0.35000000000000003,bridge_N_F1_HF,surface,2.2578125,0.0022578125
350.0,0.35000000000000003,bridge_N_F2_HF,surface,0.3046875,0.0003046875
350.0,0.35000000000000003,bridge_N_F3_HF,surface,0.0,0.0
350.0,0.35000000000000003,pre_SiH2F,surface,91.8515625,0.0918515625
350.0,0.35000000000000003,pre_SiH2F_HF,surface,4.703125,0.004703125
350.0,0.35000000000000003,pre_SiH2F_residual,surface,3.4453125,0.0034453125
350.0,0.35000000000000003,pre_SiHF2,surface,95.3671875,0.0953671875
350.0,0.35000000000000003,pre_SiHF2_HF,surface,4.625,0.004625
350.0,0.35000000000000003,pre_SiHF2_residual,surface,0.0078125,7.8125e-06
350.0,0.35000000000000003,Si_Si_F1,surface,89.484375,0.089484375
350.0,0.35000000000000003,Si_Si_F1_HF,surface,3.9453125,0.0039453125
350.0,0.35000000000000003,Si_Si_cleaved_F2_H,surface,6.5703125,0.0065703125
350.0,0.35000000000000003,HF,reservoir_net,-555.8671875,-0.5558671875
350.0,0.35000000000000003,H2,gas_product,0.0,0.0
350.0,0.35000000000000003,NH3,gas_product,182.34375,0.18234375
350.0,0.35000000000000003,SiF4,gas_product,0.21875,0.00021875
350.0,0.35000000000000003,SiH2F2,gas_product,3.4453125,0.0034453125
350.0,0.35000000000000003,SiHF3,gas_product,0.0078125,7.8125e-06
350.0,0.4,bridge_NH_F0,surface,39.984375,0.039984375
350.0,0.4,bridge_NH_F1,surface,236.6953125,0.2366953125
350.0,0.4,bridge_NH_F2,surface,10.484375,0.010484375
350.0,0.4,bridge_NH_F3,surface,0.75,0.00075
350.0,0.4,bridge_NH_residual,surface,0.4375,0.0004375
350.0,0.4,bridge_NH_F0_HF,surface,0.0,0.0
350.0,0.4,bridge_NH_F1_HF,surface,11.2109375,0.0112109375
350.0,0.4,bridge_NH_F2_HF,surface,0.4375,0.0004375
350.0,0.4,bridge_NH_F3_HF,surface,0.0,0.0
350.0,0.4,terminal_NH2_F0,surface,20.328125,0.020328125
350.0,0.4,terminal_NH2_F1,surface,60.203125,0.060203125
350.0,0.4,terminal_NH2_F2,surface,65.0,0.065
350.0,0.4,terminal_NH2_F3,surface,0.1328125,0.0001328125
350.0,0.4,terminal_NH2_residual,surface,0.0,0.0
350.0,0.4,terminal_NH2_F0_HF,surface,0.0,0.0
350.0,0.4,terminal_NH2_F1_HF,surface,1.2578125,0.0012578125
350.0,0.4,terminal_NH2_F2_HF,surface,3.078125,0.003078125
350.0,0.4,terminal_NH2_F3_HF,surface,0.0,0.0
350.0,0.4,Si_H_rich_F0,surface,95.5859375,0.0955859375
350.0,0.4,Si_H_rich_F1,surface,0.0,0.0
350.0,0.4,Si_H_rich_F2,surface,0.0,0.0
350.0,0.4,Si_H_rich_F3,surface,0.0,0.0
350.0,0.4,Si_H_rich_residual,surface,0.0,0.0
350.0,0.4,Si_H_rich_F0_HF,surface,4.4140625,0.0044140625
350.0,0.4,Si_H_rich_F1_HF,surface,0.0,0.0
350.0,0.4,Si_H_rich_F2_HF,surface,0.0,0.0
350.0,0.4,Si_H_rich_F3_HF,surface,0.0,0.0
350.0,0.4,bridge_N_F0,surface,81.6640625,0.0816640625
350.0,0.4,bridge_N_F1,surface,54.9609375,0.0549609375
350.0,0.4,bridge_N_F2,surface,7.8359375,0.0078359375
350.0,0.4,bridge_N_F3,surface,0.0078125,7.8125e-06
350.0,0.4,bridge_N_residual,surface,0.0,0.0
350.0,0.4,bridge_N_F0_HF,surface,2.90625,0.00290625
350.0,0.4,bridge_N_F1_HF,surface,2.2265625,0.0022265625
350.0,0.4,bridge_N_F2_HF,surface,0.3984375,0.0003984375
350.0,0.4,bridge_N_F3_HF,surface,0.0,0.0
350.0,0.4,pre_SiH2F,surface,91.546875,0.091546875
350.0,0.4,pre_SiH2F_HF,surface,4.5546875,0.0045546875
350.0,0.4,pre_SiH2F_residual,surface,3.8984375,0.0038984375
350.0,0.4,pre_SiHF2,surface,94.9375,0.0949375
350.0,0.4,pre_SiHF2_HF,surface,5.0546875,0.0050546875
350.0,0.4,pre_SiHF2_residual,surface,0.0078125,7.8125e-06
350.0,0.4,Si_Si_F1,surface,88.2578125,0.0882578125
350.0,0.4,Si_Si_F1_HF,surface,4.1640625,0.0041640625
350.0,0.4,Si_Si_cleaved_F2_H,surface,7.578125,0.007578125
350.0,0.4,HF,reservoir_net,-596.6328125,-0.5966328125
350.0,0.4,H2,gas_product,0.0,0.0
350.0,0.4,NH3,gas_product,198.015625,0.198015625
350.0,0.4,SiF4,gas_product,0.4375,0.0004375
350.0,0.4,SiH2F2,gas_product,3.8984375,0.0038984375
350.0,0.4,SiHF3,gas_product,0.0078125,7.8125e-06
350.0,0.45,bridge_NH_F0,surface,31.0,0.031
350.0,0.45,bridge_NH_F1,surface,243.046875,0.243046875
350.0,0.45,bridge_NH_F2,surface,12.3984375,0.0123984375
350.0,0.45,bridge_NH_F3,surface,1.0234375,0.0010234375
350.0,0.45,bridge_NH_residual,surface,0.6953125,0.0006953125
350.0,0.45,bridge_NH_F0_HF,surface,0.0,0.0
350.0,0.45,bridge_NH_F1_HF,surface,11.3671875,0.0113671875
350.0,0.45,bridge_NH_F2_HF,surface,0.46875,0.00046875
350.0,0.45,bridge_NH_F3_HF,surface,0.0,0.0
350.0,0.45,terminal_NH2_F0,surface,16.046875,0.016046875
350.0,0.45,terminal_NH2_F1,surface,55.6640625,0.0556640625
350.0,0.45,terminal_NH2_F2,surface,73.546875,0.073546875
350.0,0.45,terminal_NH2_F3,surface,0.140625,0.000140625
350.0,0.45,terminal_NH2_residual,surface,0.0,0.0
350.0,0.45,terminal_NH2_F0_HF,surface,0.0,0.0
350.0,0.45,terminal_NH2_F1_HF,surface,1.0078125,0.0010078125
350.0,0.45,terminal_NH2_F2_HF,surface,3.5859375,0.0035859375
350.0,0.45,terminal_NH2_F3_HF,surface,0.0078125,7.8125e-06
350.0,0.45,Si_H_rich_F0,surface,95.125,0.095125
350.0,0.45,Si_H_rich_F1,surface,0.0,0.0
350.0,0.45,Si_H_rich_F2,surface,0.0,0.0
350.0,0.45,Si_H_rich_F3,surface,0.0,0.0
350.0,0.45,Si_H_rich_residual,surface,0.0,0.0
350.0,0.45,Si_H_rich_F0_HF,surface,4.875,0.004875
350.0,0.45,Si_H_rich_F1_HF,surface,0.0,0.0
350.0,0.45,Si_H_rich_F2_HF,surface,0.0,0.0
350.0,0.45,Si_H_rich_F3_HF,surface,0.0,0.0
350.0,0.45,bridge_N_F0,surface,75.6328125,0.0756328125
350.0,0.45,bridge_N_F1,surface,58.7890625,0.0587890625
350.0,0.45,bridge_N_F2,surface,9.59375,0.00959375
350.0,0.45,bridge_N_F3,surface,0.0078125,7.8125e-06
350.0,0.45,bridge_N_residual,surface,0.0,0.0
350.0,0.45,bridge_N_F0_HF,surface,2.9296875,0.0029296875
350.0,0.45,bridge_N_F1_HF,surface,2.5,0.0025
350.0,0.45,bridge_N_F2_HF,surface,0.546875,0.000546875
350.0,0.45,bridge_N_F3_HF,surface,0.0,0.0
350.0,0.45,pre_SiH2F,surface,91.046875,0.091046875
350.0,0.45,pre_SiH2F_HF,surface,4.59375,0.00459375
350.0,0.45,pre_SiH2F_residual,surface,4.359375,0.004359375
350.0,0.45,pre_SiHF2,surface,95.3671875,0.0953671875
350.0,0.45,pre_SiHF2_HF,surface,4.625,0.004625
350.0,0.45,pre_SiHF2_residual,surface,0.0078125,7.8125e-06
350.0,0.45,Si_Si_F1,surface,87.2734375,0.0872734375
350.0,0.45,Si_Si_F1_HF,surface,4.3359375,0.0043359375
350.0,0.45,Si_Si_cleaved_F2_H,surface,8.390625,0.008390625
350.0,0.45,HF,reservoir_net,-632.578125,-0.632578125
350.0,0.45,H2,gas_product,0.0,0.0
350.0,0.45,NH3,gas_product,211.3828125,0.2113828125
350.0,0.45,SiF4,gas_product,0.6953125,0.0006953125
350.0,0.45,SiH2F2,gas_product,4.359375,0.004359375
350.0,0.45,SiHF3,gas_product,0.0078125,7.8125e-06
350.0,0.5,bridge_NH_F0,surface,24.015625,0.024015625
350.0,0.5,bridge_NH_F1,surface,247.4921875,0.2474921875
350.0,0.5,bridge_NH_F2,surface,14.2265625,0.0142265625
350.0,0.5,bridge_NH_F3,surface,1.21875,0.00121875
350.0,0.5,bridge_NH_residual,surface,1.015625,0.001015625
350.0,0.5,bridge_NH_F0_HF,surface,0.0,0.0
350.0,0.5,bridge_NH_F1_HF,surface,11.515625,0.011515625
350.0,0.5,bridge_NH_F2_HF,surface,0.5078125,0.0005078125
350.0,0.5,bridge_NH_F3_HF,surface,0.0078125,7.8125e-06
350.0,0.5,terminal_NH2_F0,surface,12.5703125,0.0125703125
350.0,0.5,terminal_NH2_F1,surface,51.2734375,0.0512734375
350.0,0.5,terminal_NH2_F2,surface,81.0859375,0.0810859375
350.0,0.5,terminal_NH2_F3,surface,0.1796875,0.0001796875
350.0,0.5,terminal_NH2_residual,surface,0.0,0.0
350.0,0.5,terminal_NH2_F0_HF,surface,0.0,0.0
350.0,0.5,terminal_NH2_F1_HF,surface,0.875,0.000875
350.0,0.5,terminal_NH2_F2_HF,surface,4.015625,0.004015625
350.0,0.5,terminal_NH2_F3_HF,surface,0.0,0.0
350.0,0.5,Si_H_rich_F0,surface,95.140625,0.095140625
350.0,0.5,Si_H_rich_F1,surface,0.0,0.0
350.0,0.5,Si_H_rich_F2,surface,0.0,0.0
350.0,0.5,Si_H_rich_F3,surface,0.0,0.0
350.0,0.5,Si_H_rich_residual,surface,0.0,0.0
350.0,0.5,Si_H_rich_F0_HF,surface,4.859375,0.004859375
350.0,0.5,Si_H_rich_F1_HF,surface,0.0,0.0
350.0,0.5,Si_H_rich_F2_HF,surface,0.0,0.0
350.0,0.5,Si_H_rich_F3_HF,surface,0.0,0.0
350.0,0.5,bridge_N_F0,surface,70.4140625,0.0704140625
350.0,0.5,bridge_N_F1,surface,62.3125,0.0623125
350.0,0.5,bridge_N_F2,surface,11.7734375,0.0117734375
350.0,0.5,bridge_N_F3,surface,0.0078125,7.8125e-06
350.0,0.5,bridge_N_residual,surface,0.0,0.0
350.0,0.5,bridge_N_F0_HF,surface,2.484375,0.002484375
350.0,0.5,bridge_N_F1_HF,surface,2.4375,0.0024375
350.0,0.5,bridge_N_F2_HF,surface,0.5703125,0.0005703125
350.0,0.5,bridge_N_F3_HF,surface,0.0,0.0
350.0,0.5,pre_SiH2F,surface,90.875,0.090875
350.0,0.5,pre_SiH2F_HF,surface,4.25,0.00425
350.0,0.5,pre_SiH2F_residual,surface,4.875,0.004875
350.0,0.5,pre_SiHF2,surface,95.0234375,0.0950234375
350.0,0.5,pre_SiHF2_HF,surface,4.96875,0.00496875
350.0,0.5,pre_SiHF2_residual,surface,0.0078125,7.8125e-06
350.0,0.5,Si_Si_F1,surface,86.46875,0.08646875
350.0,0.5,Si_Si_F1_HF,surface,4.296875,0.004296875
350.0,0.5,Si_Si_cleaved_F2_H,surface,9.234375,0.009234375
350.0,0.5,HF,reservoir_net,-663.4765625,-0.6634765625
350.0,0.5,H2,gas_product,0.0,0.0
350.0,0.5,NH3,gas_product,222.890625,0.222890625
350.0,0.5,SiF4,gas_product,1.015625,0.001015625
350.0,0.5,SiH2F2,gas_product,4.875,0.004875
350.0,0.5,SiHF3,gas_product,0.0078125,7.8125e-06
350.0,0.55,bridge_NH_F0,surface,18.3515625,0.0183515625
350.0,0.55,bridge_NH_F1,surface,249.96875,0.24996875
350.0,0.55,bridge_NH_F2,surface,15.765625,0.015765625
350.0,0.55,bridge_NH_F3,surface,1.59375,0.00159375
350.0,0.55,bridge_NH_residual,surface,1.3515625,0.0013515625
350.0,0.55,bridge_NH_F0_HF,surface,0.0,0.0
350.0,0.55,bridge_NH_F1_HF,surface,12.3984375,0.0123984375
350.0,0.55,bridge_NH_F2_HF,surface,0.5703125,0.0005703125
350.0,0.55,bridge_NH_F3_HF,surface,0.0,0.0
350.0,0.55,terminal_NH2_F0,surface,9.8046875,0.0098046875
350.0,0.55,terminal_NH2_F1,surface,46.3125,0.0463125
350.0,0.55,terminal_NH2_F2,surface,88.6328125,0.0886328125
350.0,0.55,terminal_NH2_F3,surface,0.203125,0.000203125
350.0,0.55,terminal_NH2_residual,surface,0.0,0.0
350.0,0.55,terminal_NH2_F0_HF,surface,0.0,0.0
350.0,0.55,terminal_NH2_F1_HF,surface,0.8984375,0.0008984375
350.0,0.55,terminal_NH2_F2_HF,surface,4.1328125,0.0041328125
350.0,0.55,terminal_NH2_F3_HF,surface,0.015625,1.5625e-05
350.0,0.55,Si_H_rich_F0,surface,95.203125,0.095203125
350.0,0.55,Si_H_rich_F1,surface,0.0,0.0
350.0,0.55,Si_H_rich_F2,surface,0.0,0.0
350.0,0.55,Si_H_rich_F3,surface,0.0,0.0
350.0,0.55,Si_H_rich_residual,surface,0.0,0.0
350.0,0.55,Si_H_rich_F0_HF,surface,4.796875,0.004796875
350.0,0.55,Si_H_rich_F1_HF,surface,0.0,0.0
350.0,0.55,Si_H_rich_F2_HF,surface,0.0,0.0
350.0,0.55,Si_H_rich_F3_HF,surface,0.0,0.0
350.0,0.55,bridge_N_F0,surface,65.8046875,0.0658046875
350.0,0.55,bridge_N_F1,surface,64.3984375,0.0643984375
350.0,0.55,bridge_N_F2,surface,13.9609375,0.0139609375
350.0,0.55,bridge_N_F3,surface,0.0078125,7.8125e-06
350.0,0.55,bridge_N_residual,surface,0.0,0.0
350.0,0.55,bridge_N_F0_HF,surface,2.0859375,0.0020859375
350.0,0.55,bridge_N_F1_HF,surface,3.0703125,0.0030703125
350.0,0.55,bridge_N_F2_HF,surface,0.671875,0.000671875
350.0,0.55,bridge_N_F3_HF,surface,0.0,0.0
350.0,0.55,pre_SiH2F,surface,90.234375,0.090234375
350.0,0.55,pre_SiH2F_HF,surface,4.3515625,0.0043515625
350.0,0.55,pre_SiH2F_residual,surface,5.4140625,0.0054140625
350.0,0.55,pre_SiHF2,surface,95.203125,0.095203125
350.0,0.55,pre_SiHF2_HF,surface,4.7890625,0.0047890625
350.0,0.55,pre_SiHF2_residual,surface,0.0078125,7.8125e-06
350.0,0.55,Si_Si_F1,surface,85.671875,0.085671875
350.0,0.55,Si_Si_F1_HF,surface,4.1796875,0.0041796875
350.0,0.55,Si_Si_cleaved_F2_H,surface,10.1484375,0.0101484375
350.0,0.55,HF,reservoir_net,-692.9140625,-0.6929140625
350.0,0.55,H2,gas_product,0.0,0.0
350.0,0.55,NH3,gas_product,233.3984375,0.2333984375
350.0,0.55,SiF4,gas_product,1.3515625,0.0013515625
350.0,0.55,SiH2F2,gas_product,5.4140625,0.0054140625
350.0,0.55,SiHF3,gas_product,0.0078125,7.8125e-06
350.0,0.6000000000000001,bridge_NH_F0,surface,14.2265625,0.0142265625
350.0,0.6000000000000001,bridge_NH_F1,surface,251.4921875,0.2514921875
350.0,0.6000000000000001,bridge_NH_F2,surface,17.4375,0.0174375
350.0,0.6000000000000001,bridge_NH_F3,surface,1.90625,0.00190625
350.0,0.6000000000000001,bridge_NH_residual,surface,1.765625,0.001765625
350.0,0.6000000000000001,bridge_NH_F0_HF,surface,0.0,0.0
350.0,0.6000000000000001,bridge_NH_F1_HF,surface,12.5078125,0.0125078125
350.0,0.6000000000000001,bridge_NH_F2_HF,surface,0.6640625,0.0006640625
350.0,0.6000000000000001,bridge_NH_F3_HF,surface,0.0,0.0
350.0,0.6000000000000001,terminal_NH2_F0,surface,7.75,0.00775
350.0,0.6000000000000001,terminal_NH2_F1,surface,41.765625,0.041765625
350.0,0.6000000000000001,terminal_NH2_F2,surface,94.8984375,0.0948984375
350.0,0.6000000000000001,terminal_NH2_F3,surface,0.2734375,0.0002734375
350.0,0.6000000000000001,terminal_NH2_residual,surface,0.0,0.0
350.0,0.6000000000000001,terminal_NH2_F0_HF,surface,0.0,0.0
350.0,0.6000000000000001,terminal_NH2_F1_HF,surface,0.734375,0.000734375
350.0,0.6000000000000001,terminal_NH2_F2_HF,surface,4.5546875,0.0045546875
350.0,0.6000000000000001,terminal_NH2_F3_HF,surface,0.0234375,2.34375e-05
350.0,0.6000000000000001,Si_H_rich_F0,surface,94.9296875,0.0949296875
350.0,0.6000000000000001,Si_H_rich_F1,surface,0.0,0.0
350.0,0.6000000000000001,Si_H_rich_F2,surface,0.0,0.0
350.0,0.6000000000000001,Si_H_rich_F3,surface,0.0,0.0
350.0,0.6000000000000001,Si_H_rich_residual,surface,0.0,0.0
350.0,0.6000000000000001,Si_H_rich_F0_HF,surface,5.0703125,0.0050703125
350.0,0.6000000000000001,Si_H_rich_F1_HF,surface,0.0,0.0
350.0,0.6000000000000001,Si_H_rich_F2_HF,surface,0.0,0.0
350.0,0.6000000000000001,Si_H_rich_F3_HF,surface,0.0,0.0
350.0,0.6000000000000001,bridge_N_F0,surface,61.078125,0.061078125
350.0,0.6000000000000001,bridge_N_F1,surface,67.140625,0.067140625
350.0,0.6000000000000001,bridge_N_F2,surface,16.046875,0.016046875
350.0,0.6000000000000001,bridge_N_F3,surface,0.0078125,7.8125e-06
350.0,0.6000000000000001,bridge_N_residual,surface,0.0,0.0
350.0,0.6000000000000001,bridge_N_F0_HF,surface,2.078125,0.002078125
350.0,0.6000000000000001,bridge_N_F1_HF,surface,2.8828125,0.0028828125
350.0,0.6000000000000001,bridge_N_F2_HF,surface,0.765625,0.000765625
350.0,0.6000000000000001,bridge_N_F3_HF,surface,0.0,0.0
350.0,0.6000000000000001,pre_SiH2F,surface,90.09375,0.09009375
350.0,0.6000000000000001,pre_SiH2F_HF,surface,4.1328125,0.0041328125
350.0,0.6000000000000001,pre_SiH2F_residual,surface,5.7734375,0.0057734375
350.0,0.6000000000000001,pre_SiHF2,surface,95.1953125,0.0951953125
350.0,0.6000000000000001,pre_SiHF2_HF,surface,4.796875,0.004796875
350.0,0.6000000000000001,pre_SiHF2_residual,surface,0.0078125,7.8125e-06
350.0,0.6000000000000001,Si_Si_F1,surface,84.9140625,0.0849140625
350.0,0.6000000000000001,Si_Si_F1_HF,surface,3.875,0.003875
350.0,0.6000000000000001,Si_Si_cleaved_F2_H,surface,11.2109375,0.0112109375
350.0,0.6000000000000001,HF,reservoir_net,-718.03125,-0.71803125
350.0,0.6000000000000001,H2,gas_product,0.0,0.0
350.0,0.6000000000000001,NH3,gas_product,242.296875,0.242296875
350.0,0.6000000000000001,SiF4,gas_product,1.765625,0.001765625
350.0,0.6000000000000001,SiH2F2,gas_product,5.7734375,0.0057734375
350.0,0.6000000000000001,SiHF3,gas_product,0.0078125,7.8125e-06
350.0,0.65,bridge_NH_F0,surface,11.078125,0.011078125
350.0,0.65,bridge_NH_F1,surface,252.7421875,0.2527421875
350.0,0.65,bridge_NH_F2,surface,18.8515625,0.0188515625
350.0,0.65,bridge_NH_F3,surface,2.203125,0.002203125
350.0,0.65,bridge_NH_residual,surface,2.2421875,0.0022421875
350.0,0.65,bridge_NH_F0_HF,surface,0.0,0.0
350.0,0.65,bridge_NH_F1_HF,surface,11.96875,0.01196875
350.0,0.65,bridge_NH_F2_HF,surface,0.9140625,0.0009140625
350.0,0.65,bridge_NH_F3_HF,surface,0.0,0.0
350.0,0.65,terminal_NH2_F0,surface,5.875,0.005875
350.0,0.65,terminal_NH2_F1,surface,37.4921875,0.0374921875
350.0,0.65,terminal_NH2_F2,surface,100.6875,0.1006875
350.0,0.65,terminal_NH2_F3,surface,0.3203125,0.0003203125
350.0,0.65,terminal_NH2_residual,surface,0.0,0.0
350.0,0.65,terminal_NH2_F0_HF,surface,0.0,0.0
350.0,0.65,terminal_NH2_F1_HF,surface,0.6171875,0.0006171875
350.0,0.65,terminal_NH2_F2_HF,surface,4.9921875,0.0049921875
350.0,0.65,terminal_NH2_F3_HF,surface,0.015625,1.5625e-05
350.0,0.65,Si_H_rich_F0,surface,95.5625,0.0955625
350.0,0.65,Si_H_rich_F1,surface,0.0,0.0
350.0,0.65,Si_H_rich_F2,surface,0.0,0.0
350.0,0.65,Si_H_rich_F3,surface,0.0,0.0
350.0,0.65,Si_H_rich_residual,surface,0.0,0.0
350.0,0.65,Si_H_rich_F0_HF,surface,4.4375,0.0044375
350.0,0.65,Si_H_rich_F1_HF,surface,0.0,0.0
350.0,0.65,Si_H_rich_F2_HF,surface,0.0,0.0
350.0,0.65,Si_H_rich_F3_HF,surface,0.0,0.0
350.0,0.65,bridge_N_F0,surface,56.3515625,0.0563515625
350.0,0.65,bridge_N_F1,surface,69.3046875,0.0693046875
350.0,0.65,bridge_N_F2,surface,18.1953125,0.0181953125
350.0,0.65,bridge_N_F3,surface,0.0078125,7.8125e-06
350.0,0.65,bridge_N_residual,surface,0.0,0.0
350.0,0.65,bridge_N_F0_HF,surface,2.265625,0.002265625
350.0,0.65,bridge_N_F1_HF,surface,3.015625,0.003015625
350.0,0.65,bridge_N_F2_HF,surface,0.859375,0.000859375
350.0,0.65,bridge_N_F3_HF,surface,0.0,0.0
350.0,0.65,pre_SiH2F,surface,89.484375,0.089484375
350.0,0.65,pre_SiH2F_HF,surface,4.3515625,0.0043515625
350.0,0.65,pre_SiH2F_residual,surface,6.1640625,0.0061640625
350.0,0.65,pre_SiHF2,surface,95.3515625,0.0953515625
350.0,0.65,pre_SiHF2_HF,surface,4.640625,0.004640625
350.0,0.65,pre_SiHF2_residual,surface,0.0078125,7.8125e-06
350.0,0.65,Si_Si_F1,surface,83.8203125,0.0838203125
350.0,0.65,Si_Si_F1_HF,surface,4.1640625,0.0041640625
350.0,0.65,Si_Si_cleaved_F2_H,surface,12.015625,0.012015625
350.0,0.65,HF,reservoir_net,-741.1796875,-0.7411796875
350.0,0.65,H2,gas_product,0.0,0.0
350.0,0.65,NH3,gas_product,250.4765625,0.2504765625
350.0,0.65,SiF4,gas_product,2.2421875,0.0022421875
350.0,0.65,SiH2F2,gas_product,6.1640625,0.0061640625
350.0,0.65,SiHF3,gas_product,0.0078125,7.8125e-06
350.0,0.7000000000000001,bridge_NH_F0,surface,8.7109375,0.0087109375
350.0,0.7000000000000001,bridge_NH_F1,surface,252.8515625,0.2528515625
350.0,0.7000000000000001,bridge_NH_F2,surface,20.5234375,0.0205234375
350.0,0.7000000000000001,bridge_NH_F3,surface,2.5,0.0025
350.0,0.7000000000000001,bridge_NH_residual,surface,2.7421875,0.0027421875
350.0,0.7000000000000001,bridge_NH_F0_HF,surface,0.0,0.0
350.0,0.7000000000000001,bridge_NH_F1_HF,surface,11.90625,0.01190625
350.0,0.7000000000000001,bridge_NH_F2_HF,surface,0.765625,0.000765625
350.0,0.7000000000000001,bridge_NH_F3_HF,surface,0.0,0.0
350.0,0.7000000000000001,terminal_NH2_F0,surface,4.6484375,0.0046484375
350.0,0.7000000000000001,terminal_NH2_F1,surface,33.1640625,0.0331640625
350.0,0.7000000000000001,terminal_NH2_F2,surface,105.9140625,0.1059140625
350.0,0.7000000000000001,terminal_NH2_F3,surface,0.4140625,0.0004140625
350.0,0.7000000000000001,terminal_NH2_residual,surface,0.0,0.0
350.0,0.7000000000000001,terminal_NH2_F0_HF,surface,0.0,0.0
350.0,0.7000000000000001,terminal_NH2_F1_HF,surface,0.65625,0.00065625
350.0,0.7000000000000001,terminal_NH2_F2_HF,surface,5.1953125,0.0051953125
350.0,0.7000000000000001,terminal_NH2_F3_HF,surface,0.0078125,7.8125e-06
350.0,0.7000000000000001,Si_H_rich_F0,surface,95.5390625,0.0955390625
350.0,0.7000000000000001,Si_H_rich_F1,surface,0.0,0.0
350.0,0.7000000000000001,Si_H_rich_F2,surface,0.0,0.0
350.0,0.7000000000000001,Si_H_rich_F3,surface,0.0,0.0
350.0,0.7000000000000001,Si_H_rich_residual,surface,0.0,0.0
350.0,0.7000000000000001,Si_H_rich_F0_HF,surface,4.4609375,0.0044609375
350.0,0.7000000000000001,Si_H_rich_F1_HF,surface,0.0,0.0
350.0,0.7000000000000001,Si_H_rich_F2_HF,surface,0.0,0.0
350.0,0.7000000000000001,Si_H_rich_F3_HF,surface,0.0,0.0
350.0,0.7000000000000001,bridge_N_F0,surface,52.5703125,0.0525703125
350.0,0.7000000000000001,bridge_N_F1,surface,71.2734375,0.0712734375
350.0,0.7000000000000001,bridge_N_F2,surface,20.3828125,0.0203828125
350.0,0.7000000000000001,bridge_N_F3,surface,0.0078125,7.8125e-06
350.0,0.7000000000000001,bridge_N_residual,surface,0.0,0.0
350.0,0.7000000000000001,bridge_N_F0_HF,surface,1.8515625,0.0018515625
350.0,0.7000000000000001,bridge_N_F1_HF,surface,2.90625,0.00290625
350.0,0.7000000000000001,bridge_N_F2_HF,surface,1.0078125,0.0010078125
350.0,0.7000000000000001,bridge_N_F3_HF,surface,0.0,0.0
350.0,0.7000000000000001,pre_SiH2F,surface,89.0859375,0.0890859375
350.0,0.7000000000000001,pre_SiH2F_HF,surface,4.3359375,0.0043359375
350.0,0.7000000000000001,pre_SiH2F_residual,surface,6.578125,0.006578125
350.0,0.7000000000000001,pre_SiHF2,surface,95.34375,0.09534375
350.0,0.7000000000000001,pre_SiHF2_HF,surface,4.6484375,0.0046484375
350.0,0.7000000000000001,pre_SiHF2_residual,surface,0.0078125,7.8125e-06
350.0,0.7000000000000001,Si_Si_F1,surface,83.3359375,0.0833359375
350.0,0.7000000000000001,Si_Si_F1_HF,surface,3.7890625,0.0037890625
350.0,0.7000000000000001,Si_Si_cleaved_F2_H,surface,12.875,0.012875
350.0,0.7000000000000001,HF,reservoir_net,-761.0859375,-0.7610859375
350.0,0.7000000000000001,H2,gas_product,0.0,0.0
350.0,0.7000000000000001,NH3,gas_product,257.3046875,0.2573046875
350.0,0.7000000000000001,SiF4,gas_product,2.7421875,0.0027421875
350.0,0.7000000000000001,SiH2F2,gas_product,6.578125,0.006578125
350.0,0.7000000000000001,SiHF3,gas_product,0.0078125,7.8125e-06
350.0,0.75,bridge_NH_F0,surface,6.8984375,0.0068984375
350.0,0.75,bridge_NH_F1,surface,252.0234375,0.2520234375
350.0,0.75,bridge_NH_F2,surface,21.875,0.021875
350.0,0.75,bridge_NH_F3,surface,2.796875,0.002796875
350.0,0.75,bridge_NH_residual,surface,3.4296875,0.0034296875
350.0,0.75,bridge_NH_F0_HF,surface,0.0,0.0
350.0,0.75,bridge_NH_F1_HF,surface,12.1015625,0.0121015625
350.0,0.75,bridge_NH_F2_HF,surface,0.875,0.000875
350.0,0.75,bridge_NH_F3_HF,surface,0.0,0.0
350.0,0.75,terminal_NH2_F0,surface,3.5078125,0.0035078125
350.0,0.75,terminal_NH2_F1,surface,29.7578125,0.0297578125
350.0,0.75,terminal_NH2_F2,surface,110.046875,0.110046875
350.0,0.75,terminal_NH2_F3,surface,0.46875,0.00046875
350.0,0.75,terminal_NH2_residual,surface,0.0,0.0
350.0,0.75,terminal_NH2_F0_HF,surface,0.0,0.0
350.0,0.75,terminal_NH2_F1_HF,surface,0.5390625,0.0005390625
350.0,0.75,terminal_NH2_F2_HF,surface,5.6484375,0.0056484375
350.0,0.75,terminal_NH2_F3_HF,surface,0.03125,3.125e-05
350.0,0.75,Si_H_rich_F0,surface,95.3125,0.0953125
350.0,0.75,Si_H_rich_F1,surface,0.0,0.0
350.0,0.75,Si_H_rich_F2,surface,0.0,0.0
350.0,0.75,Si_H_rich_F3,surface,0.0,0.0
350.0,0.75,Si_H_rich_residual,surface,0.0,0.0
350.0,0.75,Si_H_rich_F0_HF,surface,4.6875,0.0046875
350.0,0.75,Si_H_rich_F1_HF,surface,0.0,0.0
350.0,0.75,Si_H_rich_F2_HF,surface,0.0,0.0
350.0,0.75,Si_H_rich_F3_HF,surface,0.0,0.0
350.0,0.75,bridge_N_F0,surface,48.8125,0.0488125
350.0,0.75,bridge_N_F1,surface,72.59375,0.07259375
350.0,0.75,bridge_N_F2,surface,22.71875,0.02271875
350.0,0.75,bridge_N_F3,surface,0.0078125,7.8125e-06
350.0,0.75,bridge_N_residual,surface,0.0,0.0
350.0,0.75,bridge_N_F0_HF,surface,1.8828125,0.0018828125
350.0,0.75,bridge_N_F1_HF,surface,2.84375,0.00284375
350.0,0.75,bridge_N_F2_HF,surface,1.140625,0.001140625
350.0,0.75,bridge_N_F3_HF,surface,0.0,0.0
350.0,0.75,pre_SiH2F,surface,88.65625,0.08865625
350.0,0.75,pre_SiH2F_HF,surface,4.2734375,0.0042734375
350.0,0.75,pre_SiH2F_residual,surface,7.0703125,0.0070703125
350.0,0.75,pre_SiHF2,surface,95.2734375,0.0952734375
350.0,0.75,pre_SiHF2_HF,surface,4.71875,0.00471875
350.0,0.75,pre_SiHF2_residual,surface,0.0078125,7.8125e-06
350.0,0.75,Si_Si_F1,surface,82.171875,0.082171875
350.0,0.75,Si_Si_F1_HF,surface,4.1171875,0.0041171875
350.0,0.75,Si_Si_cleaved_F2_H,surface,13.7109375,0.0137109375
350.0,0.75,HF,reservoir_net,-781.75,-0.78175
350.0,0.75,H2,gas_product,0.0,0.0
350.0,0.75,NH3,gas_product,263.1875,0.2631875
350.0,0.75,SiF4,gas_product,3.4296875,0.0034296875
350.0,0.75,SiH2F2,gas_product,7.0703125,0.0070703125
350.0,0.75,SiHF3,gas_product,0.0078125,7.8125e-06
350.0,0.8,bridge_NH_F0,surface,5.4609375,0.0054609375
350.0,0.8,bridge_NH_F1,surface,251.2265625,0.2512265625
350.0,0.8,bridge_NH_F2,surface,23.578125,0.023578125
350.0,0.8,bridge_NH_F3,surface,2.890625,0.002890625
350.0,0.8,bridge_NH_residual,surface,4.2578125,0.0042578125
350.0,0.8,bridge_NH_F0_HF,surface,0.0,0.0
350.0,0.8,bridge_NH_F1_HF,surface,11.890625,0.011890625
350.0,0.8,bridge_NH_F2_HF,surface,0.6953125,0.0006953125
350.0,0.8,bridge_NH_F3_HF,surface,0.0,0.0
350.0,0.8,terminal_NH2_F0,surface,2.6015625,0.0026015625
350.0,0.8,terminal_NH2_F1,surface,26.2734375,0.0262734375
350.0,0.8,terminal_NH2_F2,surface,114.4609375,0.1144609375
350.0,0.8,terminal_NH2_F3,surface,0.5390625,0.0005390625
350.0,0.8,terminal_NH2_residual,surface,0.0,0.0
350.0,0.8,terminal_NH2_F0_HF,surface,0.0,0.0
350.0,0.8,terminal_NH2_F1_HF,surface,0.375,0.000375
350.0,0.8,terminal_NH2_F2_HF,surface,5.75,0.00575
350.0,0.8,terminal_NH2_F3_HF,surface,0.0,0.0
350.0,0.8,Si_H_rich_F0,surface,95.046875,0.095046875
350.0,0.8,Si_H_rich_F1,surface,0.0,0.0
350.0,0.8,Si_H_rich_F2,surface,0.0,0.0
350.0,0.8,Si_H_rich_F3,surface,0.0,0.0
350.0,0.8,Si_H_rich_residual,surface,0.0,0.0
350.0,0.8,Si_H_rich_F0_HF,surface,4.953125,0.004953125
350.0,0.8,Si_H_rich_F1_HF,surface,0.0,0.0
350.0,0.8,Si_H_rich_F2_HF,surface,0.0,0.0
350.0,0.8,Si_H_rich_F3_HF,surface,0.0,0.0
350.0,0.8,bridge_N_F0,surface,45.359375,0.045359375
350.0,0.8,bridge_N_F1,surface,73.59375,0.07359375
350.0,0.8,bridge_N_F2,surface,24.96875,0.02496875
350.0,0.8,bridge_N_F3,surface,0.015625,1.5625e-05
350.0,0.8,bridge_N_residual,surface,0.0,0.0
350.0,0.8,bridge_N_F0_HF,surface,1.625,0.001625
350.0,0.8,bridge_N_F1_HF,surface,3.1484375,0.0031484375
350.0,0.8,bridge_N_F2_HF,surface,1.2890625,0.0012890625
350.0,0.8,bridge_N_F3_HF,surface,0.0,0.0
350.0,0.8,pre_SiH2F,surface,88.3671875,0.0883671875
350.0,0.8,pre_SiH2F_HF,surface,4.1328125,0.0041328125
350.0,0.8,pre_SiH2F_residual,surface,7.5,0.0075
350.0,0.8,pre_SiHF2,surface,95.125,0.095125
350.0,0.8,pre_SiHF2_HF,surface,4.8671875,0.0048671875
350.0,0.8,pre_SiHF2_residual,surface,0.0078125,7.8125e-06
350.0,0.8,Si_Si_F1,surface,81.703125,0.081703125
350.0,0.8,Si_Si_F1_HF,surface,3.890625,0.003890625
350.0,0.8,Si_Si_cleaved_F2_H,surface,14.40625,0.01440625
350.0,0.8,HF,reservoir_net,-799.890625,-0.799890625
350.0,0.8,H2,gas_product,0.0,0.0
350.0,0.8,NH3,gas_product,268.6875,0.2686875
350.0,0.8,SiF4,gas_product,4.2578125,0.0042578125
350.0,0.8,SiH2F2,gas_product,7.5,0.0075
350.0,0.8,SiHF3,gas_product,0.0078125,7.8125e-06
350.0,0.8500000000000001,bridge_NH_F0,surface,4.171875,0.004171875
350.0,0.8500000000000001,bridge_NH_F1,surface,249.8515625,0.2498515625
350.0,0.8500000000000001,bridge_NH_F2,surface,24.5625,0.0245625
350.0,0.8500000000000001,bridge_NH_F3,surface,3.1640625,0.0031640625
350.0,0.8500000000000001,bridge_NH_residual,surface,5.0078125,0.0050078125
350.0,0.8500000000000001,bridge_NH_F0_HF,surface,0.0,0.0
350.0,0.8500000000000001,bridge_NH_F1_HF,surface,12.28125,0.01228125
350.0,0.8500000000000001,bridge_NH_F2_HF,surface,0.9609375,0.0009609375
350.0,0.8500000000000001,bridge_NH_F3_HF,surface,0.0,0.0
350.0,0.8500000000000001,terminal_NH2_F0,surface,2.140625,0.002140625
350.0,0.8500000000000001,terminal_NH2_F1,surface,23.171875,0.023171875
350.0,0.8500000000000001,terminal_NH2_F2,surface,117.5703125,0.1175703125
350.0,0.8500000000000001,terminal_NH2_F3,surface,0.5625,0.0005625
350.0,0.8500000000000001,terminal_NH2_residual,surface,0.0,0.0
350.0,0.8500000000000001,terminal_NH2_F0_HF,surface,0.0,0.0
350.0,0.8500000000000001,terminal_NH2_F1_HF,surface,0.3828125,0.0003828125
350.0,0.8500000000000001,terminal_NH2_F2_HF,surface,6.15625,0.00615625
350.0,0.8500000000000001,terminal_NH2_F3_HF,surface,0.015625,1.5625e-05
350.0,0.8500000000000001,Si_H_rich_F0,surface,95.0234375,0.0950234375
350.0,0.8500000000000001,Si_H_rich_F1,surface,0.0,0.0
350.0,0.8500000000000001,Si_H_rich_F2,surface,0.0,0.0
350.0,0.8500000000000001,Si_H_rich_F3,surface,0.0,0.0
350.0,0.8500000000000001,Si_H_rich_residual,surface,0.0,0.0
350.0,0.8500000000000001,Si_H_rich_F0_HF,surface,4.9765625,0.0049765625
350.0,0.8500000000000001,Si_H_rich_F1_HF,surface,0.0,0.0
350.0,0.8500000000000001,Si_H_rich_F2_HF,surface,0.0,0.0
350.0,0.8500000000000001,Si_H_rich_F3_HF,surface,0.0,0.0
350.0,0.8500000000000001,bridge_N_F0,surface,42.625,0.042625
350.0,0.8500000000000001,bridge_N_F1,surface,74.34375,0.07434375
350.0,0.8500000000000001,bridge_N_F2,surface,27.171875,0.027171875
350.0,0.8500000000000001,bridge_N_F3,surface,0.015625,1.5625e-05
350.0,0.8500000000000001,bridge_N_residual,surface,0.0,0.0
350.0,0.8500000000000001,bridge_N_F0_HF,surface,1.453125,0.001453125
350.0,0.8500000000000001,bridge_N_F1_HF,surface,2.9609375,0.0029609375
350.0,0.8500000000000001,bridge_N_F2_HF,surface,1.4296875,0.0014296875
350.0,0.8500000000000001,bridge_N_F3_HF,surface,0.0,0.0
350.0,0.8500000000000001,pre_SiH2F,surface,88.125,0.088125
350.0,0.8500000000000001,pre_SiH2F_HF,surface,3.8671875,0.0038671875
350.0,0.8500000000000001,pre_SiH2F_residual,surface,8.0078125,0.0080078125
350.0,0.8500000000000001,pre_SiHF2,surface,94.875,0.094875
350.0,0.8500000000000001,pre_SiHF2_HF,surface,5.109375,0.005109375
350.0,0.8500000000000001,pre_SiHF2_residual,surface,0.015625,1.5625e-05
350.0,0.8500000000000001,Si_Si_F1,surface,80.5859375,0.0805859375
350.0,0.8500000000000001,Si_Si_F1_HF,surface,4.0390625,0.0040390625
350.0,0.8500000000000001,Si_Si_cleaved_F2_H,surface,15.375,0.015375
350.0,0.8500000000000001,HF,reservoir_net,-817.03125,-0.81703125
350.0,0.8500000000000001,H2,gas_product,0.0,0.0
350.0,0.8500000000000001,NH3,gas_product,272.7421875,0.2727421875
350.0,0.8500000000000001,SiF4,gas_product,5.0078125,0.0050078125
350.0,0.8500000000000001,SiH2F2,gas_product,8.0078125,0.0080078125
350.0,0.8500000000000001,SiHF3,gas_product,0.015625,1.5625e-05
350.0,0.9,bridge_NH_F0,surface,3.265625,0.003265625
350.0,0.9,bridge_NH_F1,surface,248.2890625,0.2482890625
350.0,0.9,bridge_NH_F2,surface,26.0,0.026
350.0,0.9,bridge_NH_F3,surface,3.6171875,0.0036171875
350.0,0.9,bridge_NH_residual,surface,5.75,0.00575
350.0,0.9,bridge_NH_F0_HF,surface,0.0,0.0
350.0,0.9,bridge_NH_F1_HF,surface,12.0234375,0.0120234375
350.0,0.9,bridge_NH_F2_HF,surface,1.046875,0.001046875
350.0,0.9,bridge_NH_F3_HF,surface,0.0078125,7.8125e-06
350.0,0.9,terminal_NH2_F0,surface,1.6328125,0.0016328125
350.0,0.9,terminal_NH2_F1,surface,20.375,0.020375
350.0,0.9,terminal_NH2_F2,surface,120.6484375,0.1206484375
350.0,0.9,terminal_NH2_F3,surface,0.6328125,0.0006328125
350.0,0.9,terminal_NH2_residual,surface,0.0,0.0
350.0,0.9,terminal_NH2_F0_HF,surface,0.0,0.0
350.0,0.9,terminal_NH2_F1_HF,surface,0.3671875,0.0003671875
350.0,0.9,terminal_NH2_F2_HF,surface,6.3203125,0.0063203125
350.0,0.9,terminal_NH2_F3_HF,surface,0.0234375,2.34375e-05
350.0,0.9,Si_H_rich_F0,surface,95.2578125,0.0952578125
350.0,0.9,Si_H_rich_F1,surface,0.0,0.0
350.0,0.9,Si_H_rich_F2,surface,0.0,0.0
350.0,0.9,Si_H_rich_F3,surface,0.0,0.0
350.0,0.9,Si_H_rich_residual,surface,0.0,0.0
350.0,0.9,Si_H_rich_F0_HF,surface,4.7421875,0.0047421875
350.0,0.9,Si_H_rich_F1_HF,surface,0.0,0.0
350.0,0.9,Si_H_rich_F2_HF,surface,0.0,0.0
350.0,0.9,Si_H_rich_F3_HF,surface,0.0,0.0
350.0,0.9,bridge_N_F0,surface,39.6328125,0.0396328125
350.0,0.9,bridge_N_F1,surface,74.7265625,0.0747265625
350.0,0.9,bridge_N_F2,surface,29.65625,0.02965625
350.0,0.9,bridge_N_F3,surface,0.0234375,2.34375e-05
350.0,0.9,bridge_N_residual,surface,0.0,0.0
350.0,0.9,bridge_N_F0_HF,surface,1.3046875,0.0013046875
350.0,0.9,bridge_N_F1_HF,surface,3.21875,0.00321875
350.0,0.9,bridge_N_F2_HF,surface,1.4375,0.0014375
350.0,0.9,bridge_N_F3_HF,surface,0.0,0.0
350.0,0.9,pre_SiH2F,surface,87.4296875,0.0874296875
350.0,0.9,pre_SiH2F_HF,surface,4.0859375,0.0040859375
350.0,0.9,pre_SiH2F_residual,surface,8.484375,0.008484375
350.0,0.9,pre_SiHF2,surface,95.1484375,0.0951484375
350.0,0.9,pre_SiHF2_HF,surface,4.8359375,0.0048359375
350.0,0.9,pre_SiHF2_residual,surface,0.015625,1.5625e-05
350.0,0.9,Si_Si_F1,surface,79.796875,0.079796875
350.0,0.9,Si_Si_F1_HF,surface,4.09375,0.00409375
350.0,0.9,Si_Si_cleaved_F2_H,surface,16.109375,0.016109375
350.0,0.9,HF,reservoir_net,-833.25,-0.83325
350.0,0.9,H2,gas_product,0.0,0.0
350.0,0.9,NH3,gas_product,276.6484375,0.2766484375
350.0,0.9,SiF4,gas_product,5.75,0.00575
350.0,0.9,SiH2F2,gas_product,8.484375,0.008484375
350.0,0.9,SiHF3,gas_product,0.015625,1.5625e-05
350.0,0.9500000000000001,bridge_NH_F0,surface,2.5859375,0.0025859375
350.0,0.9500000000000001,bridge_NH_F1,surface,246.4296875,0.2464296875
350.0,0.9500000000000001,bridge_NH_F2,surface,27.125,0.027125
350.0,0.9500000000000001,bridge_NH_F3,surface,3.9375,0.0039375
350.0,0.9500000000000001,bridge_NH_residual,surface,6.75,0.00675
350.0,0.9500000000000001,bridge_NH_F0_HF,surface,0.0,0.0
350.0,0.9500000000000001,bridge_NH_F1_HF,surface,12.125,0.012125
350.0,0.9500000000000001,bridge_NH_F2_HF,surface,1.03125,0.00103125
350.0,0.9500000000000001,bridge_NH_F3_HF,surface,0.015625,1.5625e-05
350.0,0.9500000000000001,terminal_NH2_F0,surface,1.328125,0.001328125
350.0,0.9500000000000001,terminal_NH2_F1,surface,18.0234375,0.0180234375
350.0,0.9500000000000001,terminal_NH2_F2,surface,123.90625,0.12390625
350.0,0.9500000000000001,terminal_NH2_F3,surface,0.6875,0.0006875
350.0,0.9500000000000001,terminal_NH2_residual,surface,0.0,0.0
350.0,0.9500000000000001,terminal_NH2_F0_HF,surface,0.0,0.0
350.0,0.9500000000000001,terminal_NH2_F1_HF,surface,0.265625,0.000265625
350.0,0.9500000000000001,terminal_NH2_F2_HF,surface,5.7734375,0.0057734375
350.0,0.9500000000000001,terminal_NH2_F3_HF,surface,0.015625,1.5625e-05
350.0,0.9500000000000001,Si_H_rich_F0,surface,95.3515625,0.0953515625
350.0,0.9500000000000001,Si_H_rich_F1,surface,0.0,0.0
350.0,0.9500000000000001,Si_H_rich_F2,surface,0.0,0.0
350.0,0.9500000000000001,Si_H_rich_F3,surface,0.0,0.0
350.0,0.9500000000000001,Si_H_rich_residual,surface,0.0,0.0
350.0,0.9500000000000001,Si_H_rich_F0_HF,surface,4.6484375,0.0046484375
350.0,0.9500000000000001,Si_H_rich_F1_HF,surface,0.0,0.0
350.0,0.9500000000000001,Si_H_rich_F2_HF,surface,0.0,0.0
350.0,0.9500000000000001,Si_H_rich_F3_HF,surface,0.0,0.0
350.0,0.9500000000000001,bridge_N_F0,surface,36.7734375,0.0367734375
350.0,0.9500000000000001,bridge_N_F1,surface,75.109375,0.075109375
350.0,0.9500000000000001,bridge_N_F2,surface,31.9453125,0.0319453125
350.0,0.9500000000000001,bridge_N_F3,surface,0.015625,1.5625e-05
350.0,0.9500000000000001,bridge_N_residual,surface,0.0,0.0
350.0,0.9500000000000001,bridge_N_F0_HF,surface,1.2734375,0.0012734375
350.0,0.9500000000000001,bridge_N_F1_HF,surface,3.171875,0.003171875
350.0,0.9500000000000001,bridge_N_F2_HF,surface,1.703125,0.001703125
350.0,0.9500000000000001,bridge_N_F3_HF,surface,0.0078125,7.8125e-06
350.0,0.9500000000000001,pre_SiH2F,surface,86.6328125,0.0866328125
350.0,0.9500000000000001,pre_SiH2F_HF,surface,4.3828125,0.0043828125
350.0,0.9500000000000001,pre_SiH2F_residual,surface,8.984375,0.008984375
350.0,0.9500000000000001,pre_SiHF2,surface,95.34375,0.09534375
350.0,0.9500000000000001,pre_SiHF2_HF,surface,4.6328125,0.0046328125
350.0,0.9500000000000001,pre_SiHF2_residual,surface,0.0234375,2.34375e-05
350.0,0.9500000000000001,Si_Si_F1,surface,79.296875,0.079296875
350.0,0.9500000000000001,Si_Si_F1_HF,surface,3.796875,0.003796875
350.0,0.9500000000000001,Si_Si_cleaved_F2_H,surface,16.90625,0.01690625
350.0,0.9500000000000001,HF,reservoir_net,-847.890625,-0.847890625
350.0,0.9500000000000001,H2,gas_product,0.0,0.0
350.0,0.9500000000000001,NH3,gas_product,279.7578125,0.2797578125
350.0,0.9500000000000001,SiF4,gas_product,6.75,0.00675
350.0,0.9500000000000001,SiH2F2,gas_product,8.984375,0.008984375
350.0,0.9500000000000001,SiHF3,gas_product,0.0234375,2.34375e-05
350.0,1.0,bridge_NH_F0,surface,1.953125,0.001953125
350.0,1.0,bridge_NH_F1,surface,245.0078125,0.2450078125
350.0,1.0,bridge_NH_F2,surface,28.5,0.0285
350.0,1.0,bridge_NH_F3,surface,4.109375,0.004109375
350.0,1.0,bridge_NH_residual,surface,7.7265625,0.0077265625
350.0,1.0,bridge_NH_F0_HF,surface,0.0,0.0
350.0,1.0,bridge_NH_F1_HF,surface,11.6640625,0.0116640625
350.0,1.0,bridge_NH_F2_HF,surface,1.0390625,0.0010390625
350.0,1.0,bridge_NH_F3_HF,surface,0.0,0.0
350.0,1.0,terminal_NH2_F0,surface,1.0234375,0.0010234375
350.0,1.0,terminal_NH2_F1,surface,15.8046875,0.0158046875
350.0,1.0,terminal_NH2_F2,surface,125.9140625,0.1259140625
350.0,1.0,terminal_NH2_F3,surface,0.75,0.00075
350.0,1.0,terminal_NH2_residual,surface,0.0,0.0
350.0,1.0,terminal_NH2_F0_HF,surface,0.0,0.0
350.0,1.0,terminal_NH2_F1_HF,surface,0.375,0.000375
350.0,1.0,terminal_NH2_F2_HF,surface,6.1015625,0.0061015625
350.0,1.0,terminal_NH2_F3_HF,surface,0.03125,3.125e-05
350.0,1.0,Si_H_rich_F0,surface,95.125,0.095125
350.0,1.0,Si_H_rich_F1,surface,0.0,0.0
350.0,1.0,Si_H_rich_F2,surface,0.0,0.0
350.0,1.0,Si_H_rich_F3,surface,0.0,0.0
350.0,1.0,Si_H_rich_residual,surface,0.0,0.0
350.0,1.0,Si_H_rich_F0_HF,surface,4.875,0.004875
350.0,1.0,Si_H_rich_F1_HF,surface,0.0,0.0
350.0,1.0,Si_H_rich_F2_HF,surface,0.0,0.0
350.0,1.0,Si_H_rich_F3_HF,surface,0.0,0.0
350.0,1.0,bridge_N_F0,surface,33.9453125,0.0339453125
350.0,1.0,bridge_N_F1,surface,75.484375,0.075484375
350.0,1.0,bridge_N_F2,surface,34.59375,0.03459375
350.0,1.0,bridge_N_F3,surface,0.0390625,3.90625e-05
350.0,1.0,bridge_N_residual,surface,0.0,0.0
350.0,1.0,bridge_N_F0_HF,surface,1.1015625,0.0011015625
350.0,1.0,bridge_N_F1_HF,surface,3.1796875,0.0031796875
350.0,1.0,bridge_N_F2_HF,surface,1.65625,0.00165625
350.0,1.0,bridge_N_F3_HF,surface,0.0,0.0
350.0,1.0,pre_SiH2F,surface,86.015625,0.086015625
350.0,1.0,pre_SiH2F_HF,surface,4.453125,0.004453125
350.0,1.0,pre_SiH2F_residual,surface,9.53125,0.00953125
350.0,1.0,pre_SiHF2,surface,95.3359375,0.0953359375
350.0,1.0,pre_SiHF2_HF,surface,4.6328125,0.0046328125
350.0,1.0,pre_SiHF2_residual,surface,0.03125,3.125e-05
350.0,1.0,Si_Si_F1,surface,78.6171875,0.0786171875
350.0,1.0,Si_Si_F1_HF,surface,3.75,0.00375
350.0,1.0,Si_Si_cleaved_F2_H,surface,17.6328125,0.0176328125
350.0,1.0,HF,reservoir_net,-862.875,-0.862875
350.0,1.0,H2,gas_product,0.0,0.0
350.0,1.0,NH3,gas_product,282.5546875,0.2825546875
350.0,1.0,SiF4,gas_product,7.7265625,0.0077265625
350.0,1.0,SiH2F2,gas_product,9.53125,0.00953125
350.0,1.0,SiHF3,gas_product,0.03125,3.125e-05
350.0,1.05,bridge_NH_F0,surface,1.53125,0.00153125
350.0,1.05,bridge_NH_F1,surface,243.0859375,0.2430859375
350.0,1.05,bridge_NH_F2,surface,29.3984375,0.0293984375
350.0,1.05,bridge_NH_F3,surface,4.3515625,0.0043515625
350.0,1.05,bridge_NH_residual,surface,8.84375,0.00884375
350.0,1.05,bridge_NH_F0_HF,surface,0.0,0.0
350.0,1.05,bridge_NH_F1_HF,surface,11.6328125,0.0116328125
350.0,1.05,bridge_NH_F2_HF,surface,1.15625,0.00115625
350.0,1.05,bridge_NH_F3_HF,surface,0.0,0.0
350.0,1.05,terminal_NH2_F0,surface,0.8203125,0.0008203125
350.0,1.05,terminal_NH2_F1,surface,13.6875,0.0136875
350.0,1.05,terminal_NH2_F2,surface,128.1328125,0.1281328125
350.0,1.05,terminal_NH2_F3,surface,0.796875,0.000796875
350.0,1.05,terminal_NH2_residual,surface,0.0,0.0
350.0,1.05,terminal_NH2_F0_HF,surface,0.0,0.0
350.0,1.05,terminal_NH2_F1_HF,surface,0.1796875,0.0001796875
350.0,1.05,terminal_NH2_F2_HF,surface,6.34375,0.00634375
350.0,1.05,terminal_NH2_F3_HF,surface,0.0390625,3.90625e-05
350.0,1.05,Si_H_rich_F0,surface,95.3671875,0.0953671875
350.0,1.05,Si_H_rich_F1,surface,0.0,0.0
350.0,1.05,Si_H_rich_F2,surface,0.0,0.0
350.0,1.05,Si_H_rich_F3,surface,0.0,0.0
350.0,1.05,Si_H_rich_residual,surface,0.0,0.0
350.0,1.05,Si_H_rich_F0_HF,surface,4.6328125,0.0046328125
350.0,1.05,Si_H_rich_F1_HF,surface,0.0,0.0
350.0,1.05,Si_H_rich_F2_HF,surface,0.0,0.0
350.0,1.05,Si_H_rich_F3_HF,surface,0.0,0.0
350.0,1.05,bridge_N_F0,surface,31.7265625,0.0317265625
350.0,1.05,bridge_N_F1,surface,74.9765625,0.0749765625
350.0,1.05,bridge_N_F2,surface,37.109375,0.037109375
350.0,1.05,bridge_N_F3,surface,0.046875,4.6875e-05
350.0,1.05,bridge_N_residual,surface,0.0,0.0
350.0,1.05,bridge_N_F0_HF,surface,1.0703125,0.0010703125
350.0,1.05,bridge_N_F1_HF,surface,3.234375,0.003234375
350.0,1.05,bridge_N_F2_HF,surface,1.8359375,0.0018359375
350.0,1.05,bridge_N_F3_HF,surface,0.0,0.0
350.0,1.05,pre_SiH2F,surface,85.8046875,0.0858046875
350.0,1.05,pre_SiH2F_HF,surface,4.1640625,0.0041640625
350.0,1.05,pre_SiH2F_residual,surface,10.03125,0.01003125
350.0,1.05,pre_SiHF2,surface,94.9765625,0.0949765625
350.0,1.05,pre_SiHF2_HF,surface,4.984375,0.004984375
350.0,1.05,pre_SiHF2_residual,surface,0.0390625,3.90625e-05
350.0,1.05,Si_Si_F1,surface,77.8984375,0.0778984375
350.0,1.05,Si_Si_F1_HF,surface,3.625,0.003625
350.0,1.05,Si_Si_cleaved_F2_H,surface,18.4765625,0.0184765625
350.0,1.05,HF,reservoir_net,-877.2734375,-0.8772734375
350.0,1.05,H2,gas_product,0.0,0.0
350.0,1.05,NH3,gas_product,285.328125,0.285328125
350.0,1.05,SiF4,gas_product,8.84375,0.00884375
350.0,1.05,SiH2F2,gas_product,10.03125,0.01003125
350.0,1.05,SiHF3,gas_product,0.0390625,3.90625e-05
350.0,1.1,bridge_NH_F0,surface,1.1640625,0.0011640625
350.0,1.1,bridge_NH_F1,surface,241.0625,0.2410625
350.0,1.1,bridge_NH_F2,surface,31.0,0.031
350.0,1.1,bridge_NH_F3,surface,4.5390625,0.0045390625
350.0,1.1,bridge_NH_residual,surface,10.0,0.01
350.0,1.1,bridge_NH_F0_HF,surface,0.0,0.0
350.0,1.1,bridge_NH_F1_HF,surface,11.21875,0.01121875
350.0,1.1,bridge_NH_F2_HF,surface,1.015625,0.001015625
350.0,1.1,bridge_NH_F3_HF,surface,0.0,0.0
350.0,1.1,terminal_NH2_F0,surface,0.6171875,0.0006171875
350.0,1.1,terminal_NH2_F1,surface,11.96875,0.01196875
350.0,1.1,terminal_NH2_F2,surface,129.5546875,0.1295546875
350.0,1.1,terminal_NH2_F3,surface,0.8984375,0.0008984375
350.0,1.1,terminal_NH2_residual,surface,0.0,0.0
350.0,1.1,terminal_NH2_F0_HF,surface,0.0,0.0
350.0,1.1,terminal_NH2_F1_HF,surface,0.265625,0.000265625
350.0,1.1,terminal_NH2_F2_HF,surface,6.640625,0.006640625
350.0,1.1,terminal_NH2_F3_HF,surface,0.0546875,5.46875e-05
350.0,1.1,Si_H_rich_F0,surface,95.234375,0.095234375
350.0,1.1,Si_H_rich_F1,surface,0.0,0.0
350.0,1.1,Si_H_rich_F2,surface,0.0,0.0
350.0,1.1,Si_H_rich_F3,surface,0.0,0.0
350.0,1.1,Si_H_rich_residual,surface,0.0,0.0
350.0,1.1,Si_H_rich_F0_HF,surface,4.765625,0.004765625
350.0,1.1,Si_H_rich_F1_HF,surface,0.0,0.0
350.0,1.1,Si_H_rich_F2_HF,surface,0.0,0.0
350.0,1.1,Si_H_rich_F3_HF,surface,0.0,0.0
350.0,1.1,bridge_N_F0,surface,29.6171875,0.0296171875
350.0,1.1,bridge_N_F1,surface,74.6953125,0.0746953125
350.0,1.1,bridge_N_F2,surface,39.5859375,0.0395859375
350.0,1.1,bridge_N_F3,surface,0.0703125,7.03125e-05
350.0,1.1,bridge_N_residual,surface,0.0,0.0
350.0,1.1,bridge_N_F0_HF,surface,0.9765625,0.0009765625
350.0,1.1,bridge_N_F1_HF,surface,3.1953125,0.0031953125
350.0,1.1,bridge_N_F2_HF,surface,1.859375,0.001859375
350.0,1.1,bridge_N_F3_HF,surface,0.0,0.0
350.0,1.1,pre_SiH2F,surface,85.4765625,0.0854765625
350.0,1.1,pre_SiH2F_HF,surface,4.0,0.004
350.0,1.1,pre_SiH2F_residual,surface,10.5234375,0.0105234375
350.0,1.1,pre_SiHF2,surface,95.0390625,0.0950390625
350.0,1.1,pre_SiHF2_HF,surface,4.921875,0.004921875
350.0,1.1,pre_SiHF2_residual,surface,0.0390625,3.90625e-05
350.0,1.1,Si_Si_F1,surface,77.1171875,0.0771171875
350.0,1.1,Si_Si_F1_HF,surface,3.6796875,0.0036796875
350.0,1.1,Si_Si_cleaved_F2_H,surface,19.203125,0.019203125
350.0,1.1,HF,reservoir_net,-890.765625,-0.890765625
350.0,1.1,H2,gas_product,0.0,0.0
350.0,1.1,NH3,gas_product,287.484375,0.287484375
350.0,1.1,SiF4,gas_product,10.0,0.01
350.0,1.1,SiH2F2,gas_product,10.5234375,0.0105234375
350.0,1.1,SiHF3,gas_product,0.0390625,3.90625e-05
350.0,1.1500000000000001,bridge_NH_F0,surface,0.90625,0.00090625
350.0,1.1500000000000001,bridge_NH_F1,surface,238.40625,0.23840625
350.0,1.1500000000000001,bridge_NH_F2,surface,31.96875,0.03196875
350.0,1.1500000000000001,bridge_NH_F3,surface,4.5625,0.0045625
350.0,1.1500000000000001,bridge_NH_residual,surface,11.203125,0.011203125
350.0,1.1500000000000001,bridge_NH_F0_HF,surface,0.0,0.0
350.0,1.1500000000000001,bridge_NH_F1_HF,surface,11.8359375,0.0118359375
350.0,1.1500000000000001,bridge_NH_F2_HF,surface,1.1171875,0.0011171875
350.0,1.1500000000000001,bridge_NH_F3_HF,surface,0.0,0.0
350.0,1.1500000000000001,terminal_NH2_F0,surface,0.4453125,0.0004453125
350.0,1.1500000000000001,terminal_NH2_F1,surface,10.3515625,0.0103515625
350.0,1.1500000000000001,terminal_NH2_F2,surface,131.5703125,0.1315703125
350.0,1.1500000000000001,terminal_NH2_F3,surface,0.9375,0.0009375
350.0,1.1500000000000001,terminal_NH2_residual,surface,0.0,0.0
350.0,1.1500000000000001,terminal_NH2_F0_HF,surface,0.0,0.0
350.0,1.1500000000000001,terminal_NH2_F1_HF,surface,0.140625,0.000140625
350.0,1.1500000000000001,terminal_NH2_F2_HF,surface,6.5,0.0065
350.0,1.1500000000000001,terminal_NH2_F3_HF,surface,0.0546875,5.46875e-05
350.0,1.1500000000000001,Si_H_rich_F0,surface,94.875,0.094875
350.0,1.1500000000000001,Si_H_rich_F1,surface,0.0,0.0
350.0,1.1500000000000001,Si_H_rich_F2,surface,0.0,0.0
350.0,1.1500000000000001,Si_H_rich_F3,surface,0.0,0.0
350.0,1.1500000000000001,Si_H_rich_residual,surface,0.0,0.0
350.0,1.1500000000000001,Si_H_rich_F0_HF,surface,5.125,0.005125
350.0,1.1500000000000001,Si_H_rich_F1_HF,surface,0.0,0.0
350.0,1.1500000000000001,Si_H_rich_F2_HF,surface,0.0,0.0
350.0,1.1500000000000001,Si_H_rich_F3_HF,surface,0.0,0.0
350.0,1.1500000000000001,bridge_N_F0,surface,27.6171875,0.0276171875
350.0,1.1500000000000001,bridge_N_F1,surface,74.2265625,0.0742265625
350.0,1.1500000000000001,bridge_N_F2,surface,41.8828125,0.0418828125
350.0,1.1500000000000001,bridge_N_F3,surface,0.0703125,7.03125e-05
350.0,1.1500000000000001,bridge_N_residual,surface,0.0,0.0
350.0,1.1500000000000001,bridge_N_F0_HF,surface,0.953125,0.000953125
350.0,1.1500000000000001,bridge_N_F1_HF,surface,3.1953125,0.0031953125
350.0,1.1500000000000001,bridge_N_F2_HF,surface,2.0546875,0.0020546875
350.0,1.1500000000000001,bridge_N_F3_HF,surface,0.0,0.0
350.0,1.1500000000000001,pre_SiH2F,surface,84.59375,0.08459375
350.0,1.1500000000000001,pre_SiH2F_HF,surface,4.3125,0.0043125
350.0,1.1500000000000001,pre_SiH2F_residual,surface,11.09375,0.01109375
350.0,1.1500000000000001,pre_SiHF2,surface,95.390625,0.095390625
350.0,1.1500000000000001,pre_SiHF2_HF,surface,4.5625,0.0045625
350.0,1.1500000000000001,pre_SiHF2_residual,surface,0.046875,4.6875e-05
350.0,1.1500000000000001,Si_Si_F1,surface,75.7890625,0.0757890625
350.0,1.1500000000000001,Si_Si_F1_HF,surface,4.078125,0.004078125
350.0,1.1500000000000001,Si_Si_cleaved_F2_H,surface,20.1328125,0.0201328125
350.0,1.1500000000000001,HF,reservoir_net,-905.234375,-0.905234375
350.0,1.1500000000000001,H2,gas_product,0.0,0.0
350.0,1.1500000000000001,NH3,gas_product,289.609375,0.289609375
350.0,1.1500000000000001,SiF4,gas_product,11.203125,0.011203125
350.0,1.1500000000000001,SiH2F2,gas_product,11.09375,0.01109375
350.0,1.1500000000000001,SiHF3,gas_product,0.046875,4.6875e-05
350.0,1.2000000000000002,bridge_NH_F0,surface,0.7109375,0.0007109375
350.0,1.2000000000000002,bridge_NH_F1,surface,236.5625,0.2365625
350.0,1.2000000000000002,bridge_NH_F2,surface,32.6328125,0.0326328125
350.0,1.2000000000000002,bridge_NH_F3,surface,4.8125,0.0048125
350.0,1.2000000000000002,bridge_NH_residual,surface,12.421875,0.012421875
350.0,1.2000000000000002,bridge_NH_F0_HF,surface,0.0,0.0
350.0,1.2000000000000002,bridge_NH_F1_HF,surface,11.390625,0.011390625
350.0,1.2000000000000002,bridge_NH_F2_HF,surface,1.4609375,0.0014609375
350.0,1.2000000000000002,bridge_NH_F3_HF,surface,0.0078125,7.8125e-06
350.0,1.2000000000000002,terminal_NH2_F0,surface,0.3359375,0.0003359375
350.0,1.2000000000000002,terminal_NH2_F1,surface,9.0,0.009
350.0,1.2000000000000002,terminal_NH2_F2,surface,132.6484375,0.1326484375
350.0,1.2000000000000002,terminal_NH2_F3,surface,0.9453125,0.0009453125
350.0,1.2000000000000002,terminal_NH2_residual,surface,0.0,0.0
350.0,1.2000000000000002,terminal_NH2_F0_HF,surface,0.0,0.0
350.0,1.2000000000000002,terminal_NH2_F1_HF,surface,0.1484375,0.0001484375
350.0,1.2000000000000002,terminal_NH2_F2_HF,surface,6.8515625,0.0068515625
350.0,1.2000000000000002,terminal_NH2_F3_HF,surface,0.0703125,7.03125e-05
350.0,1.2000000000000002,Si_H_rich_F0,surface,95.1328125,0.0951328125
350.0,1.2000000000000002,Si_H_rich_F1,surface,0.0,0.0
350.0,1.2000000000000002,Si_H_rich_F2,surface,0.0,0.0
350.0,1.2000000000000002,Si_H_rich_F3,surface,0.0,0.0
350.0,1.2000000000000002,Si_H_rich_residual,surface,0.0,0.0
350.0,1.2000000000000002,Si_H_rich_F0_HF,surface,4.8671875,0.0048671875
350.0,1.2000000000000002,Si_H_rich_F1_HF,surface,0.0,0.0
350.0,1.2000000000000002,Si_H_rich_F2_HF,surface,0.0,0.0
350.0,1.2000000000000002,Si_H_rich_F3_HF,surface,0.0,0.0
350.0,1.2000000000000002,bridge_N_F0,surface,25.8046875,0.0258046875
350.0,1.2000000000000002,bridge_N_F1,surface,73.59375,0.07359375
350.0,1.2000000000000002,bridge_N_F2,surface,44.1796875,0.0441796875
350.0,1.2000000000000002,bridge_N_F3,surface,0.0703125,7.03125e-05
350.0,1.2000000000000002,bridge_N_residual,surface,0.0,0.0
350.0,1.2000000000000002,bridge_N_F0_HF,surface,0.84375,0.00084375
350.0,1.2000000000000002,bridge_N_F1_HF,surface,3.1953125,0.0031953125
350.0,1.2000000000000002,bridge_N_F2_HF,surface,2.3125,0.0023125
350.0,1.2000000000000002,bridge_N_F3_HF,surface,0.0,0.0
350.0,1.2000000000000002,pre_SiH2F,surface,84.171875,0.084171875
350.0,1.2000000000000002,pre_SiH2F_HF,surface,4.1171875,0.0041171875
350.0,1.2000000000000002,pre_SiH2F_residual,surface,11.7109375,0.0117109375
350.0,1.2000000000000002,pre_SiHF2,surface,95.1484375,0.0951484375
350.0,1.2000000000000002,pre_SiHF2_HF,surface,4.796875,0.004796875
350.0,1.2000000000000002,pre_SiHF2_residual,surface,0.0546875,5.46875e-05
350.0,1.2000000000000002,Si_Si_F1,surface,75.3828125,0.0753828125
350.0,1.2000000000000002,Si_Si_F1_HF,surface,3.6875,0.0036875
350.0,1.2000000000000002,Si_Si_cleaved_F2_H,surface,20.9296875,0.0209296875
350.0,1.2000000000000002,HF,reservoir_net,-917.9140625,-0.9179140625
350.0,1.2000000000000002,H2,gas_product,0.0,0.0
350.0,1.2000000000000002,NH3,gas_product,291.1953125,0.2911953125
350.0,1.2000000000000002,SiF4,gas_product,12.421875,0.012421875
350.0,1.2000000000000002,SiH2F2,gas_product,11.7109375,0.0117109375
350.0,1.2000000000000002,SiHF3,gas_product,0.0546875,5.46875e-05
350.0,1.25,bridge_NH_F0,surface,0.546875,0.000546875
350.0,1.25,bridge_NH_F1,surface,234.8046875,0.2348046875
350.0,1.25,bridge_NH_F2,surface,33.0859375,0.0330859375
350.0,1.25,bridge_NH_F3,surface,5.0859375,0.0050859375
350.0,1.25,bridge_NH_residual,surface,13.765625,0.013765625
350.0,1.25,bridge_NH_F0_HF,surface,0.0,0.0
350.0,1.25,bridge_NH_F1_HF,surface,11.171875,0.011171875
350.0,1.25,bridge_NH_F2_HF,surface,1.5390625,0.0015390625
350.0,1.25,bridge_NH_F3_HF,surface,0.0,0.0
350.0,1.25,terminal_NH2_F0,surface,0.2421875,0.0002421875
350.0,1.25,terminal_NH2_F1,surface,7.8984375,0.0078984375
350.0,1.25,terminal_NH2_F2,surface,133.890625,0.133890625
350.0,1.25,terminal_NH2_F3,surface,0.984375,0.000984375
350.0,1.25,terminal_NH2_residual,surface,0.0,0.0
350.0,1.25,terminal_NH2_F0_HF,surface,0.0,0.0
350.0,1.25,terminal_NH2_F1_HF,surface,0.1328125,0.0001328125
350.0,1.25,terminal_NH2_F2_HF,surface,6.765625,0.006765625
350.0,1.25,terminal_NH2_F3_HF,surface,0.0859375,8.59375e-05
350.0,1.25,Si_H_rich_F0,surface,94.8203125,0.0948203125
350.0,1.25,Si_H_rich_F1,surface,0.0,0.0
350.0,1.25,Si_H_rich_F2,surface,0.0,0.0
350.0,1.25,Si_H_rich_F3,surface,0.0,0.0
350.0,1.25,Si_H_rich_residual,surface,0.0,0.0
350.0,1.25,Si_H_rich_F0_HF,surface,5.1796875,0.0051796875
350.0,1.25,Si_H_rich_F1_HF,surface,0.0,0.0
350.0,1.25,Si_H_rich_F2_HF,surface,0.0,0.0
350.0,1.25,Si_H_rich_F3_HF,surface,0.0,0.0
350.0,1.25,bridge_N_F0,surface,23.8671875,0.0238671875
350.0,1.25,bridge_N_F1,surface,72.921875,0.072921875
350.0,1.25,bridge_N_F2,surface,46.53125,0.04653125
350.0,1.25,bridge_N_F3,surface,0.0859375,8.59375e-05
350.0,1.25,bridge_N_residual,surface,0.0,0.0
350.0,1.25,bridge_N_F0_HF,surface,0.953125,0.000953125
350.0,1.25,bridge_N_F1_HF,surface,3.0625,0.0030625
350.0,1.25,bridge_N_F2_HF,surface,2.578125,0.002578125
350.0,1.25,bridge_N_F3_HF,surface,0.0,0.0
350.0,1.25,pre_SiH2F,surface,83.7578125,0.0837578125
350.0,1.25,pre_SiH2F_HF,surface,4.109375,0.004109375
350.0,1.25,pre_SiH2F_residual,surface,12.1328125,0.0121328125
350.0,1.25,pre_SiHF2,surface,95.2421875,0.0952421875
350.0,1.25,pre_SiHF2_HF,surface,4.703125,0.004703125
350.0,1.25,pre_SiHF2_residual,surface,0.0546875,5.46875e-05
350.0,1.25,Si_Si_F1,surface,74.7265625,0.0747265625
350.0,1.25,Si_Si_F1_HF,surface,3.6171875,0.0036171875
350.0,1.25,Si_Si_cleaved_F2_H,surface,21.65625,0.02165625
350.0,1.25,HF,reservoir_net,-930.3046875,-0.9303046875
350.0,1.25,H2,gas_product,0.0,0.0
350.0,1.25,NH3,gas_product,292.5546875,0.2925546875
350.0,1.25,SiF4,gas_product,13.765625,0.013765625
350.0,1.25,SiH2F2,gas_product,12.1328125,0.0121328125
350.0,1.25,SiHF3,gas_product,0.0546875,5.46875e-05
350.0,1.3,bridge_NH_F0,surface,0.4375,0.0004375
350.0,1.3,bridge_NH_F1,surface,232.78125,0.23278125
350.0,1.3,bridge_NH_F2,surface,34.1171875,0.0341171875
350.0,1.3,bridge_NH_F3,surface,5.359375,0.005359375
350.0,1.3,bridge_NH_residual,surface,15.0625,0.0150625
350.0,1.3,bridge_NH_F0_HF,surface,0.0,0.0
350.0,1.3,bridge_NH_F1_HF,surface,10.875,0.010875
350.0,1.3,bridge_NH_F2_HF,surface,1.3671875,0.0013671875
350.0,1.3,bridge_NH_F3_HF,surface,0.0,0.0
350.0,1.3,terminal_NH2_F0,surface,0.203125,0.000203125
350.0,1.3,terminal_NH2_F1,surface,6.6953125,0.0066953125
350.0,1.3,terminal_NH2_F2,surface,134.8125,0.1348125
350.0,1.3,terminal_NH2_F3,surface,1.0625,0.0010625
350.0,1.3,terminal_NH2_residual,surface,0.0,0.0
350.0,1.3,terminal_NH2_F0_HF,surface,0.0,0.0
350.0,1.3,terminal_NH2_F1_HF,surface,0.1875,0.0001875
350.0,1.3,terminal_NH2_F2_HF,surface,6.9609375,0.0069609375
350.0,1.3,terminal_NH2_F3_HF,surface,0.078125,7.8125e-05
350.0,1.3,Si_H_rich_F0,surface,95.203125,0.095203125
350.0,1.3,Si_H_rich_F1,surface,0.0,0.0
350.0,1.3,Si_H_rich_F2,surface,0.0,0.0
350.0,1.3,Si_H_rich_F3,surface,0.0,0.0
350.0,1.3,Si_H_rich_residual,surface,0.0,0.0
350.0,1.3,Si_H_rich_F0_HF,surface,4.796875,0.004796875
350.0,1.3,Si_H_rich_F1_HF,surface,0.0,0.0
350.0,1.3,Si_H_rich_F2_HF,surface,0.0,0.0
350.0,1.3,Si_H_rich_F3_HF,surface,0.0,0.0
350.0,1.3,bridge_N_F0,surface,22.2734375,0.0222734375
350.0,1.3,bridge_N_F1,surface,72.359375,0.072359375
350.0,1.3,bridge_N_F2,surface,49.1640625,0.0491640625
350.0,1.3,bridge_N_F3,surface,0.0859375,8.59375e-05
350.0,1.3,bridge_N_residual,surface,0.0,0.0
350.0,1.3,bridge_N_F0_HF,surface,0.7265625,0.0007265625
350.0,1.3,bridge_N_F1_HF,surface,3.03125,0.00303125
350.0,1.3,bridge_N_F2_HF,surface,2.359375,0.002359375
350.0,1.3,bridge_N_F3_HF,surface,0.0,0.0
350.0,1.3,pre_SiH2F,surface,83.203125,0.083203125
350.0,1.3,pre_SiH2F_HF,surface,4.15625,0.00415625
350.0,1.3,pre_SiH2F_residual,surface,12.640625,0.012640625
350.0,1.3,pre_SiHF2,surface,95.2265625,0.0952265625
350.0,1.3,pre_SiHF2_HF,surface,4.71875,0.00471875
350.0,1.3,pre_SiHF2_residual,surface,0.0546875,5.46875e-05
350.0,1.3,Si_Si_F1,surface,74.234375,0.074234375
350.0,1.3,Si_Si_F1_HF,surface,3.4296875,0.0034296875
350.0,1.3,Si_Si_cleaved_F2_H,surface,22.3359375,0.0223359375
350.0,1.3,HF,reservoir_net,-941.21875,-0.94121875
350.0,1.3,H2,gas_product,0.0,0.0
350.0,1.3,NH3,gas_product,293.8515625,0.2938515625
350.0,1.3,SiF4,gas_product,15.0625,0.0150625
350.0,1.3,SiH2F2,gas_product,12.640625,0.012640625
350.0,1.3,SiHF3,gas_product,0.0546875,5.46875e-05
350.0,1.35,bridge_NH_F0,surface,0.359375,0.000359375
350.0,1.35,bridge_NH_F1,surface,230.59375,0.23059375
350.0,1.35,bridge_NH_F2,surface,34.8046875,0.0348046875
350.0,1.35,bridge_NH_F3,surface,5.7265625,0.0057265625
350.0,1.35,bridge_NH_residual,surface,16.3828125,0.0163828125
350.0,1.35,bridge_NH_F0_HF,surface,0.0,0.0
350.0,1.35,bridge_NH_F1_HF,surface,10.7734375,0.0107734375
350.0,1.35,bridge_NH_F2_HF,surface,1.359375,0.001359375
350.0,1.35,bridge_NH_F3_HF,surface,0.0,0.0
350.0,1.35,terminal_NH2_F0,surface,0.15625,0.00015625
350.0,1.35,terminal_NH2_F1,surface,5.7265625,0.0057265625
350.0,1.35,terminal_NH2_F2,surface,136.1953125,0.1361953125
350.0,1.35,terminal_NH2_F3,surface,1.15625,0.00115625
350.0,1.35,terminal_NH2_residual,surface,0.0,0.0
350.0,1.35,terminal_NH2_F0_HF,surface,0.0,0.0
350.0,1.35,terminal_NH2_F1_HF,surface,0.0625,6.25e-05
350.0,1.35,terminal_NH2_F2_HF,surface,6.6484375,0.0066484375
350.0,1.35,terminal_NH2_F3_HF,surface,0.0546875,5.46875e-05
350.0,1.35,Si_H_rich_F0,surface,94.9140625,0.0949140625
350.0,1.35,Si_H_rich_F1,surface,0.0,0.0
350.0,1.35,Si_H_rich_F2,surface,0.0,0.0
350.0,1.35,Si_H_rich_F3,surface,0.0,0.0
350.0,1.35,Si_H_rich_residual,surface,0.0,0.0
350.0,1.35,Si_H_rich_F0_HF,surface,5.0859375,0.0050859375
350.0,1.35,Si_H_rich_F1_HF,surface,0.0,0.0
350.0,1.35,Si_H_rich_F2_HF,surface,0.0,0.0
350.0,1.35,Si_H_rich_F3_HF,surface,0.0,0.0
350.0,1.35,bridge_N_F0,surface,20.6171875,0.0206171875
350.0,1.35,bridge_N_F1,surface,71.7421875,0.0717421875
350.0,1.35,bridge_N_F2,surface,51.296875,0.051296875
350.0,1.35,bridge_N_F3,surface,0.09375,9.375e-05
350.0,1.35,bridge_N_residual,surface,0.0,0.0
350.0,1.35,bridge_N_F0_HF,surface,0.703125,0.000703125
350.0,1.35,bridge_N_F1_HF,surface,3.1015625,0.0031015625
350.0,1.35,bridge_N_F2_HF,surface,2.4453125,0.0024453125
350.0,1.35,bridge_N_F3_HF,surface,0.0,0.0
350.0,1.35,pre_SiH2F,surface,83.1328125,0.0831328125
350.0,1.35,pre_SiH2F_HF,surface,3.8671875,0.0038671875
350.0,1.35,pre_SiH2F_residual,surface,13.0,0.013
350.0,1.35,pre_SiHF2,surface,95.1171875,0.0951171875
350.0,1.35,pre_SiHF2_HF,surface,4.828125,0.004828125
350.0,1.35,pre_SiHF2_residual,surface,0.0546875,5.46875e-05
350.0,1.35,Si_Si_F1,surface,73.5390625,0.0735390625
350.0,1.35,Si_Si_F1_HF,surface,3.4609375,0.0034609375
350.0,1.35,Si_Si_cleaved_F2_H,surface,23.0,0.023
350.0,1.35,HF,reservoir_net,-952.5703125,-0.9525703125
350.0,1.35,H2,gas_product,0.0,0.0
350.0,1.35,NH3,gas_product,295.109375,0.295109375
350.0,1.35,SiF4,gas_product,16.3828125,0.0163828125
350.0,1.35,SiH2F2,gas_product,13.0,0.013
350.0,1.35,SiHF3,gas_product,0.0546875,5.46875e-05
350.0,1.4000000000000001,bridge_NH_F0,surface,0.2890625,0.0002890625
350.0,1.4000000000000001,bridge_NH_F1,surface,227.8125,0.2278125
350.0,1.4000000000000001,bridge_NH_F2,surface,35.6875,0.0356875
350.0,1.4000000000000001,bridge_NH_F3,surface,5.671875,0.005671875
350.0,1.4000000000000001,bridge_NH_residual,surface,18.0078125,0.0180078125
350.0,1.4000000000000001,bridge_NH_F0_HF,surface,0.0,0.0
350.0,1.4000000000000001,bridge_NH_F1_HF,surface,11.1796875,0.0111796875
350.0,1.4000000000000001,bridge_NH_F2_HF,surface,1.34375,0.00134375
350.0,1.4000000000000001,bridge_NH_F3_HF,surface,0.0078125,7.8125e-06
350.0,1.4000000000000001,terminal_NH2_F0,surface,0.125,0.000125
350.0,1.4000000000000001,terminal_NH2_F1,surface,4.8515625,0.0048515625
350.0,1.4000000000000001,terminal_NH2_F2,surface,136.921875,0.136921875
350.0,1.4000000000000001,terminal_NH2_F3,surface,1.21875,0.00121875
350.0,1.4000000000000001,terminal_NH2_residual,surface,0.0,0.0
350.0,1.4000000000000001,terminal_NH2_F0_HF,surface,0.0,0.0
350.0,1.4000000000000001,terminal_NH2_F1_HF,surface,0.0859375,8.59375e-05
350.0,1.4000000000000001,terminal_NH2_F2_HF,surface,6.7265625,0.0067265625
350.0,1.4000000000000001,terminal_NH2_F3_HF,surface,0.0703125,7.03125e-05
350.0,1.4000000000000001,Si_H_rich_F0,surface,95.6015625,0.0956015625
350.0,1.4000000000000001,Si_H_rich_F1,surface,0.0,0.0
350.0,1.4000000000000001,Si_H_rich_F2,surface,0.0,0.0
350.0,1.4000000000000001,Si_H_rich_F3,surface,0.0,0.0
350.0,1.4000000000000001,Si_H_rich_residual,surface,0.0,0.0
350.0,1.4000000000000001,Si_H_rich_F0_HF,surface,4.3984375,0.0043984375
350.0,1.4000000000000001,Si_H_rich_F1_HF,surface,0.0,0.0
350.0,1.4000000000000001,Si_H_rich_F2_HF,surface,0.0,0.0
350.0,1.4000000000000001,Si_H_rich_F3_HF,surface,0.0,0.0
350.0,1.4000000000000001,bridge_N_F0,surface,19.375,0.019375
350.0,1.4000000000000001,bridge_N_F1,surface,70.9375,0.0709375
350.0,1.4000000000000001,bridge_N_F2,surface,53.515625,0.053515625
350.0,1.4000000000000001,bridge_N_F3,surface,0.109375,0.000109375
350.0,1.4000000000000001,bridge_N_residual,surface,0.0,0.0
350.0,1.4000000000000001,bridge_N_F0_HF,surface,0.625,0.000625
350.0,1.4000000000000001,bridge_N_F1_HF,surface,2.9921875,0.0029921875
350.0,1.4000000000000001,bridge_N_F2_HF,surface,2.4296875,0.0024296875
350.0,1.4000000000000001,bridge_N_F3_HF,surface,0.015625,1.5625e-05
350.0,1.4000000000000001,pre_SiH2F,surface,82.6796875,0.0826796875
350.0,1.4000000000000001,pre_SiH2F_HF,surface,3.9296875,0.0039296875
350.0,1.4000000000000001,pre_SiH2F_residual,surface,13.390625,0.013390625
350.0,1.4000000000000001,pre_SiHF2,surface,95.0625,0.0950625
350.0,1.4000000000000001,pre_SiHF2_HF,surface,4.8828125,0.0048828125
350.0,1.4000000000000001,pre_SiHF2_residual,surface,0.0546875,5.46875e-05
350.0,1.4000000000000001,Si_Si_F1,surface,72.9140625,0.0729140625
350.0,1.4000000000000001,Si_Si_F1_HF,surface,3.4453125,0.0034453125
350.0,1.4000000000000001,Si_Si_cleaved_F2_H,surface,23.640625,0.023640625
350.0,1.4000000000000001,HF,reservoir_net,-963.640625,-0.963640625
350.0,1.4000000000000001,H2,gas_product,0.0,0.0
350.0,1.4000000000000001,NH3,gas_product,296.1015625,0.2961015625
350.0,1.4000000000000001,SiF4,gas_product,18.0078125,0.0180078125
350.0,1.4000000000000001,SiH2F2,gas_product,13.390625,0.013390625
350.0,1.4000000000000001,SiHF3,gas_product,0.0546875,5.46875e-05
350.0,1.4500000000000002,bridge_NH_F0,surface,0.21875,0.00021875
350.0,1.4500000000000002,bridge_NH_F1,surface,225.7734375,0.2257734375
350.0,1.4500000000000002,bridge_NH_F2,surface,35.890625,0.035890625
350.0,1.4500000000000002,bridge_NH_F3,surface,5.78125,0.00578125
350.0,1.4500000000000002,bridge_NH_residual,surface,19.6640625,0.0196640625
350.0,1.4500000000000002,bridge_NH_F0_HF,surface,0.0,0.0
350.0,1.4500000000000002,bridge_NH_F1_HF,surface,11.0859375,0.0110859375
350.0,1.4500000000000002,bridge_NH_F2_HF,surface,1.5859375,0.0015859375
350.0,1.4500000000000002,bridge_NH_F3_HF,surface,0.0,0.0
350.0,1.4500000000000002,terminal_NH2_F0,surface,0.0703125,7.03125e-05
350.0,1.4500000000000002,terminal_NH2_F1,surface,4.125,0.004125
350.0,1.4500000000000002,terminal_NH2_F2,surface,137.359375,0.137359375
350.0,1.4500000000000002,terminal_NH2_F3,surface,1.28125,0.00128125
350.0,1.4500000000000002,terminal_NH2_residual,surface,0.0,0.0
350.0,1.4500000000000002,terminal_NH2_F0_HF,surface,0.0,0.0
350.0,1.4500000000000002,terminal_NH2_F1_HF,surface,0.109375,0.000109375
350.0,1.4500000000000002,terminal_NH2_F2_HF,surface,6.9765625,0.0069765625
350.0,1.4500000000000002,terminal_NH2_F3_HF,surface,0.078125,7.8125e-05
350.0,1.4500000000000002,Si_H_rich_F0,surface,94.9296875,0.0949296875
350.0,1.4500000000000002,Si_H_rich_F1,surface,0.0,0.0
350.0,1.4500000000000002,Si_H_rich_F2,surface,0.0,0.0
350.0,1.4500000000000002,Si_H_rich_F3,surface,0.0,0.0
350.0,1.4500000000000002,Si_H_rich_residual,surface,0.0,0.0
350.0,1.4500000000000002,Si_H_rich_F0_HF,surface,5.0703125,0.0050703125
350.0,1.4500000000000002,Si_H_rich_F1_HF,surface,0.0,0.0
350.0,1.4500000000000002,Si_H_rich_F2_HF,surface,0.0,0.0
350.0,1.4500000000000002,Si_H_rich_F3_HF,surface,0.0,0.0
350.0,1.4500000000000002,bridge_N_F0,surface,17.7890625,0.0177890625
350.0,1.4500000000000002,bridge_N_F1,surface,70.1640625,0.0701640625
350.0,1.4500000000000002,bridge_N_F2,surface,55.3828125,0.0553828125
350.0,1.4500000000000002,bridge_N_F3,surface,0.15625,0.00015625
350.0,1.4500000000000002,bridge_N_residual,surface,0.0,0.0
350.0,1.4500000000000002,bridge_N_F0_HF,surface,0.671875,0.000671875
350.0,1.4500000000000002,bridge_N_F1_HF,surface,2.953125,0.002953125
350.0,1.4500000000000002,bridge_N_F2_HF,surface,2.8828125,0.0028828125
350.0,1.4500000000000002,bridge_N_F3_HF,surface,0.0,0.0
350.0,1.4500000000000002,pre_SiH2F,surface,81.9453125,0.0819453125
350.0,1.4500000000000002,pre_SiH2F_HF,surface,4.203125,0.004203125
350.0,1.4500000000000002,pre_SiH2F_residual,surface,13.8515625,0.0138515625
350.0,1.4500000000000002,pre_SiHF2,surface,95.1328125,0.0951328125
350.0,1.4500000000000002,pre_SiHF2_HF,surface,4.78125,0.00478125
350.0,1.4500000000000002,pre_SiHF2_residual,surface,0.0859375,8.59375e-05
350.0,1.4500000000000002,Si_Si_F1,surface,71.921875,0.071921875
350.0,1.4500000000000002,Si_Si_F1_HF,surface,3.640625,0.003640625
350.0,1.4500000000000002,Si_Si_cleaved_F2_H,surface,24.4375,0.0244375
350.0,1.4500000000000002,HF,reservoir_net,-977.328125,-0.977328125
350.0,1.4500000000000002,H2,gas_product,0.0,0.0
350.0,1.4500000000000002,NH3,gas_product,296.984375,0.296984375
350.0,1.4500000000000002,SiF4,gas_product,19.6640625,0.0196640625
350.0,1.4500000000000002,SiH2F2,gas_product,13.8515625,0.0138515625
350.0,1.4500000000000002,SiHF3,gas_product,0.0859375,8.59375e-05
350.0,1.5,bridge_NH_F0,surface,0.171875,0.000171875
350.0,1.5,bridge_NH_F1,surface,224.1328125,0.2241328125
350.0,1.5,bridge_NH_F2,surface,36.4609375,0.0364609375
350.0,1.5,bridge_NH_F3,surface,6.1015625,0.0061015625
350.0,1.5,bridge_NH_residual,surface,21.0234375,0.0210234375
350.0,1.5,bridge_NH_F0_HF,surface,0.0,0.0
350.0,1.5,bridge_NH_F1_HF,surface,10.453125,0.010453125
350.0,1.5,bridge_NH_F2_HF,surface,1.65625,0.00165625
350.0,1.5,bridge_NH_F3_HF,surface,0.0,0.0
350.0,1.5,terminal_NH2_F0,surface,0.0390625,3.90625e-05
350.0,1.5,terminal_NH2_F1,surface,3.5859375,0.0035859375
350.0,1.5,terminal_NH2_F2,surface,138.1171875,0.1381171875
350.0,1.5,terminal_NH2_F3,surface,1.359375,0.001359375
350.0,1.5,terminal_NH2_residual,surface,0.0,0.0
350.0,1.5,terminal_NH2_F0_HF,surface,0.0,0.0
350.0,1.5,terminal_NH2_F1_HF,surface,0.0625,6.25e-05
350.0,1.5,terminal_NH2_F2_HF,surface,6.7734375,0.0067734375
350.0,1.5,terminal_NH2_F3_HF,surface,0.0625,6.25e-05
350.0,1.5,Si_H_rich_F0,surface,95.296875,0.095296875
350.0,1.5,Si_H_rich_F1,surface,0.0,0.0
350.0,1.5,Si_H_rich_F2,surface,0.0,0.0
350.0,1.5,Si_H_rich_F3,surface,0.0,0.0
350.0,1.5,Si_H_rich_residual,surface,0.0,0.0
350.0,1.5,Si_H_rich_F0_HF,surface,4.703125,0.004703125
350.0,1.5,Si_H_rich_F1_HF,surface,0.0,0.0
350.0,1.5,Si_H_rich_F2_HF,surface,0.0,0.0
350.0,1.5,Si_H_rich_F3_HF,surface,0.0,0.0
350.0,1.5,bridge_N_F0,surface,16.5,0.0165
350.0,1.5,bridge_N_F1,surface,69.0625,0.0690625
350.0,1.5,bridge_N_F2,surface,58.0546875,0.0580546875
350.0,1.5,bridge_N_F3,surface,0.1796875,0.0001796875
350.0,1.5,bridge_N_residual,surface,0.0,0.0
350.0,1.5,bridge_N_F0_HF,surface,0.625,0.000625
350.0,1.5,bridge_N_F1_HF,surface,3.0234375,0.0030234375
350.0,1.5,bridge_N_F2_HF,surface,2.5546875,0.0025546875
350.0,1.5,bridge_N_F3_HF,surface,0.0,0.0
350.0,1.5,pre_SiH2F,surface,81.6171875,0.0816171875
350.0,1.5,pre_SiH2F_HF,surface,4.0234375,0.0040234375
350.0,1.5,pre_SiH2F_residual,surface,14.359375,0.014359375
350.0,1.5,pre_SiHF2,surface,95.171875,0.095171875
350.0,1.5,pre_SiHF2_HF,surface,4.7421875,0.0047421875
350.0,1.5,pre_SiHF2_residual,surface,0.0859375,8.59375e-05
350.0,1.5,Si_Si_F1,surface,71.3203125,0.0713203125
350.0,1.5,Si_Si_F1_HF,surface,3.6796875,0.0036796875
350.0,1.5,Si_Si_cleaved_F2_H,surface,25.0,0.025
350.0,1.5,HF,reservoir_net,-986.5625,-0.9865625
350.0,1.5,H2,gas_product,0.0,0.0
350.0,1.5,NH3,gas_product,297.6953125,0.2976953125
350.0,1.5,SiF4,gas_product,21.0234375,0.0210234375
350.0,1.5,SiH2F2,gas_product,14.359375,0.014359375
350.0,1.5,SiHF3,gas_product,0.0859375,8.59375e-05
350.0,1.55,bridge_NH_F0,surface,0.1328125,0.0001328125
350.0,1.55,bridge_NH_F1,surface,221.765625,0.221765625
350.0,1.55,bridge_NH_F2,surface,37.1953125,0.0371953125
350.0,1.55,bridge_NH_F3,surface,6.296875,0.006296875
350.0,1.55,bridge_NH_residual,surface,22.53125,0.02253125
350.0,1.55,bridge_NH_F0_HF,surface,0.0,0.0
350.0,1.55,bridge_NH_F1_HF,surface,10.6171875,0.0106171875
350.0,1.55,bridge_NH_F2_HF,surface,1.4609375,0.0014609375
350.0,1.55,bridge_NH_F3_HF,surface,0.0,0.0
350.0,1.55,terminal_NH2_F0,surface,0.0390625,3.90625e-05
350.0,1.55,terminal_NH2_F1,surface,3.09375,0.00309375
350.0,1.55,terminal_NH2_F2,surface,138.53125,0.13853125
350.0,1.55,terminal_NH2_F3,surface,1.359375,0.001359375
350.0,1.55,terminal_NH2_residual,surface,0.0,0.0
350.0,1.55,terminal_NH2_F0_HF,surface,0.0,0.0
350.0,1.55,terminal_NH2_F1_HF,surface,0.03125,3.125e-05
350.0,1.55,terminal_NH2_F2_HF,surface,6.84375,0.00684375
350.0,1.55,terminal_NH2_F3_HF,surface,0.1015625,0.0001015625
350.0,1.55,Si_H_rich_F0,surface,95.3203125,0.0953203125
350.0,1.55,Si_H_rich_F1,surface,0.0,0.0
350.0,1.55,Si_H_rich_F2,surface,0.0,0.0
350.0,1.55,Si_H_rich_F3,surface,0.0,0.0
350.0,1.55,Si_H_rich_residual,surface,0.0,0.0
350.0,1.55,Si_H_rich_F0_HF,surface,4.6796875,0.0046796875
350.0,1.55,Si_H_rich_F1_HF,surface,0.0,0.0
350.0,1.55,Si_H_rich_F2_HF,surface,0.0,0.0
350.0,1.55,Si_H_rich_F3_HF,surface,0.0,0.0
350.0,1.55,bridge_N_F0,surface,15.3984375,0.0153984375
350.0,1.55,bridge_N_F1,surface,68.234375,0.068234375
350.0,1.55,bridge_N_F2,surface,59.765625,0.059765625
350.0,1.55,bridge_N_F3,surface,0.171875,0.000171875
350.0,1.55,bridge_N_residual,surface,0.0,0.0
350.0,1.55,bridge_N_F0_HF,surface,0.4609375,0.0004609375
350.0,1.55,bridge_N_F1_HF,surface,2.8984375,0.0028984375
350.0,1.55,bridge_N_F2_HF,surface,3.0546875,0.0030546875
350.0,1.55,bridge_N_F3_HF,surface,0.015625,1.5625e-05
350.0,1.55,pre_SiH2F,surface,81.59375,0.08159375
350.0,1.55,pre_SiH2F_HF,surface,3.640625,0.003640625
350.0,1.55,pre_SiH2F_residual,surface,14.765625,0.014765625
350.0,1.55,pre_SiHF2,surface,95.2109375,0.0952109375
350.0,1.55,pre_SiHF2_HF,surface,4.703125,0.004703125
350.0,1.55,pre_SiHF2_residual,surface,0.0859375,8.59375e-05
350.0,1.55,Si_Si_F1,surface,70.78125,0.07078125
350.0,1.55,Si_Si_F1_HF,surface,3.4609375,0.0034609375
350.0,1.55,Si_Si_cleaved_F2_H,surface,25.7578125,0.0257578125
350.0,1.55,HF,reservoir_net,-996.8828125,-0.9968828125
350.0,1.55,H2,gas_product,0.0,0.0
350.0,1.55,NH3,gas_product,298.2578125,0.2982578125
350.0,1.55,SiF4,gas_product,22.53125,0.02253125
350.0,1.55,SiH2F2,gas_product,14.765625,0.014765625
350.0,1.55,SiHF3,gas_product,0.0859375,8.59375e-05
350.0,1.6,bridge_NH_F0,surface,0.1015625,0.0001015625
350.0,1.6,bridge_NH_F1,surface,218.9140625,0.2189140625
350.0,1.6,bridge_NH_F2,surface,37.34375,0.03734375
350.0,1.6,bridge_NH_F3,surface,6.4765625,0.0064765625
350.0,1.6,bridge_NH_residual,surface,24.1171875,0.0241171875
350.0,1.6,bridge_NH_F0_HF,surface,0.0,0.0
350.0,1.6,bridge_NH_F1_HF,surface,11.359375,0.011359375
350.0,1.6,bridge_NH_F2_HF,surface,1.6796875,0.0016796875
350.0,1.6,bridge_NH_F3_HF,surface,0.0078125,7.8125e-06
350.0,1.6,terminal_NH2_F0,surface,0.0390625,3.90625e-05
350.0,1.6,terminal_NH2_F1,surface,2.703125,0.002703125
350.0,1.6,terminal_NH2_F2,surface,138.84375,0.13884375
350.0,1.6,terminal_NH2_F3,surface,1.4453125,0.0014453125
350.0,1.6,terminal_NH2_residual,surface,0.0,0.0
350.0,1.6,terminal_NH2_F0_HF,surface,0.0,0.0
350.0,1.6,terminal_NH2_F1_HF,surface,0.046875,4.6875e-05
350.0,1.6,terminal_NH2_F2_HF,surface,6.8671875,0.0068671875
350.0,1.6,terminal_NH2_F3_HF,surface,0.0546875,5.46875e-05
350.0,1.6,Si_H_rich_F0,surface,95.1171875,0.0951171875
350.0,1.6,Si_H_rich_F1,surface,0.0,0.0
350.0,1.6,Si_H_rich_F2,surface,0.0,0.0
350.0,1.6,Si_H_rich_F3,surface,0.0,0.0
350.0,1.6,Si_H_rich_residual,surface,0.0,0.0
350.0,1.6,Si_H_rich_F0_HF,surface,4.8828125,0.0048828125
350.0,1.6,Si_H_rich_F1_HF,surface,0.0,0.0
350.0,1.6,Si_H_rich_F2_HF,surface,0.0,0.0
350.0,1.6,Si_H_rich_F3_HF,surface,0.0,0.0
350.0,1.6,bridge_N_F0,surface,14.3125,0.0143125
350.0,1.6,bridge_N_F1,surface,66.6953125,0.0666953125
350.0,1.6,bridge_N_F2,surface,62.3359375,0.0623359375
350.0,1.6,bridge_N_F3,surface,0.1796875,0.0001796875
350.0,1.6,bridge_N_residual,surface,0.0,0.0
350.0,1.6,bridge_N_F0_HF,surface,0.46875,0.00046875
350.0,1.6,bridge_N_F1_HF,surface,3.28125,0.00328125
350.0,1.6,bridge_N_F2_HF,surface,2.7109375,0.0027109375
350.0,1.6,bridge_N_F3_HF,surface,0.015625,1.5625e-05
350.0,1.6,pre_SiH2F,surface,80.8828125,0.0808828125
350.0,1.6,pre_SiH2F_HF,surface,3.90625,0.00390625
350.0,1.6,pre_SiH2F_residual,surface,15.2109375,0.0152109375
350.0,1.6,pre_SiHF2,surface,95.234375,0.095234375
350.0,1.6,pre_SiHF2_HF,surface,4.6796875,0.0046796875
350.0,1.6,pre_SiHF2_residual,surface,0.0859375,8.59375e-05
350.0,1.6,Si_Si_F1,surface,70.0390625,0.0700390625
350.0,1.6,Si_Si_F1_HF,surface,3.4765625,0.0034765625
350.0,1.6,Si_Si_cleaved_F2_H,surface,26.484375,0.026484375
350.0,1.6,HF,reservoir_net,-1008.7890625,-1.0087890625
350.0,1.6,H2,gas_product,0.0,0.0
350.0,1.6,NH3,gas_product,298.671875,0.298671875
350.0,1.6,SiF4,gas_product,24.1171875,0.0241171875
350.0,1.6,SiH2F2,gas_product,15.2109375,0.0152109375
350.0,1.6,SiHF3,gas_product,0.0859375,8.59375e-05
350.0,1.6500000000000001,bridge_NH_F0,surface,0.09375,9.375e-05
350.0,1.6500000000000001,bridge_NH_F1,surface,217.4765625,0.2174765625
350.0,1.6500000000000001,bridge_NH_F2,surface,37.4140625,0.0374140625
350.0,1.6500000000000001,bridge_NH_F3,surface,6.7890625,0.0067890625
350.0,1.6500000000000001,bridge_NH_residual,surface,25.671875,0.025671875
350.0,1.6500000000000001,bridge_NH_F0_HF,surface,0.0,0.0
350.0,1.6500000000000001,bridge_NH_F1_HF,surface,10.8203125,0.0108203125
350.0,1.6500000000000001,bridge_NH_F2_HF,surface,1.734375,0.001734375
350.0,1.6500000000000001,bridge_NH_F3_HF,surface,0.0,0.0
350.0,1.6500000000000001,terminal_NH2_F0,surface,0.015625,1.5625e-05
350.0,1.6500000000000001,terminal_NH2_F1,surface,2.3671875,0.0023671875
350.0,1.6500000000000001,terminal_NH2_F2,surface,139.453125,0.139453125
350.0,1.6500000000000001,terminal_NH2_F3,surface,1.5390625,0.0015390625
350.0,1.6500000000000001,terminal_NH2_residual,surface,0.0,0.0
350.0,1.6500000000000001,terminal_NH2_F0_HF,surface,0.0,0.0
350.0,1.6500000000000001,terminal_NH2_F1_HF,surface,0.046875,4.6875e-05
350.0,1.6500000000000001,terminal_NH2_F2_HF,surface,6.53125,0.00653125
350.0,1.6500000000000001,terminal_NH2_F3_HF,surface,0.046875,4.6875e-05
350.0,1.6500000000000001,Si_H_rich_F0,surface,95.296875,0.095296875
350.0,1.6500000000000001,Si_H_rich_F1,surface,0.0,0.0
350.0,1.6500000000000001,Si_H_rich_F2,surface,0.0,0.0
350.0,1.6500000000000001,Si_H_rich_F3,surface,0.0,0.0
350.0,1.6500000000000001,Si_H_rich_residual,surface,0.0,0.0
350.0,1.6500000000000001,Si_H_rich_F0_HF,surface,4.703125,0.004703125
350.0,1.6500000000000001,Si_H_rich_F1_HF,surface,0.0,0.0
350.0,1.6500000000000001,Si_H_rich_F2_HF,surface,0.0,0.0
350.0,1.6500000000000001,Si_H_rich_F3_HF,surface,0.0,0.0
350.0,1.6500000000000001,bridge_N_F0,surface,13.3125,0.0133125
350.0,1.6500000000000001,bridge_N_F1,surface,65.8984375,0.0658984375
350.0,1.6500000000000001,bridge_N_F2,surface,64.0703125,0.0640703125
350.0,1.6500000000000001,bridge_N_F3,surface,0.1953125,0.0001953125
350.0,1.6500000000000001,bridge_N_residual,surface,0.0,0.0
350.0,1.6500000000000001,bridge_N_F0_HF,surface,0.4765625,0.0004765625
350.0,1.6500000000000001,bridge_N_F1_HF,surface,2.8671875,0.0028671875
350.0,1.6500000000000001,bridge_N_F2_HF,surface,3.171875,0.003171875
350.0,1.6500000000000001,bridge_N_F3_HF,surface,0.0078125,7.8125e-06
350.0,1.6500000000000001,pre_SiH2F,surface,80.5625,0.0805625
350.0,1.6500000000000001,pre_SiH2F_HF,surface,3.75,0.00375
350.0,1.6500000000000001,pre_SiH2F_residual,surface,15.6875,0.0156875
350.0,1.6500000000000001,pre_SiHF2,surface,94.96875,0.09496875
350.0,1.6500000000000001,pre_SiHF2_HF,surface,4.9453125,0.0049453125
350.0,1.6500000000000001,pre_SiHF2_residual,surface,0.0859375,8.59375e-05
350.0,1.6500000000000001,Si_Si_F1,surface,69.5078125,0.0695078125
350.0,1.6500000000000001,Si_Si_F1_HF,surface,3.4375,0.0034375
350.0,1.6500000000000001,Si_Si_cleaved_F2_H,surface,27.0546875,0.0270546875
350.0,1.6500000000000001,HF,reservoir_net,-1018.015625,-1.018015625
350.0,1.6500000000000001,H2,gas_product,0.0,0.0
350.0,1.6500000000000001,NH3,gas_product,299.140625,0.299140625
350.0,1.6500000000000001,SiF4,gas_product,25.671875,0.025671875
350.0,1.6500000000000001,SiH2F2,gas_product,15.6875,0.0156875
350.0,1.6500000000000001,SiHF3,gas_product,0.0859375,8.59375e-05
350.0,1.7000000000000002,bridge_NH_F0,surface,0.078125,7.8125e-05
350.0,1.7000000000000002,bridge_NH_F1,surface,216.015625,0.216015625
350.0,1.7000000000000002,bridge_NH_F2,surface,37.84375,0.03784375
350.0,1.7000000000000002,bridge_NH_F3,surface,6.890625,0.006890625
350.0,1.7000000000000002,bridge_NH_residual,surface,27.40625,0.02740625
350.0,1.7000000000000002,bridge_NH_F0_HF,surface,0.0,0.0
350.0,1.7000000000000002,bridge_NH_F1_HF,surface,10.1875,0.0101875
350.0,1.7000000000000002,bridge_NH_F2_HF,surface,1.578125,0.001578125
350.0,1.7000000000000002,bridge_NH_F3_HF,surface,0.0,0.0
350.0,1.7000000000000002,terminal_NH2_F0,surface,0.015625,1.5625e-05
350.0,1.7000000000000002,terminal_NH2_F1,surface,2.046875,0.002046875
350.0,1.7000000000000002,terminal_NH2_F2,surface,139.5078125,0.1395078125
350.0,1.7000000000000002,terminal_NH2_F3,surface,1.53125,0.00153125
350.0,1.7000000000000002,terminal_NH2_residual,surface,0.0,0.0
350.0,1.7000000000000002,terminal_NH2_F0_HF,surface,0.0,0.0
350.0,1.7000000000000002,terminal_NH2_F1_HF,surface,0.046875,4.6875e-05
350.0,1.7000000000000002,terminal_NH2_F2_HF,surface,6.734375,0.006734375
350.0,1.7000000000000002,terminal_NH2_F3_HF,surface,0.1171875,0.0001171875
350.0,1.7000000000000002,Si_H_rich_F0,surface,95.2109375,0.0952109375
350.0,1.7000000000000002,Si_H_rich_F1,surface,0.0,0.0
350.0,1.7000000000000002,Si_H_rich_F2,surface,0.0,0.0
350.0,1.7000000000000002,Si_H_rich_F3,surface,0.0,0.0
350.0,1.7000000000000002,Si_H_rich_residual,surface,0.0,0.0
350.0,1.7000000000000002,Si_H_rich_F0_HF,surface,4.7890625,0.0047890625
350.0,1.7000000000000002,Si_H_rich_F1_HF,surface,0.0,0.0
350.0,1.7000000000000002,Si_H_rich_F2_HF,surface,0.0,0.0
350.0,1.7000000000000002,Si_H_rich_F3_HF,surface,0.0,0.0
350.0,1.7000000000000002,bridge_N_F0,surface,12.5234375,0.0125234375
350.0,1.7000000000000002,bridge_N_F1,surface,64.6953125,0.0646953125
350.0,1.7000000000000002,bridge_N_F2,surface,66.2578125,0.0662578125
350.0,1.7000000000000002,bridge_N_F3,surface,0.1875,0.0001875
350.0,1.7000000000000002,bridge_N_residual,surface,0.0,0.0
350.0,1.7000000000000002,bridge_N_F0_HF,surface,0.421875,0.000421875
350.0,1.7000000000000002,bridge_N_F1_HF,surface,2.703125,0.002703125
350.0,1.7000000000000002,bridge_N_F2_HF,surface,3.1796875,0.0031796875
350.0,1.7000000000000002,bridge_N_F3_HF,surface,0.03125,3.125e-05
350.0,1.7000000000000002,pre_SiH2F,surface,79.84375,0.07984375
350.0,1.7000000000000002,pre_SiH2F_HF,surface,4.0078125,0.0040078125
350.0,1.7000000000000002,pre_SiH2F_residual,surface,16.1484375,0.0161484375
350.0,1.7000000000000002,pre_SiHF2,surface,95.0703125,0.0950703125
350.0,1.7000000000000002,pre_SiHF2_HF,surface,4.84375,0.00484375
350.0,1.7000000000000002,pre_SiHF2_residual,surface,0.0859375,8.59375e-05
350.0,1.7000000000000002,Si_Si_F1,surface,68.828125,0.068828125
350.0,1.7000000000000002,Si_Si_F1_HF,surface,3.328125,0.003328125
350.0,1.7000000000000002,Si_Si_cleaved_F2_H,surface,27.84375,0.02784375
350.0,1.7000000000000002,HF,reservoir_net,-1027.84375,-1.02784375
350.0,1.7000000000000002,H2,gas_product,0.0,0.0
350.0,1.7000000000000002,NH3,gas_product,299.5234375,0.2995234375
350.0,1.7000000000000002,SiF4,gas_product,27.40625,0.02740625
350.0,1.7000000000000002,SiH2F2,gas_product,16.1484375,0.0161484375
350.0,1.7000000000000002,SiHF3,gas_product,0.0859375,8.59375e-05
350.0,1.75,bridge_NH_F0,surface,0.046875,4.6875e-05
350.0,1.75,bridge_NH_F1,surface,213.671875,0.213671875
350.0,1.75,bridge_NH_F2,surface,38.5234375,0.0385234375
350.0,1.75,bridge_NH_F3,surface,6.6953125,0.0066953125
350.0,1.75,bridge_NH_residual,surface,29.203125,0.029203125
350.0,1.75,bridge_NH_F0_HF,surface,0.0,0.0
350.0,1.75,bridge_NH_F1_HF,surface,10.2578125,0.0102578125
350.0,1.75,bridge_NH_F2_HF,surface,1.6015625,0.0016015625
350.0,1.75,bridge_NH_F3_HF,surface,0.0,0.0
350.0,1.75,terminal_NH2_F0,surface,0.015625,1.5625e-05
350.0,1.75,terminal_NH2_F1,surface,1.71875,0.00171875
350.0,1.75,terminal_NH2_F2,surface,139.2890625,0.1392890625
350.0,1.75,terminal_NH2_F3,surface,1.625,0.001625
350.0,1.75,terminal_NH2_residual,surface,0.0,0.0
350.0,1.75,terminal_NH2_F0_HF,surface,0.0,0.0
350.0,1.75,terminal_NH2_F1_HF,surface,0.0703125,7.03125e-05
350.0,1.75,terminal_NH2_F2_HF,surface,7.21875,0.00721875
350.0,1.75,terminal_NH2_F3_HF,surface,0.0625,6.25e-05
350.0,1.75,Si_H_rich_F0,surface,95.109375,0.095109375
350.0,1.75,Si_H_rich_F1,surface,0.0,0.0
350.0,1.75,Si_H_rich_F2,surface,0.0,0.0
350.0,1.75,Si_H_rich_F3,surface,0.0,0.0
350.0,1.75,Si_H_rich_residual,surface,0.0,0.0
350.0,1.75,Si_H_rich_F0_HF,surface,4.890625,0.004890625
350.0,1.75,Si_H_rich_F1_HF,surface,0.0,0.0
350.0,1.75,Si_H_rich_F2_HF,surface,0.0,0.0
350.0,1.75,Si_H_rich_F3_HF,surface,0.0,0.0
350.0,1.75,bridge_N_F0,surface,11.6015625,0.0116015625
350.0,1.75,bridge_N_F1,surface,63.0859375,0.0630859375
350.0,1.75,bridge_N_F2,surface,68.1796875,0.0681796875
350.0,1.75,bridge_N_F3,surface,0.234375,0.000234375
350.0,1.75,bridge_N_residual,surface,0.0,0.0
350.0,1.75,bridge_N_F0_HF,surface,0.4296875,0.0004296875
350.0,1.75,bridge_N_F1_HF,surface,2.8046875,0.0028046875
350.0,1.75,bridge_N_F2_HF,surface,3.65625,0.00365625
350.0,1.75,bridge_N_F3_HF,surface,0.0078125,7.8125e-06
350.0,1.75,pre_SiH2F,surface,79.4453125,0.0794453125
350.0,1.75,pre_SiH2F_HF,surface,4.0390625,0.0040390625
350.0,1.75,pre_SiH2F_residual,surface,16.515625,0.016515625
350.0,1.75,pre_SiHF2,surface,95.03125,0.09503125
350.0,1.75,pre_SiHF2_HF,surface,4.8828125,0.0048828125
350.0,1.75,pre_SiHF2_residual,surface,0.0859375,8.59375e-05
350.0,1.75,Si_Si_F1,surface,68.1015625,0.0681015625
350.0,1.75,Si_Si_F1_HF,surface,3.359375,0.003359375
350.0,1.75,Si_Si_cleaved_F2_H,surface,28.5390625,0.0285390625
350.0,1.75,HF,reservoir_net,-1039.65625,-1.03965625
350.0,1.75,H2,gas_product,0.0,0.0
350.0,1.75,NH3,gas_product,299.8671875,0.2998671875
350.0,1.75,SiF4,gas_product,29.203125,0.029203125
350.0,1.75,SiH2F2,gas_product,16.515625,0.016515625
350.0,1.75,SiHF3,gas_product,0.0859375,8.59375e-05
350.0,1.8,bridge_NH_F0,surface,0.046875,4.6875e-05
350.0,1.8,bridge_NH_F1,surface,211.4453125,0.2114453125
350.0,1.8,bridge_NH_F2,surface,39.046875,0.039046875
350.0,1.8,bridge_NH_F3,surface,6.4296875,0.0064296875
350.0,1.8,bridge_NH_residual,surface,31.03125,0.03103125
350.0,1.8,bridge_NH_F0_HF,surface,0.0,0.0
350.0,1.8,bridge_NH_F1_HF,surface,10.3515625,0.0103515625
350.0,1.8,bridge_NH_F2_HF,surface,1.6484375,0.0016484375
350.0,1.8,bridge_NH_F3_HF,surface,0.0,0.0
350.0,1.8,terminal_NH2_F0,surface,0.015625,1.5625e-05
350.0,1.8,terminal_NH2_F1,surface,1.484375,0.001484375
350.0,1.8,terminal_NH2_F2,surface,139.6015625,0.1396015625
350.0,1.8,terminal_NH2_F3,surface,1.6484375,0.0016484375
350.0,1.8,terminal_NH2_residual,surface,0.0,0.0
350.0,1.8,terminal_NH2_F0_HF,surface,0.0,0.0
350.0,1.8,terminal_NH2_F1_HF,surface,0.0234375,2.34375e-05
350.0,1.8,terminal_NH2_F2_HF,surface,7.125,0.007125
350.0,1.8,terminal_NH2_F3_HF,surface,0.1015625,0.0001015625
350.0,1.8,Si_H_rich_F0,surface,94.890625,0.094890625
350.0,1.8,Si_H_rich_F1,surface,0.0,0.0
350.0,1.8,Si_H_rich_F2,surface,0.0,0.0
350.0,1.8,Si_H_rich_F3,surface,0.0,0.0
350.0,1.8,Si_H_rich_residual,surface,0.0,0.0
350.0,1.8,Si_H_rich_F0_HF,surface,5.109375,0.005109375
350.0,1.8,Si_H_rich_F1_HF,surface,0.0,0.0
350.0,1.8,Si_H_rich_F2_HF,surface,0.0,0.0
350.0,1.8,Si_H_rich_F3_HF,surface,0.0,0.0
350.0,1.8,bridge_N_F0,surface,10.640625,0.010640625
350.0,1.8,bridge_N_F1,surface,61.953125,0.061953125
350.0,1.8,bridge_N_F2,surface,70.59375,0.07059375
350.0,1.8,bridge_N_F3,surface,0.28125,0.00028125
350.0,1.8,bridge_N_residual,surface,0.0,0.0
350.0,1.8,bridge_N_F0_HF,surface,0.3984375,0.0003984375
350.0,1.8,bridge_N_F1_HF,surface,2.78125,0.00278125
350.0,1.8,bridge_N_F2_HF,surface,3.34375,0.00334375
350.0,1.8,bridge_N_F3_HF,surface,0.0078125,7.8125e-06
350.0,1.8,pre_SiH2F,surface,79.1484375,0.0791484375
350.0,1.8,pre_SiH2F_HF,surface,3.8359375,0.0038359375
350.0,1.8,pre_SiH2F_residual,surface,17.015625,0.017015625
350.0,1.8,pre_SiHF2,surface,95.3515625,0.0953515625
350.0,1.8,pre_SiHF2_HF,surface,4.5625,0.0045625
350.0,1.8,pre_SiHF2_residual,surface,0.0859375,8.59375e-05
350.0,1.8,Si_Si_F1,surface,67.3984375,0.0673984375
350.0,1.8,Si_Si_F1_HF,surface,3.328125,0.003328125
350.0,1.8,Si_Si_cleaved_F2_H,surface,29.2734375,0.0292734375
350.0,1.8,HF,reservoir_net,-1049.28125,-1.04928125
350.0,1.8,H2,gas_product,0.0,0.0
350.0,1.8,NH3,gas_product,300.2109375,0.3002109375
350.0,1.8,SiF4,gas_product,31.03125,0.03103125
350.0,1.8,SiH2F2,gas_product,17.015625,0.017015625
350.0,1.8,SiHF3,gas_product,0.0859375,8.59375e-05
350.0,1.85,bridge_NH_F0,surface,0.046875,4.6875e-05
350.0,1.85,bridge_NH_F1,surface,209.34375,0.20934375
350.0,1.85,bridge_NH_F2,surface,39.453125,0.039453125
350.0,1.85,bridge_NH_F3,surface,6.4921875,0.0064921875
350.0,1.85,bridge_NH_residual,surface,32.7734375,0.0327734375
350.0,1.85,bridge_NH_F0_HF,surface,0.0,0.0
350.0,1.85,bridge_NH_F1_HF,surface,10.3203125,0.0103203125
350.0,1.85,bridge_NH_F2_HF,surface,1.5703125,0.0015703125
350.0,1.85,bridge_NH_F3_HF,surface,0.0,0.0
350.0,1.85,terminal_NH2_F0,surface,0.015625,1.5625e-05
350.0,1.85,terminal_NH2_F1,surface,1.328125,0.001328125
350.0,1.85,terminal_NH2_F2,surface,139.6015625,0.1396015625
350.0,1.85,terminal_NH2_F3,surface,1.75,0.00175
350.0,1.85,terminal_NH2_residual,surface,0.0,0.0
350.0,1.85,terminal_NH2_F0_HF,surface,0.0,0.0
350.0,1.85,terminal_NH2_F1_HF,surface,0.015625,1.5625e-05
350.0,1.85,terminal_NH2_F2_HF,surface,7.1953125,0.0071953125
350.0,1.85,terminal_NH2_F3_HF,surface,0.09375,9.375e-05
350.0,1.85,Si_H_rich_F0,surface,95.4921875,0.0954921875
350.0,1.85,Si_H_rich_F1,surface,0.0,0.0
350.0,1.85,Si_H_rich_F2,surface,0.0,0.0
350.0,1.85,Si_H_rich_F3,surface,0.0,0.0
350.0,1.85,Si_H_rich_residual,surface,0.0,0.0
350.0,1.85,Si_H_rich_F0_HF,surface,4.5078125,0.0045078125
350.0,1.85,Si_H_rich_F1_HF,surface,0.0,0.0
350.0,1.85,Si_H_rich_F2_HF,surface,0.0,0.0
350.0,1.85,Si_H_rich_F3_HF,surface,0.0,0.0
350.0,1.85,bridge_N_F0,surface,9.7421875,0.0097421875
350.0,1.85,bridge_N_F1,surface,60.8046875,0.0608046875
350.0,1.85,bridge_N_F2,surface,72.625,0.072625
350.0,1.85,bridge_N_F3,surface,0.28125,0.00028125
350.0,1.85,bridge_N_residual,surface,0.0,0.0
350.0,1.85,bridge_N_F0_HF,surface,0.328125,0.000328125
350.0,1.85,bridge_N_F1_HF,surface,2.609375,0.002609375
350.0,1.85,bridge_N_F2_HF,surface,3.578125,0.003578125
350.0,1.85,bridge_N_F3_HF,surface,0.03125,3.125e-05
350.0,1.85,pre_SiH2F,surface,79.1640625,0.0791640625
350.0,1.85,pre_SiH2F_HF,surface,3.4296875,0.0034296875
350.0,1.85,pre_SiH2F_residual,surface,17.40625,0.01740625
350.0,1.85,pre_SiHF2,surface,94.8359375,0.0948359375
350.0,1.85,pre_SiHF2_HF,surface,5.0703125,0.0050703125
350.0,1.85,pre_SiHF2_residual,surface,0.09375,9.375e-05
350.0,1.85,Si_Si_F1,surface,66.9453125,0.0669453125
350.0,1.85,Si_Si_F1_HF,surface,3.1875,0.0031875
350.0,1.85,Si_Si_cleaved_F2_H,surface,29.8671875,0.0298671875
350.0,1.85,HF,reservoir_net,-1058.8125,-1.0588125
350.0,1.85,H2,gas_product,0.0,0.0
350.0,1.85,NH3,gas_product,300.46875,0.30046875
350.0,1.85,SiF4,gas_product,32.7734375,0.0327734375
350.0,1.85,SiH2F2,gas_product,17.40625,0.01740625
350.0,1.85,SiHF3,gas_product,0.09375,9.375e-05
350.0,1.9000000000000001,bridge_NH_F0,surface,0.0390625,3.90625e-05
350.0,1.9000000000000001,bridge_NH_F1,surface,206.96875,0.20696875
350.0,1.9000000000000001,bridge_NH_F2,surface,40.0,0.04
350.0,1.9000000000000001,bridge_NH_F3,surface,6.6015625,0.0066015625
350.0,1.9000000000000001,bridge_NH_residual,surface,34.375,0.034375
350.0,1.9000000000000001,bridge_NH_F0_HF,surface,0.0,0.0
350.0,1.9000000000000001,bridge_NH_F1_HF,surface,10.4375,0.0104375
350.0,1.9000000000000001,bridge_NH_F2_HF,surface,1.578125,0.001578125
350.0,1.9000000000000001,bridge_NH_F3_HF,surface,0.0,0.0
350.0,1.9000000000000001,terminal_NH2_F0,surface,0.0078125,7.8125e-06
350.0,1.9000000000000001,terminal_NH2_F1,surface,1.1953125,0.0011953125
350.0,1.9000000000000001,terminal_NH2_F2,surface,140.03125,0.14003125
350.0,1.9000000000000001,terminal_NH2_F3,surface,1.8359375,0.0018359375
350.0,1.9000000000000001,terminal_NH2_residual,surface,0.0,0.0
350.0,1.9000000000000001,terminal_NH2_F0_HF,surface,0.0,0.0
350.0,1.9000000000000001,terminal_NH2_F1_HF,surface,0.015625,1.5625e-05
350.0,1.9000000000000001,terminal_NH2_F2_HF,surface,6.84375,0.00684375
350.0,1.9000000000000001,terminal_NH2_F3_HF,surface,0.0703125,7.03125e-05
350.0,1.9000000000000001,Si_H_rich_F0,surface,95.3828125,0.0953828125
350.0,1.9000000000000001,Si_H_rich_F1,surface,0.0,0.0
350.0,1.9000000000000001,Si_H_rich_F2,surface,0.0,0.0
350.0,1.9000000000000001,Si_H_rich_F3,surface,0.0,0.0
350.0,1.9000000000000001,Si_H_rich_residual,surface,0.0,0.0
350.0,1.9000000000000001,Si_H_rich_F0_HF,surface,4.6171875,0.0046171875
350.0,1.9000000000000001,Si_H_rich_F1_HF,surface,0.0,0.0
350.0,1.9000000000000001,Si_H_rich_F2_HF,surface,0.0,0.0
350.0,1.9000000000000001,Si_H_rich_F3_HF,surface,0.0,0.0
350.0,1.9000000000000001,bridge_N_F0,surface,8.984375,0.008984375
350.0,1.9000000000000001,bridge_N_F1,surface,59.5390625,0.0595390625
350.0,1.9000000000000001,bridge_N_F2,surface,74.5078125,0.0745078125
350.0,1.9000000000000001,bridge_N_F3,surface,0.328125,0.000328125
350.0,1.9000000000000001,bridge_N_residual,surface,0.0,0.0
350.0,1.9000000000000001,bridge_N_F0_HF,surface,0.328125,0.000328125
350.0,1.9000000000000001,bridge_N_F1_HF,surface,2.4609375,0.0024609375
350.0,1.9000000000000001,bridge_N_F2_HF,surface,3.8515625,0.0038515625
350.0,1.9000000000000001,bridge_N_F3_HF,surface,0.0,0.0
350.0,1.9000000000000001,pre_SiH2F,surface,78.5546875,0.0785546875
350.0,1.9000000000000001,pre_SiH2F_HF,surface,3.6171875,0.0036171875
350.0,1.9000000000000001,pre_SiH2F_residual,surface,17.828125,0.017828125
350.0,1.9000000000000001,pre_SiHF2,surface,95.15625,0.09515625
350.0,1.9000000000000001,pre_SiHF2_HF,surface,4.75,0.00475
350.0,1.9000000000000001,pre_SiHF2_residual,surface,0.09375,9.375e-05
350.0,1.9000000000000001,Si_Si_F1,surface,66.3203125,0.0663203125
350.0,1.9000000000000001,Si_Si_F1_HF,surface,3.0625,0.0030625
350.0,1.9000000000000001,Si_Si_cleaved_F2_H,surface,30.6171875,0.0306171875
350.0,1.9000000000000001,HF,reservoir_net,-1068.421875,-1.068421875
350.0,1.9000000000000001,H2,gas_product,0.0,0.0
350.0,1.9000000000000001,NH3,gas_product,300.6796875,0.3006796875
350.0,1.9000000000000001,SiF4,gas_product,34.375,0.034375
350.0,1.9000000000000001,SiH2F2,gas_product,17.828125,0.017828125
350.0,1.9000000000000001,SiHF3,gas_product,0.09375,9.375e-05
350.0,1.9500000000000002,bridge_NH_F0,surface,0.03125,3.125e-05
350.0,1.9500000000000002,bridge_NH_F1,surface,205.015625,0.205015625
350.0,1.9500000000000002,bridge_NH_F2,surface,40.046875,0.040046875
350.0,1.9500000000000002,bridge_NH_F3,surface,6.9296875,0.0069296875
350.0,1.9500000000000002,bridge_NH_residual,surface,36.0234375,0.0360234375
350.0,1.9500000000000002,bridge_NH_F0_HF,surface,0.0,0.0
350.0,1.9500000000000002,bridge_NH_F1_HF,surface,10.234375,0.010234375
350.0,1.9500000000000002,bridge_NH_F2_HF,surface,1.71875,0.00171875
350.0,1.9500000000000002,bridge_NH_F3_HF,surface,0.0,0.0
350.0,1.9500000000000002,terminal_NH2_F0,surface,0.0,0.0
350.0,1.9500000000000002,terminal_NH2_F1,surface,1.0234375,0.0010234375
350.0,1.9500000000000002,terminal_NH2_F2,surface,139.7109375,0.1397109375
350.0,1.9500000000000002,terminal_NH2_F3,surface,1.84375,0.00184375
350.0,1.9500000000000002,terminal_NH2_residual,surface,0.0,0.0
350.0,1.9500000000000002,terminal_NH2_F0_HF,surface,0.0,0.0
350.0,1.9500000000000002,terminal_NH2_F1_HF,surface,0.03125,3.125e-05
350.0,1.9500000000000002,terminal_NH2_F2_HF,surface,7.2421875,0.0072421875
350.0,1.9500000000000002,terminal_NH2_F3_HF,surface,0.1484375,0.0001484375
350.0,1.9500000000000002,Si_H_rich_F0,surface,95.359375,0.095359375
350.0,1.9500000000000002,Si_H_rich_F1,surface,0.0,0.0
350.0,1.9500000000000002,Si_H_rich_F2,surface,0.0,0.0
350.0,1.9500000000000002,Si_H_rich_F3,surface,0.0,0.0
350.0,1.9500000000000002,Si_H_rich_residual,surface,0.0,0.0
350.0,1.9500000000000002,Si_H_rich_F0_HF,surface,4.640625,0.004640625
350.0,1.9500000000000002,Si_H_rich_F1_HF,surface,0.0,0.0
350.0,1.9500000000000002,Si_H_rich_F2_HF,surface,0.0,0.0
350.0,1.9500000000000002,Si_H_rich_F3_HF,surface,0.0,0.0
350.0,1.9500000000000002,bridge_N_F0,surface,8.34375,0.00834375
350.0,1.9500000000000002,bridge_N_F1,surface,58.2578125,0.0582578125
350.0,1.9500000000000002,bridge_N_F2,surface,76.328125,0.076328125
350.0,1.9500000000000002,bridge_N_F3,surface,0.328125,0.000328125
350.0,1.9500000000000002,bridge_N_residual,surface,0.0,0.0
350.0,1.9500000000000002,bridge_N_F0_HF,surface,0.3125,0.0003125
350.0,1.9500000000000002,bridge_N_F1_HF,surface,2.5625,0.0025625
350.0,1.9500000000000002,bridge_N_F2_HF,surface,3.859375,0.003859375
350.0,1.9500000000000002,bridge_N_F3_HF,surface,0.0078125,7.8125e-06
350.0,1.9500000000000002,pre_SiH2F,surface,77.9453125,0.0779453125
350.0,1.9500000000000002,pre_SiH2F_HF,surface,3.7890625,0.0037890625
350.0,1.9500000000000002,pre_SiH2F_residual,surface,18.265625,0.018265625
350.0,1.9500000000000002,pre_SiHF2,surface,95.328125,0.095328125
350.0,1.9500000000000002,pre_SiHF2_HF,surface,4.5703125,0.0045703125
350.0,1.9500000000000002,pre_SiHF2_residual,surface,0.1015625,0.0001015625
350.0,1.9500000000000002,Si_Si_F1,surface,65.703125,0.065703125
350.0,1.9500000000000002,Si_Si_F1_HF,surface,3.0,0.003
350.0,1.9500000000000002,Si_Si_cleaved_F2_H,surface,31.296875,0.031296875
350.0,1.9500000000000002,HF,reservoir_net,-1078.5859375,-1.0785859375
350.0,1.9500000000000002,H2,gas_product,0.0,0.0
350.0,1.9500000000000002,NH3,gas_product,300.9375,0.3009375
350.0,1.9500000000000002,SiF4,gas_product,36.0234375,0.0360234375
350.0,1.9500000000000002,SiH2F2,gas_product,18.265625,0.018265625
350.0,1.9500000000000002,SiHF3,gas_product,0.1015625,0.0001015625
350.0,2.0,bridge_NH_F0,surface,0.03125,3.125e-05
350.0,2.0,bridge_NH_F1,surface,203.765625,0.203765625
350.0,2.0,bridge_NH_F2,surface,40.1796875,0.0401796875
350.0,2.0,bridge_NH_F3,surface,7.0,0.007
350.0,2.0,bridge_NH_residual,surface,37.875,0.037875
350.0,2.0,bridge_NH_F0_HF,surface,0.0,0.0
350.0,2.0,bridge_NH_F1_HF,surface,9.53125,0.00953125
350.0,2.0,bridge_NH_F2_HF,surface,1.609375,0.001609375
350.0,2.0,bridge_NH_F3_HF,surface,0.0078125,7.8125e-06
350.0,2.0,terminal_NH2_F0,surface,0.0,0.0
350.0,2.0,terminal_NH2_F1,surface,0.859375,0.000859375
350.0,2.0,terminal_NH2_F2,surface,140.609375,0.140609375
350.0,2.0,terminal_NH2_F3,surface,1.96875,0.00196875
350.0,2.0,terminal_NH2_residual,surface,0.0,0.0
350.0,2.0,terminal_NH2_F0_HF,surface,0.0,0.0
350.0,2.0,terminal_NH2_F1_HF,surface,0.03125,3.125e-05
350.0,2.0,terminal_NH2_F2_HF,surface,6.4609375,0.0064609375
350.0,2.0,terminal_NH2_F3_HF,surface,0.0703125,7.03125e-05
350.0,2.0,Si_H_rich_F0,surface,95.3671875,0.0953671875
350.0,2.0,Si_H_rich_F1,surface,0.0,0.0
350.0,2.0,Si_H_rich_F2,surface,0.0,0.0
350.0,2.0,Si_H_rich_F3,surface,0.0,0.0
350.0,2.0,Si_H_rich_residual,surface,0.0,0.0
350.0,2.0,Si_H_rich_F0_HF,surface,4.6328125,0.0046328125
350.0,2.0,Si_H_rich_F1_HF,surface,0.0,0.0
350.0,2.0,Si_H_rich_F2_HF,surface,0.0,0.0
350.0,2.0,Si_H_rich_F3_HF,surface,0.0,0.0
350.0,2.0,bridge_N_F0,surface,7.7890625,0.0077890625
350.0,2.0,bridge_N_F1,surface,56.9453125,0.0569453125
350.0,2.0,bridge_N_F2,surface,78.109375,0.078109375
350.0,2.0,bridge_N_F3,surface,0.359375,0.000359375
350.0,2.0,bridge_N_residual,surface,0.0,0.0
350.0,2.0,bridge_N_F0_HF,surface,0.2421875,0.0002421875
350.0,2.0,bridge_N_F1_HF,surface,2.5234375,0.0025234375
350.0,2.0,bridge_N_F2_HF,surface,4.015625,0.004015625
350.0,2.0,bridge_N_F3_HF,surface,0.015625,1.5625e-05
350.0,2.0,pre_SiH2F,surface,77.3046875,0.0773046875
350.0,2.0,pre_SiH2F_HF,surface,4.03125,0.00403125
350.0,2.0,pre_SiH2F_residual,surface,18.6640625,0.0186640625
350.0,2.0,pre_SiHF2,surface,95.3046875,0.0953046875
350.0,2.0,pre_SiHF2_HF,surface,4.59375,0.00459375
350.0,2.0,pre_SiHF2_residual,surface,0.1015625,0.0001015625
350.0,2.0,Si_Si_F1,surface,64.78125,0.06478125
350.0,2.0,Si_Si_F1_HF,surface,3.1796875,0.0031796875
350.0,2.0,Si_Si_cleaved_F2_H,surface,32.0390625,0.0320390625
350.0,2.0,HF,reservoir_net,-1087.140625,-1.087140625
350.0,2.0,H2,gas_product,0.0,0.0
350.0,2.0,NH3,gas_product,301.1484375,0.3011484375
350.0,2.0,SiF4,gas_product,37.875,0.037875
350.0,2.0,SiH2F2,gas_product,18.6640625,0.0186640625
350.0,2.0,SiHF3,gas_product,0.1015625,0.0001015625
350.0,2.0500000000000003,bridge_NH_F0,surface,0.03125,3.125e-05
350.0,2.0500000000000003,bridge_NH_F1,surface,212.8828125,0.2128828125
350.0,2.0500000000000003,bridge_NH_F2,surface,41.8515625,0.0418515625
350.0,2.0500000000000003,bridge_NH_F3,surface,7.3203125,0.0073203125
350.0,2.0500000000000003,bridge_NH_residual,surface,37.8828125,0.0378828125
350.0,2.0500000000000003,bridge_NH_F0_HF,surface,0.0,0.0
350.0,2.0500000000000003,bridge_NH_F1_HF,surface,0.03125,3.125e-05
350.0,2.0500000000000003,bridge_NH_F2_HF,surface,0.0,0.0
350.0,2.0500000000000003,bridge_NH_F3_HF,surface,0.0,0.0
350.0,2.0500000000000003,terminal_NH2_F0,surface,0.0,0.0
350.0,2.0500000000000003,terminal_NH2_F1,surface,0.8671875,0.0008671875
350.0,2.0500000000000003,terminal_NH2_F2,surface,147.0234375,0.1470234375
350.0,2.0500000000000003,terminal_NH2_F3,surface,2.046875,0.002046875
350.0,2.0500000000000003,terminal_NH2_residual,surface,0.0,0.0
350.0,2.0500000000000003,terminal_NH2_F0_HF,surface,0.0,0.0
350.0,2.0500000000000003,terminal_NH2_F1_HF,surface,0.0,0.0
350.0,2.0500000000000003,terminal_NH2_F2_HF,surface,0.0625,6.25e-05
350.0,2.0500000000000003,terminal_NH2_F3_HF,surface,0.0,0.0
350.0,2.0500000000000003,Si_H_rich_F0,surface,99.9765625,0.0999765625
350.0,2.0500000000000003,Si_H_rich_F1,surface,0.0,0.0
350.0,2.0500000000000003,Si_H_rich_F2,surface,0.0,0.0
350.0,2.0500000000000003,Si_H_rich_F3,surface,0.0,0.0
350.0,2.0500000000000003,Si_H_rich_residual,surface,0.0,0.0
350.0,2.0500000000000003,Si_H_rich_F0_HF,surface,0.0234375,2.34375e-05
350.0,2.0500000000000003,Si_H_rich_F1_HF,surface,0.0,0.0
350.0,2.0500000000000003,Si_H_rich_F2_HF,surface,0.0,0.0
350.0,2.0500000000000003,Si_H_rich_F3_HF,surface,0.0,0.0
350.0,2.0500000000000003,bridge_N_F0,surface,7.9609375,0.0079609375
350.0,2.0500000000000003,bridge_N_F1,surface,59.0703125,0.0590703125
350.0,2.0500000000000003,bridge_N_F2,surface,82.546875,0.082546875
350.0,2.0500000000000003,bridge_N_F3,surface,0.375,0.000375
350.0,2.0500000000000003,bridge_N_residual,surface,0.0,0.0
350.0,2.0500000000000003,bridge_N_F0_HF,surface,0.0,0.0
350.0,2.0500000000000003,bridge_N_F1_HF,surface,0.0078125,7.8125e-06
350.0,2.0500000000000003,bridge_N_F2_HF,surface,0.0390625,3.90625e-05
350.0,2.0500000000000003,bridge_N_F3_HF,surface,0.0,0.0
350.0,2.0500000000000003,pre_SiH2F,surface,81.25,0.08125
350.0,2.0500000000000003,pre_SiH2F_HF,surface,0.0234375,2.34375e-05
350.0,2.0500000000000003,pre_SiH2F_residual,surface,18.7265625,0.0187265625
350.0,2.0500000000000003,pre_SiHF2,surface,99.875,0.099875
350.0,2.0500000000000003,pre_SiHF2_HF,surface,0.0234375,2.34375e-05
350.0,2.0500000000000003,pre_SiHF2_residual,surface,0.1015625,0.0001015625
350.0,2.0500000000000003,Si_Si_F1,surface,67.828125,0.067828125
350.0,2.0500000000000003,Si_Si_F1_HF,surface,0.0078125,7.8125e-06
350.0,2.0500000000000003,Si_Si_cleaved_F2_H,surface,32.1640625,0.0321640625
350.0,2.0500000000000003,HF,reservoir_net,-1047.875,-1.047875
350.0,2.0500000000000003,H2,gas_product,0.0,0.0
350.0,2.0500000000000003,NH3,gas_product,301.1796875,0.3011796875
350.0,2.0500000000000003,SiF4,gas_product,37.8828125,0.0378828125
350.0,2.0500000000000003,SiH2F2,gas_product,18.7265625,0.0187265625
350.0,2.0500000000000003,SiHF3,gas_product,0.1015625,0.0001015625
350.0,2.1,bridge_NH_F0,surface,0.03125,3.125e-05
350.0,2.1,bridge_NH_F1,surface,212.9140625,0.2129140625
350.0,2.1,bridge_NH_F2,surface,41.8515625,0.0418515625
350.0,2.1,bridge_NH_F3,surface,7.3203125,0.0073203125
350.0,2.1,bridge_NH_residual,surface,37.8828125,0.0378828125
350.0,2.1,bridge_NH_F0_HF,surface,0.0,0.0
350.0,2.1,bridge_NH_F1_HF,surface,0.0,0.0
350.0,2.1,bridge_NH_F2_HF,surface,0.0,0.0
350.0,2.1,bridge_NH_F3_HF,surface,0.0,0.0
350.0,2.1,terminal_NH2_F0,surface,0.0,0.0
350.0,2.1,terminal_NH2_F1,surface,0.8671875,0.0008671875
350.0,2.1,terminal_NH2_F2,surface,147.0859375,0.1470859375
350.0,2.1,terminal_NH2_F3,surface,2.046875,0.002046875
350.0,2.1,terminal_NH2_residual,surface,0.0,0.0
350.0,2.1,terminal_NH2_F0_HF,surface,0.0,0.0
350.0,2.1,terminal_NH2_F1_HF,surface,0.0,0.0
350.0,2.1,terminal_NH2_F2_HF,surface,0.0,0.0
350.0,2.1,terminal_NH2_F3_HF,surface,0.0,0.0
350.0,2.1,Si_H_rich_F0,surface,100.0,0.1
350.0,2.1,Si_H_rich_F1,surface,0.0,0.0
350.0,2.1,Si_H_rich_F2,surface,0.0,0.0
350.0,2.1,Si_H_rich_F3,surface,0.0,0.0
350.0,2.1,Si_H_rich_residual,surface,0.0,0.0
350.0,2.1,Si_H_rich_F0_HF,surface,0.0,0.0
350.0,2.1,Si_H_rich_F1_HF,surface,0.0,0.0
350.0,2.1,Si_H_rich_F2_HF,surface,0.0,0.0
350.0,2.1,Si_H_rich_F3_HF,surface,0.0,0.0
350.0,2.1,bridge_N_F0,surface,7.9609375,0.0079609375
350.0,2.1,bridge_N_F1,surface,59.078125,0.059078125
350.0,2.1,bridge_N_F2,surface,82.5859375,0.0825859375
350.0,2.1,bridge_N_F3,surface,0.375,0.000375
350.0,2.1,bridge_N_residual,surface,0.0,0.0
350.0,2.1,bridge_N_F0_HF,surface,0.0,0.0
350.0,2.1,bridge_N_F1_HF,surface,0.0,0.0
350.0,2.1,bridge_N_F2_HF,surface,0.0,0.0
350.0,2.1,bridge_N_F3_HF,surface,0.0,0.0
350.0,2.1,pre_SiH2F,surface,81.2734375,0.0812734375
350.0,2.1,pre_SiH2F_HF,surface,0.0,0.0
350.0,2.1,pre_SiH2F_residual,surface,18.7265625,0.0187265625
350.0,2.1,pre_SiHF2,surface,99.8984375,0.0998984375
350.0,2.1,pre_SiHF2_HF,surface,0.0,0.0
350.0,2.1,pre_SiHF2_residual,surface,0.1015625,0.0001015625
350.0,2.1,Si_Si_F1,surface,67.8359375,0.0678359375
350.0,2.1,Si_Si_F1_HF,surface,0.0,0.0
350.0,2.1,Si_Si_cleaved_F2_H,surface,32.1640625,0.0321640625
350.0,2.1,HF,reservoir_net,-1047.65625,-1.04765625
350.0,2.1,H2,gas_product,0.0,0.0
350.0,2.1,NH3,gas_product,301.1796875,0.3011796875
350.0,2.1,SiF4,gas_product,37.8828125,0.0378828125
350.0,2.1,SiH2F2,gas_product,18.7265625,0.0187265625
350.0,2.1,SiHF3,gas_product,0.1015625,0.0001015625
350.0,2.15,bridge_NH_F0,surface,0.03125,3.125e-05
350.0,2.15,bridge_NH_F1,surface,212.9140625,0.2129140625
350.0,2.15,bridge_NH_F2,surface,41.8515625,0.0418515625
350.0,2.15,bridge_NH_F3,surface,7.3203125,0.0073203125
350.0,2.15,bridge_NH_residual,surface,37.8828125,0.0378828125
350.0,2.15,bridge_NH_F0_HF,surface,0.0,0.0
350.0,2.15,bridge_NH_F1_HF,surface,0.0,0.0
350.0,2.15,bridge_NH_F2_HF,surface,0.0,0.0
350.0,2.15,bridge_NH_F3_HF,surface,0.0,0.0
350.0,2.15,terminal_NH2_F0,surface,0.0,0.0
350.0,2.15,terminal_NH2_F1,surface,0.8671875,0.0008671875
350.0,2.15,terminal_NH2_F2,surface,147.0859375,0.1470859375
350.0,2.15,terminal_NH2_F3,surface,2.046875,0.002046875
350.0,2.15,terminal_NH2_residual,surface,0.0,0.0
350.0,2.15,terminal_NH2_F0_HF,surface,0.0,0.0
350.0,2.15,terminal_NH2_F1_HF,surface,0.0,0.0
350.0,2.15,terminal_NH2_F2_HF,surface,0.0,0.0
350.0,2.15,terminal_NH2_F3_HF,surface,0.0,0.0
350.0,2.15,Si_H_rich_F0,surface,100.0,0.1
350.0,2.15,Si_H_rich_F1,surface,0.0,0.0
350.0,2.15,Si_H_rich_F2,surface,0.0,0.0
350.0,2.15,Si_H_rich_F3,surface,0.0,0.0
350.0,2.15,Si_H_rich_residual,surface,0.0,0.0
350.0,2.15,Si_H_rich_F0_HF,surface,0.0,0.0
350.0,2.15,Si_H_rich_F1_HF,surface,0.0,0.0
350.0,2.15,Si_H_rich_F2_HF,surface,0.0,0.0
350.0,2.15,Si_H_rich_F3_HF,surface,0.0,0.0
350.0,2.15,bridge_N_F0,surface,7.9609375,0.0079609375
350.0,2.15,bridge_N_F1,surface,59.078125,0.059078125
350.0,2.15,bridge_N_F2,surface,82.5859375,0.0825859375
350.0,2.15,bridge_N_F3,surface,0.375,0.000375
350.0,2.15,bridge_N_residual,surface,0.0,0.0
350.0,2.15,bridge_N_F0_HF,surface,0.0,0.0
350.0,2.15,bridge_N_F1_HF,surface,0.0,0.0
350.0,2.15,bridge_N_F2_HF,surface,0.0,0.0
350.0,2.15,bridge_N_F3_HF,surface,0.0,0.0
350.0,2.15,pre_SiH2F,surface,81.2734375,0.0812734375
350.0,2.15,pre_SiH2F_HF,surface,0.0,0.0
350.0,2.15,pre_SiH2F_residual,surface,18.7265625,0.0187265625
350.0,2.15,pre_SiHF2,surface,99.8984375,0.0998984375
350.0,2.15,pre_SiHF2_HF,surface,0.0,0.0
350.0,2.15,pre_SiHF2_residual,surface,0.1015625,0.0001015625
350.0,2.15,Si_Si_F1,surface,67.8359375,0.0678359375
350.0,2.15,Si_Si_F1_HF,surface,0.0,0.0
350.0,2.15,Si_Si_cleaved_F2_H,surface,32.1640625,0.0321640625
350.0,2.15,HF,reservoir_net,-1047.65625,-1.04765625
350.0,2.15,H2,gas_product,0.0,0.0
350.0,2.15,NH3,gas_product,301.1796875,0.3011796875
350.0,2.15,SiF4,gas_product,37.8828125,0.0378828125
350.0,2.15,SiH2F2,gas_product,18.7265625,0.0187265625
350.0,2.15,SiHF3,gas_product,0.1015625,0.0001015625
350.0,2.2,bridge_NH_F0,surface,0.03125,3.125e-05
350.0,2.2,bridge_NH_F1,surface,212.9140625,0.2129140625
350.0,2.2,bridge_NH_F2,surface,41.8515625,0.0418515625
350.0,2.2,bridge_NH_F3,surface,7.3203125,0.0073203125
350.0,2.2,bridge_NH_residual,surface,37.8828125,0.0378828125
350.0,2.2,bridge_NH_F0_HF,surface,0.0,0.0
350.0,2.2,bridge_NH_F1_HF,surface,0.0,0.0
350.0,2.2,bridge_NH_F2_HF,surface,0.0,0.0
350.0,2.2,bridge_NH_F3_HF,surface,0.0,0.0
350.0,2.2,terminal_NH2_F0,surface,0.0,0.0
350.0,2.2,terminal_NH2_F1,surface,0.8671875,0.0008671875
350.0,2.2,terminal_NH2_F2,surface,147.0859375,0.1470859375
350.0,2.2,terminal_NH2_F3,surface,2.046875,0.002046875
350.0,2.2,terminal_NH2_residual,surface,0.0,0.0
350.0,2.2,terminal_NH2_F0_HF,surface,0.0,0.0
350.0,2.2,terminal_NH2_F1_HF,surface,0.0,0.0
350.0,2.2,terminal_NH2_F2_HF,surface,0.0,0.0
350.0,2.2,terminal_NH2_F3_HF,surface,0.0,0.0
350.0,2.2,Si_H_rich_F0,surface,100.0,0.1
350.0,2.2,Si_H_rich_F1,surface,0.0,0.0
350.0,2.2,Si_H_rich_F2,surface,0.0,0.0
350.0,2.2,Si_H_rich_F3,surface,0.0,0.0
350.0,2.2,Si_H_rich_residual,surface,0.0,0.0
350.0,2.2,Si_H_rich_F0_HF,surface,0.0,0.0
350.0,2.2,Si_H_rich_F1_HF,surface,0.0,0.0
350.0,2.2,Si_H_rich_F2_HF,surface,0.0,0.0
350.0,2.2,Si_H_rich_F3_HF,surface,0.0,0.0
350.0,2.2,bridge_N_F0,surface,7.9609375,0.0079609375
350.0,2.2,bridge_N_F1,surface,59.078125,0.059078125
350.0,2.2,bridge_N_F2,surface,82.5859375,0.0825859375
350.0,2.2,bridge_N_F3,surface,0.375,0.000375
350.0,2.2,bridge_N_residual,surface,0.0,0.0
350.0,2.2,bridge_N_F0_HF,surface,0.0,0.0
350.0,2.2,bridge_N_F1_HF,surface,0.0,0.0
350.0,2.2,bridge_N_F2_HF,surface,0.0,0.0
350.0,2.2,bridge_N_F3_HF,surface,0.0,0.0
350.0,2.2,pre_SiH2F,surface,81.2734375,0.0812734375
350.0,2.2,pre_SiH2F_HF,surface,0.0,0.0
350.0,2.2,pre_SiH2F_residual,surface,18.7265625,0.0187265625
350.0,2.2,pre_SiHF2,surface,99.8984375,0.0998984375
350.0,2.2,pre_SiHF2_HF,surface,0.0,0.0
350.0,2.2,pre_SiHF2_residual,surface,0.1015625,0.0001015625
350.0,2.2,Si_Si_F1,surface,67.8359375,0.0678359375
350.0,2.2,Si_Si_F1_HF,surface,0.0,0.0
350.0,2.2,Si_Si_cleaved_F2_H,surface,32.1640625,0.0321640625
350.0,2.2,HF,reservoir_net,-1047.65625,-1.04765625
350.0,2.2,H2,gas_product,0.0,0.0
350.0,2.2,NH3,gas_product,301.1796875,0.3011796875
350.0,2.2,SiF4,gas_product,37.8828125,0.0378828125
350.0,2.2,SiH2F2,gas_product,18.7265625,0.0187265625
350.0,2.2,SiHF3,gas_product,0.1015625,0.0001015625
350.0,2.25,bridge_NH_F0,surface,0.03125,3.125e-05
350.0,2.25,bridge_NH_F1,surface,212.9140625,0.2129140625
350.0,2.25,bridge_NH_F2,surface,41.8515625,0.0418515625
350.0,2.25,bridge_NH_F3,surface,7.3203125,0.0073203125
350.0,2.25,bridge_NH_residual,surface,37.8828125,0.0378828125
350.0,2.25,bridge_NH_F0_HF,surface,0.0,0.0
350.0,2.25,bridge_NH_F1_HF,surface,0.0,0.0
350.0,2.25,bridge_NH_F2_HF,surface,0.0,0.0
350.0,2.25,bridge_NH_F3_HF,surface,0.0,0.0
350.0,2.25,terminal_NH2_F0,surface,0.0,0.0
350.0,2.25,terminal_NH2_F1,surface,0.8671875,0.0008671875
350.0,2.25,terminal_NH2_F2,surface,147.0859375,0.1470859375
350.0,2.25,terminal_NH2_F3,surface,2.046875,0.002046875
350.0,2.25,terminal_NH2_residual,surface,0.0,0.0
350.0,2.25,terminal_NH2_F0_HF,surface,0.0,0.0
350.0,2.25,terminal_NH2_F1_HF,surface,0.0,0.0
350.0,2.25,terminal_NH2_F2_HF,surface,0.0,0.0
350.0,2.25,terminal_NH2_F3_HF,surface,0.0,0.0
350.0,2.25,Si_H_rich_F0,surface,100.0,0.1
350.0,2.25,Si_H_rich_F1,surface,0.0,0.0
350.0,2.25,Si_H_rich_F2,surface,0.0,0.0
350.0,2.25,Si_H_rich_F3,surface,0.0,0.0
350.0,2.25,Si_H_rich_residual,surface,0.0,0.0
350.0,2.25,Si_H_rich_F0_HF,surface,0.0,0.0
350.0,2.25,Si_H_rich_F1_HF,surface,0.0,0.0
350.0,2.25,Si_H_rich_F2_HF,surface,0.0,0.0
350.0,2.25,Si_H_rich_F3_HF,surface,0.0,0.0
350.0,2.25,bridge_N_F0,surface,7.9609375,0.0079609375
350.0,2.25,bridge_N_F1,surface,59.078125,0.059078125
350.0,2.25,bridge_N_F2,surface,82.5859375,0.0825859375
350.0,2.25,bridge_N_F3,surface,0.375,0.000375
350.0,2.25,bridge_N_residual,surface,0.0,0.0
350.0,2.25,bridge_N_F0_HF,surface,0.0,0.0
350.0,2.25,bridge_N_F1_HF,surface,0.0,0.0
350.0,2.25,bridge_N_F2_HF,surface,0.0,0.0
350.0,2.25,bridge_N_F3_HF,surface,0.0,0.0
350.0,2.25,pre_SiH2F,surface,81.2734375,0.0812734375
350.0,2.25,pre_SiH2F_HF,surface,0.0,0.0
350.0,2.25,pre_SiH2F_residual,surface,18.7265625,0.0187265625
350.0,2.25,pre_SiHF2,surface,99.8984375,0.0998984375
350.0,2.25,pre_SiHF2_HF,surface,0.0,0.0
350.0,2.25,pre_SiHF2_residual,surface,0.1015625,0.0001015625
350.0,2.25,Si_Si_F1,surface,67.8359375,0.0678359375
350.0,2.25,Si_Si_F1_HF,surface,0.0,0.0
350.0,2.25,Si_Si_cleaved_F2_H,surface,32.1640625,0.0321640625
350.0,2.25,HF,reservoir_net,-1047.65625,-1.04765625
350.0,2.25,H2,gas_product,0.0,0.0
350.0,2.25,NH3,gas_product,301.1796875,0.3011796875
350.0,2.25,SiF4,gas_product,37.8828125,0.0378828125
350.0,2.25,SiH2F2,gas_product,18.7265625,0.0187265625
350.0,2.25,SiHF3,gas_product,0.1015625,0.0001015625
350.0,2.3000000000000003,bridge_NH_F0,surface,0.03125,3.125e-05
350.0,2.3000000000000003,bridge_NH_F1,surface,212.9140625,0.2129140625
350.0,2.3000000000000003,bridge_NH_F2,surface,41.8515625,0.0418515625
350.0,2.3000000000000003,bridge_NH_F3,surface,7.3203125,0.0073203125
350.0,2.3000000000000003,bridge_NH_residual,surface,37.8828125,0.0378828125
350.0,2.3000000000000003,bridge_NH_F0_HF,surface,0.0,0.0
350.0,2.3000000000000003,bridge_NH_F1_HF,surface,0.0,0.0
350.0,2.3000000000000003,bridge_NH_F2_HF,surface,0.0,0.0
350.0,2.3000000000000003,bridge_NH_F3_HF,surface,0.0,0.0
350.0,2.3000000000000003,terminal_NH2_F0,surface,0.0,0.0
350.0,2.3000000000000003,terminal_NH2_F1,surface,0.8671875,0.0008671875
350.0,2.3000000000000003,terminal_NH2_F2,surface,147.0859375,0.1470859375
350.0,2.3000000000000003,terminal_NH2_F3,surface,2.046875,0.002046875
350.0,2.3000000000000003,terminal_NH2_residual,surface,0.0,0.0
350.0,2.3000000000000003,terminal_NH2_F0_HF,surface,0.0,0.0
350.0,2.3000000000000003,terminal_NH2_F1_HF,surface,0.0,0.0
350.0,2.3000000000000003,terminal_NH2_F2_HF,surface,0.0,0.0
350.0,2.3000000000000003,terminal_NH2_F3_HF,surface,0.0,0.0
350.0,2.3000000000000003,Si_H_rich_F0,surface,100.0,0.1
350.0,2.3000000000000003,Si_H_rich_F1,surface,0.0,0.0
350.0,2.3000000000000003,Si_H_rich_F2,surface,0.0,0.0
350.0,2.3000000000000003,Si_H_rich_F3,surface,0.0,0.0
350.0,2.3000000000000003,Si_H_rich_residual,surface,0.0,0.0
350.0,2.3000000000000003,Si_H_rich_F0_HF,surface,0.0,0.0
350.0,2.3000000000000003,Si_H_rich_F1_HF,surface,0.0,0.0
350.0,2.3000000000000003,Si_H_rich_F2_HF,surface,0.0,0.0
350.0,2.3000000000000003,Si_H_rich_F3_HF,surface,0.0,0.0
350.0,2.3000000000000003,bridge_N_F0,surface,7.9609375,0.0079609375
350.0,2.3000000000000003,bridge_N_F1,surface,59.078125,0.059078125
350.0,2.3000000000000003,bridge_N_F2,surface,82.5859375,0.0825859375
350.0,2.3000000000000003,bridge_N_F3,surface,0.375,0.000375
350.0,2.3000000000000003,bridge_N_residual,surface,0.0,0.0
350.0,2.3000000000000003,bridge_N_F0_HF,surface,0.0,0.0
350.0,2.3000000000000003,bridge_N_F1_HF,surface,0.0,0.0
350.0,2.3000000000000003,bridge_N_F2_HF,surface,0.0,0.0
350.0,2.3000000000000003,bridge_N_F3_HF,surface,0.0,0.0
350.0,2.3000000000000003,pre_SiH2F,surface,81.2734375,0.0812734375
350.0,2.3000000000000003,pre_SiH2F_HF,surface,0.0,0.0
350.0,2.3000000000000003,pre_SiH2F_residual,surface,18.7265625,0.0187265625
350.0,2.3000000000000003,pre_SiHF2,surface,99.8984375,0.0998984375
350.0,2.3000000000000003,pre_SiHF2_HF,surface,0.0,0.0
350.0,2.3000000000000003,pre_SiHF2_residual,surface,0.1015625,0.0001015625
350.0,2.3000000000000003,Si_Si_F1,surface,67.8359375,0.0678359375
350.0,2.3000000000000003,Si_Si_F1_HF,surface,0.0,0.0
350.0,2.3000000000000003,Si_Si_cleaved_F2_H,surface,32.1640625,0.0321640625
350.0,2.3000000000000003,HF,reservoir_net,-1047.65625,-1.04765625
350.0,2.3000000000000003,H2,gas_product,0.0,0.0
350.0,2.3000000000000003,NH3,gas_product,301.1796875,0.3011796875
350.0,2.3000000000000003,SiF4,gas_product,37.8828125,0.0378828125
350.0,2.3000000000000003,SiH2F2,gas_product,18.7265625,0.0187265625
350.0,2.3000000000000003,SiHF3,gas_product,0.1015625,0.0001015625
350.0,2.35,bridge_NH_F0,surface,0.03125,3.125e-05
350.0,2.35,bridge_NH_F1,surface,212.9140625,0.2129140625
350.0,2.35,bridge_NH_F2,surface,41.8515625,0.0418515625
350.0,2.35,bridge_NH_F3,surface,7.3203125,0.0073203125
350.0,2.35,bridge_NH_residual,surface,37.8828125,0.0378828125
350.0,2.35,bridge_NH_F0_HF,surface,0.0,0.0
350.0,2.35,bridge_NH_F1_HF,surface,0.0,0.0
350.0,2.35,bridge_NH_F2_HF,surface,0.0,0.0
350.0,2.35,bridge_NH_F3_HF,surface,0.0,0.0
350.0,2.35,terminal_NH2_F0,surface,0.0,0.0
350.0,2.35,terminal_NH2_F1,surface,0.8671875,0.0008671875
350.0,2.35,terminal_NH2_F2,surface,147.0859375,0.1470859375
350.0,2.35,terminal_NH2_F3,surface,2.046875,0.002046875
350.0,2.35,terminal_NH2_residual,surface,0.0,0.0
350.0,2.35,terminal_NH2_F0_HF,surface,0.0,0.0
350.0,2.35,terminal_NH2_F1_HF,surface,0.0,0.0
350.0,2.35,terminal_NH2_F2_HF,surface,0.0,0.0
350.0,2.35,terminal_NH2_F3_HF,surface,0.0,0.0
350.0,2.35,Si_H_rich_F0,surface,100.0,0.1
350.0,2.35,Si_H_rich_F1,surface,0.0,0.0
350.0,2.35,Si_H_rich_F2,surface,0.0,0.0
350.0,2.35,Si_H_rich_F3,surface,0.0,0.0
350.0,2.35,Si_H_rich_residual,surface,0.0,0.0
350.0,2.35,Si_H_rich_F0_HF,surface,0.0,0.0
350.0,2.35,Si_H_rich_F1_HF,surface,0.0,0.0
350.0,2.35,Si_H_rich_F2_HF,surface,0.0,0.0
350.0,2.35,Si_H_rich_F3_HF,surface,0.0,0.0
350.0,2.35,bridge_N_F0,surface,7.9609375,0.0079609375
350.0,2.35,bridge_N_F1,surface,59.078125,0.059078125
350.0,2.35,bridge_N_F2,surface,82.5859375,0.0825859375
350.0,2.35,bridge_N_F3,surface,0.375,0.000375
350.0,2.35,bridge_N_residual,surface,0.0,0.0
350.0,2.35,bridge_N_F0_HF,surface,0.0,0.0
350.0,2.35,bridge_N_F1_HF,surface,0.0,0.0
350.0,2.35,bridge_N_F2_HF,surface,0.0,0.0
350.0,2.35,bridge_N_F3_HF,surface,0.0,0.0
350.0,2.35,pre_SiH2F,surface,81.2734375,0.0812734375
350.0,2.35,pre_SiH2F_HF,surface,0.0,0.0
350.0,2.35,pre_SiH2F_residual,surface,18.7265625,0.0187265625
350.0,2.35,pre_SiHF2,surface,99.8984375,0.0998984375
350.0,2.35,pre_SiHF2_HF,surface,0.0,0.0
350.0,2.35,pre_SiHF2_residual,surface,0.1015625,0.0001015625
350.0,2.35,Si_Si_F1,surface,67.8359375,0.0678359375
350.0,2.35,Si_Si_F1_HF,surface,0.0,0.0
350.0,2.35,Si_Si_cleaved_F2_H,surface,32.1640625,0.0321640625
350.0,2.35,HF,reservoir_net,-1047.65625,-1.04765625
350.0,2.35,H2,gas_product,0.0,0.0
350.0,2.35,NH3,gas_product,301.1796875,0.3011796875
350.0,2.35,SiF4,gas_product,37.8828125,0.0378828125
350.0,2.35,SiH2F2,gas_product,18.7265625,0.0187265625
350.0,2.35,SiHF3,gas_product,0.1015625,0.0001015625
350.0,2.4000000000000004,bridge_NH_F0,surface,0.03125,3.125e-05
350.0,2.4000000000000004,bridge_NH_F1,surface,212.9140625,0.2129140625
350.0,2.4000000000000004,bridge_NH_F2,surface,41.8515625,0.0418515625
350.0,2.4000000000000004,bridge_NH_F3,surface,7.3203125,0.0073203125
350.0,2.4000000000000004,bridge_NH_residual,surface,37.8828125,0.0378828125
350.0,2.4000000000000004,bridge_NH_F0_HF,surface,0.0,0.0
350.0,2.4000000000000004,bridge_NH_F1_HF,surface,0.0,0.0
350.0,2.4000000000000004,bridge_NH_F2_HF,surface,0.0,0.0
350.0,2.4000000000000004,bridge_NH_F3_HF,surface,0.0,0.0
350.0,2.4000000000000004,terminal_NH2_F0,surface,0.0,0.0
350.0,2.4000000000000004,terminal_NH2_F1,surface,0.8671875,0.0008671875
350.0,2.4000000000000004,terminal_NH2_F2,surface,147.0859375,0.1470859375
350.0,2.4000000000000004,terminal_NH2_F3,surface,2.046875,0.002046875
350.0,2.4000000000000004,terminal_NH2_residual,surface,0.0,0.0
350.0,2.4000000000000004,terminal_NH2_F0_HF,surface,0.0,0.0
350.0,2.4000000000000004,terminal_NH2_F1_HF,surface,0.0,0.0
350.0,2.4000000000000004,terminal_NH2_F2_HF,surface,0.0,0.0
350.0,2.4000000000000004,terminal_NH2_F3_HF,surface,0.0,0.0
350.0,2.4000000000000004,Si_H_rich_F0,surface,100.0,0.1
350.0,2.4000000000000004,Si_H_rich_F1,surface,0.0,0.0
350.0,2.4000000000000004,Si_H_rich_F2,surface,0.0,0.0
350.0,2.4000000000000004,Si_H_rich_F3,surface,0.0,0.0
350.0,2.4000000000000004,Si_H_rich_residual,surface,0.0,0.0
350.0,2.4000000000000004,Si_H_rich_F0_HF,surface,0.0,0.0
350.0,2.4000000000000004,Si_H_rich_F1_HF,surface,0.0,0.0
350.0,2.4000000000000004,Si_H_rich_F2_HF,surface,0.0,0.0
350.0,2.4000000000000004,Si_H_rich_F3_HF,surface,0.0,0.0
350.0,2.4000000000000004,bridge_N_F0,surface,7.9609375,0.0079609375
350.0,2.4000000000000004,bridge_N_F1,surface,59.078125,0.059078125
350.0,2.4000000000000004,bridge_N_F2,surface,82.5859375,0.0825859375
350.0,2.4000000000000004,bridge_N_F3,surface,0.375,0.000375
350.0,2.4000000000000004,bridge_N_residual,surface,0.0,0.0
350.0,2.4000000000000004,bridge_N_F0_HF,surface,0.0,0.0
350.0,2.4000000000000004,bridge_N_F1_HF,surface,0.0,0.0
350.0,2.4000000000000004,bridge_N_F2_HF,surface,0.0,0.0
350.0,2.4000000000000004,bridge_N_F3_HF,surface,0.0,0.0
350.0,2.4000000000000004,pre_SiH2F,surface,81.2734375,0.0812734375
350.0,2.4000000000000004,pre_SiH2F_HF,surface,0.0,0.0
350.0,2.4000000000000004,pre_SiH2F_residual,surface,18.7265625,0.0187265625
350.0,2.4000000000000004,pre_SiHF2,surface,99.8984375,0.0998984375
350.0,2.4000000000000004,pre_SiHF2_HF,surface,0.0,0.0
350.0,2.4000000000000004,pre_SiHF2_residual,surface,0.1015625,0.0001015625
350.0,2.4000000000000004,Si_Si_F1,surface,67.8359375,0.0678359375
350.0,2.4000000000000004,Si_Si_F1_HF,surface,0.0,0.0
350.0,2.4000000000000004,Si_Si_cleaved_F2_H,surface,32.1640625,0.0321640625
350.0,2.4000000000000004,HF,reservoir_net,-1047.65625,-1.04765625
350.0,2.4000000000000004,H2,gas_product,0.0,0.0
350.0,2.4000000000000004,NH3,gas_product,301.1796875,0.3011796875
350.0,2.4000000000000004,SiF4,gas_product,37.8828125,0.0378828125
350.0,2.4000000000000004,SiH2F2,gas_product,18.7265625,0.0187265625
350.0,2.4000000000000004,SiHF3,gas_product,0.1015625,0.0001015625
350.0,2.45,bridge_NH_F0,surface,0.03125,3.125e-05
350.0,2.45,bridge_NH_F1,surface,212.9140625,0.2129140625
350.0,2.45,bridge_NH_F2,surface,41.8515625,0.0418515625
350.0,2.45,bridge_NH_F3,surface,7.3203125,0.0073203125
350.0,2.45,bridge_NH_residual,surface,37.8828125,0.0378828125
350.0,2.45,bridge_NH_F0_HF,surface,0.0,0.0
350.0,2.45,bridge_NH_F1_HF,surface,0.0,0.0
350.0,2.45,bridge_NH_F2_HF,surface,0.0,0.0
350.0,2.45,bridge_NH_F3_HF,surface,0.0,0.0
350.0,2.45,terminal_NH2_F0,surface,0.0,0.0
350.0,2.45,terminal_NH2_F1,surface,0.8671875,0.0008671875
350.0,2.45,terminal_NH2_F2,surface,147.0859375,0.1470859375
350.0,2.45,terminal_NH2_F3,surface,2.046875,0.002046875
350.0,2.45,terminal_NH2_residual,surface,0.0,0.0
350.0,2.45,terminal_NH2_F0_HF,surface,0.0,0.0
350.0,2.45,terminal_NH2_F1_HF,surface,0.0,0.0
350.0,2.45,terminal_NH2_F2_HF,surface,0.0,0.0
350.0,2.45,terminal_NH2_F3_HF,surface,0.0,0.0
350.0,2.45,Si_H_rich_F0,surface,100.0,0.1
350.0,2.45,Si_H_rich_F1,surface,0.0,0.0
350.0,2.45,Si_H_rich_F2,surface,0.0,0.0
350.0,2.45,Si_H_rich_F3,surface,0.0,0.0
350.0,2.45,Si_H_rich_residual,surface,0.0,0.0
350.0,2.45,Si_H_rich_F0_HF,surface,0.0,0.0
350.0,2.45,Si_H_rich_F1_HF,surface,0.0,0.0
350.0,2.45,Si_H_rich_F2_HF,surface,0.0,0.0
350.0,2.45,Si_H_rich_F3_HF,surface,0.0,0.0
350.0,2.45,bridge_N_F0,surface,7.9609375,0.0079609375
350.0,2.45,bridge_N_F1,surface,59.078125,0.059078125
350.0,2.45,bridge_N_F2,surface,82.5859375,0.0825859375
350.0,2.45,bridge_N_F3,surface,0.375,0.000375
350.0,2.45,bridge_N_residual,surface,0.0,0.0
350.0,2.45,bridge_N_F0_HF,surface,0.0,0.0
350.0,2.45,bridge_N_F1_HF,surface,0.0,0.0
350.0,2.45,bridge_N_F2_HF,surface,0.0,0.0
350.0,2.45,bridge_N_F3_HF,surface,0.0,0.0
350.0,2.45,pre_SiH2F,surface,81.2734375,0.0812734375
350.0,2.45,pre_SiH2F_HF,surface,0.0,0.0
350.0,2.45,pre_SiH2F_residual,surface,18.7265625,0.0187265625
350.0,2.45,pre_SiHF2,surface,99.8984375,0.0998984375
350.0,2.45,pre_SiHF2_HF,surface,0.0,0.0
350.0,2.45,pre_SiHF2_residual,surface,0.1015625,0.0001015625
350.0,2.45,Si_Si_F1,surface,67.8359375,0.0678359375
350.0,2.45,Si_Si_F1_HF,surface,0.0,0.0
350.0,2.45,Si_Si_cleaved_F2_H,surface,32.1640625,0.0321640625
350.0,2.45,HF,reservoir_net,-1047.65625,-1.04765625
350.0,2.45,H2,gas_product,0.0,0.0
350.0,2.45,NH3,gas_product,301.1796875,0.3011796875
350.0,2.45,SiF4,gas_product,37.8828125,0.0378828125
350.0,2.45,SiH2F2,gas_product,18.7265625,0.0187265625
350.0,2.45,SiHF3,gas_product,0.1015625,0.0001015625
350.0,2.5,bridge_NH_F0,surface,0.03125,3.125e-05
350.0,2.5,bridge_NH_F1,surface,212.9140625,0.2129140625
350.0,2.5,bridge_NH_F2,surface,41.8515625,0.0418515625
350.0,2.5,bridge_NH_F3,surface,7.3203125,0.0073203125
350.0,2.5,bridge_NH_residual,surface,37.8828125,0.0378828125
350.0,2.5,bridge_NH_F0_HF,surface,0.0,0.0
350.0,2.5,bridge_NH_F1_HF,surface,0.0,0.0
350.0,2.5,bridge_NH_F2_HF,surface,0.0,0.0
350.0,2.5,bridge_NH_F3_HF,surface,0.0,0.0
350.0,2.5,terminal_NH2_F0,surface,0.0,0.0
350.0,2.5,terminal_NH2_F1,surface,0.8671875,0.0008671875
350.0,2.5,terminal_NH2_F2,surface,147.0859375,0.1470859375
350.0,2.5,terminal_NH2_F3,surface,2.046875,0.002046875
350.0,2.5,terminal_NH2_residual,surface,0.0,0.0
350.0,2.5,terminal_NH2_F0_HF,surface,0.0,0.0
350.0,2.5,terminal_NH2_F1_HF,surface,0.0,0.0
350.0,2.5,terminal_NH2_F2_HF,surface,0.0,0.0
350.0,2.5,terminal_NH2_F3_HF,surface,0.0,0.0
350.0,2.5,Si_H_rich_F0,surface,100.0,0.1
350.0,2.5,Si_H_rich_F1,surface,0.0,0.0
350.0,2.5,Si_H_rich_F2,surface,0.0,0.0
350.0,2.5,Si_H_rich_F3,surface,0.0,0.0
350.0,2.5,Si_H_rich_residual,surface,0.0,0.0
350.0,2.5,Si_H_rich_F0_HF,surface,0.0,0.0
350.0,2.5,Si_H_rich_F1_HF,surface,0.0,0.0
350.0,2.5,Si_H_rich_F2_HF,surface,0.0,0.0
350.0,2.5,Si_H_rich_F3_HF,surface,0.0,0.0
350.0,2.5,bridge_N_F0,surface,7.9609375,0.0079609375
350.0,2.5,bridge_N_F1,surface,59.078125,0.059078125
350.0,2.5,bridge_N_F2,surface,82.5859375,0.0825859375
350.0,2.5,bridge_N_F3,surface,0.375,0.000375
350.0,2.5,bridge_N_residual,surface,0.0,0.0
350.0,2.5,bridge_N_F0_HF,surface,0.0,0.0
350.0,2.5,bridge_N_F1_HF,surface,0.0,0.0
350.0,2.5,bridge_N_F2_HF,surface,0.0,0.0
350.0,2.5,bridge_N_F3_HF,surface,0.0,0.0
350.0,2.5,pre_SiH2F,surface,81.2734375,0.0812734375
350.0,2.5,pre_SiH2F_HF,surface,0.0,0.0
350.0,2.5,pre_SiH2F_residual,surface,18.7265625,0.0187265625
350.0,2.5,pre_SiHF2,surface,99.8984375,0.0998984375
350.0,2.5,pre_SiHF2_HF,surface,0.0,0.0
350.0,2.5,pre_SiHF2_residual,surface,0.1015625,0.0001015625
350.0,2.5,Si_Si_F1,surface,67.8359375,0.0678359375
350.0,2.5,Si_Si_F1_HF,surface,0.0,0.0
350.0,2.5,Si_Si_cleaved_F2_H,surface,32.1640625,0.0321640625
350.0,2.5,HF,reservoir_net,-1047.65625,-1.04765625
350.0,2.5,H2,gas_product,0.0,0.0
350.0,2.5,NH3,gas_product,301.1796875,0.3011796875
350.0,2.5,SiF4,gas_product,37.8828125,0.0378828125
350.0,2.5,SiH2F2,gas_product,18.7265625,0.0187265625
350.0,2.5,SiHF3,gas_product,0.1015625,0.0001015625
350.0,2.5500000000000003,bridge_NH_F0,surface,0.03125,3.125e-05
350.0,2.5500000000000003,bridge_NH_F1,surface,212.9140625,0.2129140625
350.0,2.5500000000000003,bridge_NH_F2,surface,41.8515625,0.0418515625
350.0,2.5500000000000003,bridge_NH_F3,surface,7.3203125,0.0073203125
350.0,2.5500000000000003,bridge_NH_residual,surface,37.8828125,0.0378828125
350.0,2.5500000000000003,bridge_NH_F0_HF,surface,0.0,0.0
350.0,2.5500000000000003,bridge_NH_F1_HF,surface,0.0,0.0
350.0,2.5500000000000003,bridge_NH_F2_HF,surface,0.0,0.0
350.0,2.5500000000000003,bridge_NH_F3_HF,surface,0.0,0.0
350.0,2.5500000000000003,terminal_NH2_F0,surface,0.0,0.0
350.0,2.5500000000000003,terminal_NH2_F1,surface,0.8671875,0.0008671875
350.0,2.5500000000000003,terminal_NH2_F2,surface,147.0859375,0.1470859375
350.0,2.5500000000000003,terminal_NH2_F3,surface,2.046875,0.002046875
350.0,2.5500000000000003,terminal_NH2_residual,surface,0.0,0.0
350.0,2.5500000000000003,terminal_NH2_F0_HF,surface,0.0,0.0
350.0,2.5500000000000003,terminal_NH2_F1_HF,surface,0.0,0.0
350.0,2.5500000000000003,terminal_NH2_F2_HF,surface,0.0,0.0
350.0,2.5500000000000003,terminal_NH2_F3_HF,surface,0.0,0.0
350.0,2.5500000000000003,Si_H_rich_F0,surface,100.0,0.1
350.0,2.5500000000000003,Si_H_rich_F1,surface,0.0,0.0
350.0,2.5500000000000003,Si_H_rich_F2,surface,0.0,0.0
350.0,2.5500000000000003,Si_H_rich_F3,surface,0.0,0.0
350.0,2.5500000000000003,Si_H_rich_residual,surface,0.0,0.0
350.0,2.5500000000000003,Si_H_rich_F0_HF,surface,0.0,0.0
350.0,2.5500000000000003,Si_H_rich_F1_HF,surface,0.0,0.0
350.0,2.5500000000000003,Si_H_rich_F2_HF,surface,0.0,0.0
350.0,2.5500000000000003,Si_H_rich_F3_HF,surface,0.0,0.0
350.0,2.5500000000000003,bridge_N_F0,surface,7.9609375,0.0079609375
350.0,2.5500000000000003,bridge_N_F1,surface,59.078125,0.059078125
350.0,2.5500000000000003,bridge_N_F2,surface,82.5859375,0.0825859375
350.0,2.5500000000000003,bridge_N_F3,surface,0.375,0.000375
350.0,2.5500000000000003,bridge_N_residual,surface,0.0,0.0
350.0,2.5500000000000003,bridge_N_F0_HF,surface,0.0,0.0
350.0,2.5500000000000003,bridge_N_F1_HF,surface,0.0,0.0
350.0,2.5500000000000003,bridge_N_F2_HF,surface,0.0,0.0
350.0,2.5500000000000003,bridge_N_F3_HF,surface,0.0,0.0
350.0,2.5500000000000003,pre_SiH2F,surface,81.2734375,0.0812734375
350.0,2.5500000000000003,pre_SiH2F_HF,surface,0.0,0.0
350.0,2.5500000000000003,pre_SiH2F_residual,surface,18.7265625,0.0187265625
350.0,2.5500000000000003,pre_SiHF2,surface,99.8984375,0.0998984375
350.0,2.5500000000000003,pre_SiHF2_HF,surface,0.0,0.0
350.0,2.5500000000000003,pre_SiHF2_residual,surface,0.1015625,0.0001015625
350.0,2.5500000000000003,Si_Si_F1,surface,67.8359375,0.0678359375
350.0,2.5500000000000003,Si_Si_F1_HF,surface,0.0,0.0
350.0,2.5500000000000003,Si_Si_cleaved_F2_H,surface,32.1640625,0.0321640625
350.0,2.5500000000000003,HF,reservoir_net,-1047.65625,-1.04765625
350.0,2.5500000000000003,H2,gas_product,0.0,0.0
350.0,2.5500000000000003,NH3,gas_product,301.1796875,0.3011796875
350.0,2.5500000000000003,SiF4,gas_product,37.8828125,0.0378828125
350.0,2.5500000000000003,SiH2F2,gas_product,18.7265625,0.0187265625
350.0,2.5500000000000003,SiHF3,gas_product,0.1015625,0.0001015625
350.0,2.6,bridge_NH_F0,surface,0.03125,3.125e-05
350.0,2.6,bridge_NH_F1,surface,212.9140625,0.2129140625
350.0,2.6,bridge_NH_F2,surface,41.8515625,0.0418515625
350.0,2.6,bridge_NH_F3,surface,7.3203125,0.0073203125
350.0,2.6,bridge_NH_residual,surface,37.8828125,0.0378828125
350.0,2.6,bridge_NH_F0_HF,surface,0.0,0.0
350.0,2.6,bridge_NH_F1_HF,surface,0.0,0.0
350.0,2.6,bridge_NH_F2_HF,surface,0.0,0.0
350.0,2.6,bridge_NH_F3_HF,surface,0.0,0.0
350.0,2.6,terminal_NH2_F0,surface,0.0,0.0
350.0,2.6,terminal_NH2_F1,surface,0.8671875,0.0008671875
350.0,2.6,terminal_NH2_F2,surface,147.0859375,0.1470859375
350.0,2.6,terminal_NH2_F3,surface,2.046875,0.002046875
350.0,2.6,terminal_NH2_residual,surface,0.0,0.0
350.0,2.6,terminal_NH2_F0_HF,surface,0.0,0.0
350.0,2.6,terminal_NH2_F1_HF,surface,0.0,0.0
350.0,2.6,terminal_NH2_F2_HF,surface,0.0,0.0
350.0,2.6,terminal_NH2_F3_HF,surface,0.0,0.0
350.0,2.6,Si_H_rich_F0,surface,100.0,0.1
350.0,2.6,Si_H_rich_F1,surface,0.0,0.0
350.0,2.6,Si_H_rich_F2,surface,0.0,0.0
350.0,2.6,Si_H_rich_F3,surface,0.0,0.0
350.0,2.6,Si_H_rich_residual,surface,0.0,0.0
350.0,2.6,Si_H_rich_F0_HF,surface,0.0,0.0
350.0,2.6,Si_H_rich_F1_HF,surface,0.0,0.0
350.0,2.6,Si_H_rich_F2_HF,surface,0.0,0.0
350.0,2.6,Si_H_rich_F3_HF,surface,0.0,0.0
350.0,2.6,bridge_N_F0,surface,7.9609375,0.0079609375
350.0,2.6,bridge_N_F1,surface,59.078125,0.059078125
350.0,2.6,bridge_N_F2,surface,82.5859375,0.0825859375
350.0,2.6,bridge_N_F3,surface,0.375,0.000375
350.0,2.6,bridge_N_residual,surface,0.0,0.0
350.0,2.6,bridge_N_F0_HF,surface,0.0,0.0
350.0,2.6,bridge_N_F1_HF,surface,0.0,0.0
350.0,2.6,bridge_N_F2_HF,surface,0.0,0.0
350.0,2.6,bridge_N_F3_HF,surface,0.0,0.0
350.0,2.6,pre_SiH2F,surface,81.2734375,0.0812734375
350.0,2.6,pre_SiH2F_HF,surface,0.0,0.0
350.0,2.6,pre_SiH2F_residual,surface,18.7265625,0.0187265625
350.0,2.6,pre_SiHF2,surface,99.8984375,0.0998984375
350.0,2.6,pre_SiHF2_HF,surface,0.0,0.0
350.0,2.6,pre_SiHF2_residual,surface,0.1015625,0.0001015625
350.0,2.6,Si_Si_F1,surface,67.8359375,0.0678359375
350.0,2.6,Si_Si_F1_HF,surface,0.0,0.0
350.0,2.6,Si_Si_cleaved_F2_H,surface,32.1640625,0.0321640625
350.0,2.6,HF,reservoir_net,-1047.65625,-1.04765625
350.0,2.6,H2,gas_product,0.0,0.0
350.0,2.6,NH3,gas_product,301.1796875,0.3011796875
350.0,2.6,SiF4,gas_product,37.8828125,0.0378828125
350.0,2.6,SiH2F2,gas_product,18.7265625,0.0187265625
350.0,2.6,SiHF3,gas_product,0.1015625,0.0001015625
350.0,2.6500000000000004,bridge_NH_F0,surface,0.03125,3.125e-05
350.0,2.6500000000000004,bridge_NH_F1,surface,212.9140625,0.2129140625
350.0,2.6500000000000004,bridge_NH_F2,surface,41.8515625,0.0418515625
350.0,2.6500000000000004,bridge_NH_F3,surface,7.3203125,0.0073203125
350.0,2.6500000000000004,bridge_NH_residual,surface,37.8828125,0.0378828125
350.0,2.6500000000000004,bridge_NH_F0_HF,surface,0.0,0.0
350.0,2.6500000000000004,bridge_NH_F1_HF,surface,0.0,0.0
350.0,2.6500000000000004,bridge_NH_F2_HF,surface,0.0,0.0
350.0,2.6500000000000004,bridge_NH_F3_HF,surface,0.0,0.0
350.0,2.6500000000000004,terminal_NH2_F0,surface,0.0,0.0
350.0,2.6500000000000004,terminal_NH2_F1,surface,0.8671875,0.0008671875
350.0,2.6500000000000004,terminal_NH2_F2,surface,147.0859375,0.1470859375
350.0,2.6500000000000004,terminal_NH2_F3,surface,2.046875,0.002046875
350.0,2.6500000000000004,terminal_NH2_residual,surface,0.0,0.0
350.0,2.6500000000000004,terminal_NH2_F0_HF,surface,0.0,0.0
350.0,2.6500000000000004,terminal_NH2_F1_HF,surface,0.0,0.0
350.0,2.6500000000000004,terminal_NH2_F2_HF,surface,0.0,0.0
350.0,2.6500000000000004,terminal_NH2_F3_HF,surface,0.0,0.0
350.0,2.6500000000000004,Si_H_rich_F0,surface,100.0,0.1
350.0,2.6500000000000004,Si_H_rich_F1,surface,0.0,0.0
350.0,2.6500000000000004,Si_H_rich_F2,surface,0.0,0.0
350.0,2.6500000000000004,Si_H_rich_F3,surface,0.0,0.0
350.0,2.6500000000000004,Si_H_rich_residual,surface,0.0,0.0
350.0,2.6500000000000004,Si_H_rich_F0_HF,surface,0.0,0.0
350.0,2.6500000000000004,Si_H_rich_F1_HF,surface,0.0,0.0
350.0,2.6500000000000004,Si_H_rich_F2_HF,surface,0.0,0.0
350.0,2.6500000000000004,Si_H_rich_F3_HF,surface,0.0,0.0
350.0,2.6500000000000004,bridge_N_F0,surface,7.9609375,0.0079609375
350.0,2.6500000000000004,bridge_N_F1,surface,59.078125,0.059078125
350.0,2.6500000000000004,bridge_N_F2,surface,82.5859375,0.0825859375
350.0,2.6500000000000004,bridge_N_F3,surface,0.375,0.000375
350.0,2.6500000000000004,bridge_N_residual,surface,0.0,0.0
350.0,2.6500000000000004,bridge_N_F0_HF,surface,0.0,0.0
350.0,2.6500000000000004,bridge_N_F1_HF,surface,0.0,0.0
350.0,2.6500000000000004,bridge_N_F2_HF,surface,0.0,0.0
350.0,2.6500000000000004,bridge_N_F3_HF,surface,0.0,0.0
350.0,2.6500000000000004,pre_SiH2F,surface,81.2734375,0.0812734375
350.0,2.6500000000000004,pre_SiH2F_HF,surface,0.0,0.0
350.0,2.6500000000000004,pre_SiH2F_residual,surface,18.7265625,0.0187265625
350.0,2.6500000000000004,pre_SiHF2,surface,99.8984375,0.0998984375
350.0,2.6500000000000004,pre_SiHF2_HF,surface,0.0,0.0
350.0,2.6500000000000004,pre_SiHF2_residual,surface,0.1015625,0.0001015625
350.0,2.6500000000000004,Si_Si_F1,surface,67.8359375,0.0678359375
350.0,2.6500000000000004,Si_Si_F1_HF,surface,0.0,0.0
350.0,2.6500000000000004,Si_Si_cleaved_F2_H,surface,32.1640625,0.0321640625
350.0,2.6500000000000004,HF,reservoir_net,-1047.65625,-1.04765625
350.0,2.6500000000000004,H2,gas_product,0.0,0.0
350.0,2.6500000000000004,NH3,gas_product,301.1796875,0.3011796875
350.0,2.6500000000000004,SiF4,gas_product,37.8828125,0.0378828125
350.0,2.6500000000000004,SiH2F2,gas_product,18.7265625,0.0187265625
350.0,2.6500000000000004,SiHF3,gas_product,0.1015625,0.0001015625
350.0,2.7,bridge_NH_F0,surface,0.03125,3.125e-05
350.0,2.7,bridge_NH_F1,surface,212.9140625,0.2129140625
350.0,2.7,bridge_NH_F2,surface,41.8515625,0.0418515625
350.0,2.7,bridge_NH_F3,surface,7.3203125,0.0073203125
350.0,2.7,bridge_NH_residual,surface,37.8828125,0.0378828125
350.0,2.7,bridge_NH_F0_HF,surface,0.0,0.0
350.0,2.7,bridge_NH_F1_HF,surface,0.0,0.0
350.0,2.7,bridge_NH_F2_HF,surface,0.0,0.0
350.0,2.7,bridge_NH_F3_HF,surface,0.0,0.0
350.0,2.7,terminal_NH2_F0,surface,0.0,0.0
350.0,2.7,terminal_NH2_F1,surface,0.8671875,0.0008671875
350.0,2.7,terminal_NH2_F2,surface,147.0859375,0.1470859375
350.0,2.7,terminal_NH2_F3,surface,2.046875,0.002046875
350.0,2.7,terminal_NH2_residual,surface,0.0,0.0
350.0,2.7,terminal_NH2_F0_HF,surface,0.0,0.0
350.0,2.7,terminal_NH2_F1_HF,surface,0.0,0.0
350.0,2.7,terminal_NH2_F2_HF,surface,0.0,0.0
350.0,2.7,terminal_NH2_F3_HF,surface,0.0,0.0
350.0,2.7,Si_H_rich_F0,surface,100.0,0.1
350.0,2.7,Si_H_rich_F1,surface,0.0,0.0
350.0,2.7,Si_H_rich_F2,surface,0.0,0.0
350.0,2.7,Si_H_rich_F3,surface,0.0,0.0
350.0,2.7,Si_H_rich_residual,surface,0.0,0.0
350.0,2.7,Si_H_rich_F0_HF,surface,0.0,0.0
350.0,2.7,Si_H_rich_F1_HF,surface,0.0,0.0
350.0,2.7,Si_H_rich_F2_HF,surface,0.0,0.0
350.0,2.7,Si_H_rich_F3_HF,surface,0.0,0.0
350.0,2.7,bridge_N_F0,surface,7.9609375,0.0079609375
350.0,2.7,bridge_N_F1,surface,59.078125,0.059078125
350.0,2.7,bridge_N_F2,surface,82.5859375,0.0825859375
350.0,2.7,bridge_N_F3,surface,0.375,0.000375
350.0,2.7,bridge_N_residual,surface,0.0,0.0
350.0,2.7,bridge_N_F0_HF,surface,0.0,0.0
350.0,2.7,bridge_N_F1_HF,surface,0.0,0.0
350.0,2.7,bridge_N_F2_HF,surface,0.0,0.0
350.0,2.7,bridge_N_F3_HF,surface,0.0,0.0
350.0,2.7,pre_SiH2F,surface,81.2734375,0.0812734375
350.0,2.7,pre_SiH2F_HF,surface,0.0,0.0
350.0,2.7,pre_SiH2F_residual,surface,18.7265625,0.0187265625
350.0,2.7,pre_SiHF2,surface,99.8984375,0.0998984375
350.0,2.7,pre_SiHF2_HF,surface,0.0,0.0
350.0,2.7,pre_SiHF2_residual,surface,0.1015625,0.0001015625
350.0,2.7,Si_Si_F1,surface,67.8359375,0.0678359375
350.0,2.7,Si_Si_F1_HF,surface,0.0,0.0
350.0,2.7,Si_Si_cleaved_F2_H,surface,32.1640625,0.0321640625
350.0,2.7,HF,reservoir_net,-1047.65625,-1.04765625
350.0,2.7,H2,gas_product,0.0,0.0
350.0,2.7,NH3,gas_product,301.1796875,0.3011796875
350.0,2.7,SiF4,gas_product,37.8828125,0.0378828125
350.0,2.7,SiH2F2,gas_product,18.7265625,0.0187265625
350.0,2.7,SiHF3,gas_product,0.1015625,0.0001015625
350.0,2.75,bridge_NH_F0,surface,0.03125,3.125e-05
350.0,2.75,bridge_NH_F1,surface,212.9140625,0.2129140625
350.0,2.75,bridge_NH_F2,surface,41.8515625,0.0418515625
350.0,2.75,bridge_NH_F3,surface,7.3203125,0.0073203125
350.0,2.75,bridge_NH_residual,surface,37.8828125,0.0378828125
350.0,2.75,bridge_NH_F0_HF,surface,0.0,0.0
350.0,2.75,bridge_NH_F1_HF,surface,0.0,0.0
350.0,2.75,bridge_NH_F2_HF,surface,0.0,0.0
350.0,2.75,bridge_NH_F3_HF,surface,0.0,0.0
350.0,2.75,terminal_NH2_F0,surface,0.0,0.0
350.0,2.75,terminal_NH2_F1,surface,0.8671875,0.0008671875
350.0,2.75,terminal_NH2_F2,surface,147.0859375,0.1470859375
350.0,2.75,terminal_NH2_F3,surface,2.046875,0.002046875
350.0,2.75,terminal_NH2_residual,surface,0.0,0.0
350.0,2.75,terminal_NH2_F0_HF,surface,0.0,0.0
350.0,2.75,terminal_NH2_F1_HF,surface,0.0,0.0
350.0,2.75,terminal_NH2_F2_HF,surface,0.0,0.0
350.0,2.75,terminal_NH2_F3_HF,surface,0.0,0.0
350.0,2.75,Si_H_rich_F0,surface,100.0,0.1
350.0,2.75,Si_H_rich_F1,surface,0.0,0.0
350.0,2.75,Si_H_rich_F2,surface,0.0,0.0
350.0,2.75,Si_H_rich_F3,surface,0.0,0.0
350.0,2.75,Si_H_rich_residual,surface,0.0,0.0
350.0,2.75,Si_H_rich_F0_HF,surface,0.0,0.0
350.0,2.75,Si_H_rich_F1_HF,surface,0.0,0.0
350.0,2.75,Si_H_rich_F2_HF,surface,0.0,0.0
350.0,2.75,Si_H_rich_F3_HF,surface,0.0,0.0
350.0,2.75,bridge_N_F0,surface,7.9609375,0.0079609375
350.0,2.75,bridge_N_F1,surface,59.078125,0.059078125
350.0,2.75,bridge_N_F2,surface,82.5859375,0.0825859375
350.0,2.75,bridge_N_F3,surface,0.375,0.000375
350.0,2.75,bridge_N_residual,surface,0.0,0.0
350.0,2.75,bridge_N_F0_HF,surface,0.0,0.0
350.0,2.75,bridge_N_F1_HF,surface,0.0,0.0
350.0,2.75,bridge_N_F2_HF,surface,0.0,0.0
350.0,2.75,bridge_N_F3_HF,surface,0.0,0.0
350.0,2.75,pre_SiH2F,surface,81.2734375,0.0812734375
350.0,2.75,pre_SiH2F_HF,surface,0.0,0.0
350.0,2.75,pre_SiH2F_residual,surface,18.7265625,0.0187265625
350.0,2.75,pre_SiHF2,surface,99.8984375,0.0998984375
350.0,2.75,pre_SiHF2_HF,surface,0.0,0.0
350.0,2.75,pre_SiHF2_residual,surface,0.1015625,0.0001015625
350.0,2.75,Si_Si_F1,surface,67.8359375,0.0678359375
350.0,2.75,Si_Si_F1_HF,surface,0.0,0.0
350.0,2.75,Si_Si_cleaved_F2_H,surface,32.1640625,0.0321640625
350.0,2.75,HF,reservoir_net,-1047.65625,-1.04765625
350.0,2.75,H2,gas_product,0.0,0.0
350.0,2.75,NH3,gas_product,301.1796875,0.3011796875
350.0,2.75,SiF4,gas_product,37.8828125,0.0378828125
350.0,2.75,SiH2F2,gas_product,18.7265625,0.0187265625
350.0,2.75,SiHF3,gas_product,0.1015625,0.0001015625
350.0,2.8000000000000003,bridge_NH_F0,surface,0.03125,3.125e-05
350.0,2.8000000000000003,bridge_NH_F1,surface,212.9140625,0.2129140625
350.0,2.8000000000000003,bridge_NH_F2,surface,41.8515625,0.0418515625
350.0,2.8000000000000003,bridge_NH_F3,surface,7.3203125,0.0073203125
350.0,2.8000000000000003,bridge_NH_residual,surface,37.8828125,0.0378828125
350.0,2.8000000000000003,bridge_NH_F0_HF,surface,0.0,0.0
350.0,2.8000000000000003,bridge_NH_F1_HF,surface,0.0,0.0
350.0,2.8000000000000003,bridge_NH_F2_HF,surface,0.0,0.0
350.0,2.8000000000000003,bridge_NH_F3_HF,surface,0.0,0.0
350.0,2.8000000000000003,terminal_NH2_F0,surface,0.0,0.0
350.0,2.8000000000000003,terminal_NH2_F1,surface,0.8671875,0.0008671875
350.0,2.8000000000000003,terminal_NH2_F2,surface,147.0859375,0.1470859375
350.0,2.8000000000000003,terminal_NH2_F3,surface,2.046875,0.002046875
350.0,2.8000000000000003,terminal_NH2_residual,surface,0.0,0.0
350.0,2.8000000000000003,terminal_NH2_F0_HF,surface,0.0,0.0
350.0,2.8000000000000003,terminal_NH2_F1_HF,surface,0.0,0.0
350.0,2.8000000000000003,terminal_NH2_F2_HF,surface,0.0,0.0
350.0,2.8000000000000003,terminal_NH2_F3_HF,surface,0.0,0.0
350.0,2.8000000000000003,Si_H_rich_F0,surface,100.0,0.1
350.0,2.8000000000000003,Si_H_rich_F1,surface,0.0,0.0
350.0,2.8000000000000003,Si_H_rich_F2,surface,0.0,0.0
350.0,2.8000000000000003,Si_H_rich_F3,surface,0.0,0.0
350.0,2.8000000000000003,Si_H_rich_residual,surface,0.0,0.0
350.0,2.8000000000000003,Si_H_rich_F0_HF,surface,0.0,0.0
350.0,2.8000000000000003,Si_H_rich_F1_HF,surface,0.0,0.0
350.0,2.8000000000000003,Si_H_rich_F2_HF,surface,0.0,0.0
350.0,2.8000000000000003,Si_H_rich_F3_HF,surface,0.0,0.0
350.0,2.8000000000000003,bridge_N_F0,surface,7.9609375,0.0079609375
350.0,2.8000000000000003,bridge_N_F1,surface,59.078125,0.059078125
350.0,2.8000000000000003,bridge_N_F2,surface,82.5859375,0.0825859375
350.0,2.8000000000000003,bridge_N_F3,surface,0.375,0.000375
350.0,2.8000000000000003,bridge_N_residual,surface,0.0,0.0
350.0,2.8000000000000003,bridge_N_F0_HF,surface,0.0,0.0
350.0,2.8000000000000003,bridge_N_F1_HF,surface,0.0,0.0
350.0,2.8000000000000003,bridge_N_F2_HF,surface,0.0,0.0
350.0,2.8000000000000003,bridge_N_F3_HF,surface,0.0,0.0
350.0,2.8000000000000003,pre_SiH2F,surface,81.2734375,0.0812734375
350.0,2.8000000000000003,pre_SiH2F_HF,surface,0.0,0.0
350.0,2.8000000000000003,pre_SiH2F_residual,surface,18.7265625,0.0187265625
350.0,2.8000000000000003,pre_SiHF2,surface,99.8984375,0.0998984375
350.0,2.8000000000000003,pre_SiHF2_HF,surface,0.0,0.0
350.0,2.8000000000000003,pre_SiHF2_residual,surface,0.1015625,0.0001015625
350.0,2.8000000000000003,Si_Si_F1,surface,67.8359375,0.0678359375
350.0,2.8000000000000003,Si_Si_F1_HF,surface,0.0,0.0
350.0,2.8000000000000003,Si_Si_cleaved_F2_H,surface,32.1640625,0.0321640625
350.0,2.8000000000000003,HF,reservoir_net,-1047.65625,-1.04765625
350.0,2.8000000000000003,H2,gas_product,0.0,0.0
350.0,2.8000000000000003,NH3,gas_product,301.1796875,0.3011796875
350.0,2.8000000000000003,SiF4,gas_product,37.8828125,0.0378828125
350.0,2.8000000000000003,SiH2F2,gas_product,18.7265625,0.0187265625
350.0,2.8000000000000003,SiHF3,gas_product,0.1015625,0.0001015625
350.0,2.85,bridge_NH_F0,surface,0.03125,3.125e-05
350.0,2.85,bridge_NH_F1,surface,212.9140625,0.2129140625
350.0,2.85,bridge_NH_F2,surface,41.8515625,0.0418515625
350.0,2.85,bridge_NH_F3,surface,7.3203125,0.0073203125
350.0,2.85,bridge_NH_residual,surface,37.8828125,0.0378828125
350.0,2.85,bridge_NH_F0_HF,surface,0.0,0.0
350.0,2.85,bridge_NH_F1_HF,surface,0.0,0.0
350.0,2.85,bridge_NH_F2_HF,surface,0.0,0.0
350.0,2.85,bridge_NH_F3_HF,surface,0.0,0.0
350.0,2.85,terminal_NH2_F0,surface,0.0,0.0
350.0,2.85,terminal_NH2_F1,surface,0.8671875,0.0008671875
350.0,2.85,terminal_NH2_F2,surface,147.0859375,0.1470859375
350.0,2.85,terminal_NH2_F3,surface,2.046875,0.002046875
350.0,2.85,terminal_NH2_residual,surface,0.0,0.0
350.0,2.85,terminal_NH2_F0_HF,surface,0.0,0.0
350.0,2.85,terminal_NH2_F1_HF,surface,0.0,0.0
350.0,2.85,terminal_NH2_F2_HF,surface,0.0,0.0
350.0,2.85,terminal_NH2_F3_HF,surface,0.0,0.0
350.0,2.85,Si_H_rich_F0,surface,100.0,0.1
350.0,2.85,Si_H_rich_F1,surface,0.0,0.0
350.0,2.85,Si_H_rich_F2,surface,0.0,0.0
350.0,2.85,Si_H_rich_F3,surface,0.0,0.0
350.0,2.85,Si_H_rich_residual,surface,0.0,0.0
350.0,2.85,Si_H_rich_F0_HF,surface,0.0,0.0
350.0,2.85,Si_H_rich_F1_HF,surface,0.0,0.0
350.0,2.85,Si_H_rich_F2_HF,surface,0.0,0.0
350.0,2.85,Si_H_rich_F3_HF,surface,0.0,0.0
350.0,2.85,bridge_N_F0,surface,7.9609375,0.0079609375
350.0,2.85,bridge_N_F1,surface,59.078125,0.059078125
350.0,2.85,bridge_N_F2,surface,82.5859375,0.0825859375
350.0,2.85,bridge_N_F3,surface,0.375,0.000375
350.0,2.85,bridge_N_residual,surface,0.0,0.0
350.0,2.85,bridge_N_F0_HF,surface,0.0,0.0
350.0,2.85,bridge_N_F1_HF,surface,0.0,0.0
350.0,2.85,bridge_N_F2_HF,surface,0.0,0.0
350.0,2.85,bridge_N_F3_HF,surface,0.0,0.0
350.0,2.85,pre_SiH2F,surface,81.2734375,0.0812734375
350.0,2.85,pre_SiH2F_HF,surface,0.0,0.0
350.0,2.85,pre_SiH2F_residual,surface,18.7265625,0.0187265625
350.0,2.85,pre_SiHF2,surface,99.8984375,0.0998984375
350.0,2.85,pre_SiHF2_HF,surface,0.0,0.0
350.0,2.85,pre_SiHF2_residual,surface,0.1015625,0.0001015625
350.0,2.85,Si_Si_F1,surface,67.8359375,0.0678359375
350.0,2.85,Si_Si_F1_HF,surface,0.0,0.0
350.0,2.85,Si_Si_cleaved_F2_H,surface,32.1640625,0.0321640625
350.0,2.85,HF,reservoir_net,-1047.65625,-1.04765625
350.0,2.85,H2,gas_product,0.0,0.0
350.0,2.85,NH3,gas_product,301.1796875,0.3011796875
350.0,2.85,SiF4,gas_product,37.8828125,0.0378828125
350.0,2.85,SiH2F2,gas_product,18.7265625,0.0187265625
350.0,2.85,SiHF3,gas_product,0.1015625,0.0001015625
350.0,2.9000000000000004,bridge_NH_F0,surface,0.03125,3.125e-05
350.0,2.9000000000000004,bridge_NH_F1,surface,212.9140625,0.2129140625
350.0,2.9000000000000004,bridge_NH_F2,surface,41.8515625,0.0418515625
350.0,2.9000000000000004,bridge_NH_F3,surface,7.3203125,0.0073203125
350.0,2.9000000000000004,bridge_NH_residual,surface,37.8828125,0.0378828125
350.0,2.9000000000000004,bridge_NH_F0_HF,surface,0.0,0.0
350.0,2.9000000000000004,bridge_NH_F1_HF,surface,0.0,0.0
350.0,2.9000000000000004,bridge_NH_F2_HF,surface,0.0,0.0
350.0,2.9000000000000004,bridge_NH_F3_HF,surface,0.0,0.0
350.0,2.9000000000000004,terminal_NH2_F0,surface,0.0,0.0
350.0,2.9000000000000004,terminal_NH2_F1,surface,0.8671875,0.0008671875
350.0,2.9000000000000004,terminal_NH2_F2,surface,147.0859375,0.1470859375
350.0,2.9000000000000004,terminal_NH2_F3,surface,2.046875,0.002046875
350.0,2.9000000000000004,terminal_NH2_residual,surface,0.0,0.0
350.0,2.9000000000000004,terminal_NH2_F0_HF,surface,0.0,0.0
350.0,2.9000000000000004,terminal_NH2_F1_HF,surface,0.0,0.0
350.0,2.9000000000000004,terminal_NH2_F2_HF,surface,0.0,0.0
350.0,2.9000000000000004,terminal_NH2_F3_HF,surface,0.0,0.0
350.0,2.9000000000000004,Si_H_rich_F0,surface,100.0,0.1
350.0,2.9000000000000004,Si_H_rich_F1,surface,0.0,0.0
350.0,2.9000000000000004,Si_H_rich_F2,surface,0.0,0.0
350.0,2.9000000000000004,Si_H_rich_F3,surface,0.0,0.0
350.0,2.9000000000000004,Si_H_rich_residual,surface,0.0,0.0
350.0,2.9000000000000004,Si_H_rich_F0_HF,surface,0.0,0.0
350.0,2.9000000000000004,Si_H_rich_F1_HF,surface,0.0,0.0
350.0,2.9000000000000004,Si_H_rich_F2_HF,surface,0.0,0.0
350.0,2.9000000000000004,Si_H_rich_F3_HF,surface,0.0,0.0
350.0,2.9000000000000004,bridge_N_F0,surface,7.9609375,0.0079609375
350.0,2.9000000000000004,bridge_N_F1,surface,59.078125,0.059078125
350.0,2.9000000000000004,bridge_N_F2,surface,82.5859375,0.0825859375
350.0,2.9000000000000004,bridge_N_F3,surface,0.375,0.000375
350.0,2.9000000000000004,bridge_N_residual,surface,0.0,0.0
350.0,2.9000000000000004,bridge_N_F0_HF,surface,0.0,0.0
350.0,2.9000000000000004,bridge_N_F1_HF,surface,0.0,0.0
350.0,2.9000000000000004,bridge_N_F2_HF,surface,0.0,0.0
350.0,2.9000000000000004,bridge_N_F3_HF,surface,0.0,0.0
350.0,2.9000000000000004,pre_SiH2F,surface,81.2734375,0.0812734375
350.0,2.9000000000000004,pre_SiH2F_HF,surface,0.0,0.0
350.0,2.9000000000000004,pre_SiH2F_residual,surface,18.7265625,0.0187265625
350.0,2.9000000000000004,pre_SiHF2,surface,99.8984375,0.0998984375
350.0,2.9000000000000004,pre_SiHF2_HF,surface,0.0,0.0
350.0,2.9000000000000004,pre_SiHF2_residual,surface,0.1015625,0.0001015625
350.0,2.9000000000000004,Si_Si_F1,surface,67.8359375,0.0678359375
350.0,2.9000000000000004,Si_Si_F1_HF,surface,0.0,0.0
350.0,2.9000000000000004,Si_Si_cleaved_F2_H,surface,32.1640625,0.0321640625
350.0,2.9000000000000004,HF,reservoir_net,-1047.65625,-1.04765625
350.0,2.9000000000000004,H2,gas_product,0.0,0.0
350.0,2.9000000000000004,NH3,gas_product,301.1796875,0.3011796875
350.0,2.9000000000000004,SiF4,gas_product,37.8828125,0.0378828125
350.0,2.9000000000000004,SiH2F2,gas_product,18.7265625,0.0187265625
350.0,2.9000000000000004,SiHF3,gas_product,0.1015625,0.0001015625
350.0,2.95,bridge_NH_F0,surface,0.03125,3.125e-05
350.0,2.95,bridge_NH_F1,surface,212.9140625,0.2129140625
350.0,2.95,bridge_NH_F2,surface,41.8515625,0.0418515625
350.0,2.95,bridge_NH_F3,surface,7.3203125,0.0073203125
350.0,2.95,bridge_NH_residual,surface,37.8828125,0.0378828125
350.0,2.95,bridge_NH_F0_HF,surface,0.0,0.0
350.0,2.95,bridge_NH_F1_HF,surface,0.0,0.0
350.0,2.95,bridge_NH_F2_HF,surface,0.0,0.0
350.0,2.95,bridge_NH_F3_HF,surface,0.0,0.0
350.0,2.95,terminal_NH2_F0,surface,0.0,0.0
350.0,2.95,terminal_NH2_F1,surface,0.8671875,0.0008671875
350.0,2.95,terminal_NH2_F2,surface,147.0859375,0.1470859375
350.0,2.95,terminal_NH2_F3,surface,2.046875,0.002046875
350.0,2.95,terminal_NH2_residual,surface,0.0,0.0
350.0,2.95,terminal_NH2_F0_HF,surface,0.0,0.0
350.0,2.95,terminal_NH2_F1_HF,surface,0.0,0.0
350.0,2.95,terminal_NH2_F2_HF,surface,0.0,0.0
350.0,2.95,terminal_NH2_F3_HF,surface,0.0,0.0
350.0,2.95,Si_H_rich_F0,surface,100.0,0.1
350.0,2.95,Si_H_rich_F1,surface,0.0,0.0
350.0,2.95,Si_H_rich_F2,surface,0.0,0.0
350.0,2.95,Si_H_rich_F3,surface,0.0,0.0
350.0,2.95,Si_H_rich_residual,surface,0.0,0.0
350.0,2.95,Si_H_rich_F0_HF,surface,0.0,0.0
350.0,2.95,Si_H_rich_F1_HF,surface,0.0,0.0
350.0,2.95,Si_H_rich_F2_HF,surface,0.0,0.0
350.0,2.95,Si_H_rich_F3_HF,surface,0.0,0.0
350.0,2.95,bridge_N_F0,surface,7.9609375,0.0079609375
350.0,2.95,bridge_N_F1,surface,59.078125,0.059078125
350.0,2.95,bridge_N_F2,surface,82.5859375,0.0825859375
350.0,2.95,bridge_N_F3,surface,0.375,0.000375
350.0,2.95,bridge_N_residual,surface,0.0,0.0
350.0,2.95,bridge_N_F0_HF,surface,0.0,0.0
350.0,2.95,bridge_N_F1_HF,surface,0.0,0.0
350.0,2.95,bridge_N_F2_HF,surface,0.0,0.0
350.0,2.95,bridge_N_F3_HF,surface,0.0,0.0
350.0,2.95,pre_SiH2F,surface,81.2734375,0.0812734375
350.0,2.95,pre_SiH2F_HF,surface,0.0,0.0
350.0,2.95,pre_SiH2F_residual,surface,18.7265625,0.0187265625
350.0,2.95,pre_SiHF2,surface,99.8984375,0.0998984375
350.0,2.95,pre_SiHF2_HF,surface,0.0,0.0
350.0,2.95,pre_SiHF2_residual,surface,0.1015625,0.0001015625
350.0,2.95,Si_Si_F1,surface,67.8359375,0.0678359375
350.0,2.95,Si_Si_F1_HF,surface,0.0,0.0
350.0,2.95,Si_Si_cleaved_F2_H,surface,32.1640625,0.0321640625
350.0,2.95,HF,reservoir_net,-1047.65625,-1.04765625
350.0,2.95,H2,gas_product,0.0,0.0
350.0,2.95,NH3,gas_product,301.1796875,0.3011796875
350.0,2.95,SiF4,gas_product,37.8828125,0.0378828125
350.0,2.95,SiH2F2,gas_product,18.7265625,0.0187265625
350.0,2.95,SiHF3,gas_product,0.1015625,0.0001015625
350.0,3.0,bridge_NH_F0,surface,0.03125,3.125e-05
350.0,3.0,bridge_NH_F1,surface,212.9140625,0.2129140625
350.0,3.0,bridge_NH_F2,surface,41.8515625,0.0418515625
350.0,3.0,bridge_NH_F3,surface,7.3203125,0.0073203125
350.0,3.0,bridge_NH_residual,surface,37.8828125,0.0378828125
350.0,3.0,bridge_NH_F0_HF,surface,0.0,0.0
350.0,3.0,bridge_NH_F1_HF,surface,0.0,0.0
350.0,3.0,bridge_NH_F2_HF,surface,0.0,0.0
350.0,3.0,bridge_NH_F3_HF,surface,0.0,0.0
350.0,3.0,terminal_NH2_F0,surface,0.0,0.0
350.0,3.0,terminal_NH2_F1,surface,0.8671875,0.0008671875
350.0,3.0,terminal_NH2_F2,surface,147.0859375,0.1470859375
350.0,3.0,terminal_NH2_F3,surface,2.046875,0.002046875
350.0,3.0,terminal_NH2_residual,surface,0.0,0.0
350.0,3.0,terminal_NH2_F0_HF,surface,0.0,0.0
350.0,3.0,terminal_NH2_F1_HF,surface,0.0,0.0
350.0,3.0,terminal_NH2_F2_HF,surface,0.0,0.0
350.0,3.0,terminal_NH2_F3_HF,surface,0.0,0.0
350.0,3.0,Si_H_rich_F0,surface,100.0,0.1
350.0,3.0,Si_H_rich_F1,surface,0.0,0.0
350.0,3.0,Si_H_rich_F2,surface,0.0,0.0
350.0,3.0,Si_H_rich_F3,surface,0.0,0.0
350.0,3.0,Si_H_rich_residual,surface,0.0,0.0
350.0,3.0,Si_H_rich_F0_HF,surface,0.0,0.0
350.0,3.0,Si_H_rich_F1_HF,surface,0.0,0.0
350.0,3.0,Si_H_rich_F2_HF,surface,0.0,0.0
350.0,3.0,Si_H_rich_F3_HF,surface,0.0,0.0
350.0,3.0,bridge_N_F0,surface,7.9609375,0.0079609375
350.0,3.0,bridge_N_F1,surface,59.078125,0.059078125
350.0,3.0,bridge_N_F2,surface,82.5859375,0.0825859375
350.0,3.0,bridge_N_F3,surface,0.375,0.000375
350.0,3.0,bridge_N_residual,surface,0.0,0.0
350.0,3.0,bridge_N_F0_HF,surface,0.0,0.0
350.0,3.0,bridge_N_F1_HF,surface,0.0,0.0
350.0,3.0,bridge_N_F2_HF,surface,0.0,0.0
350.0,3.0,bridge_N_F3_HF,surface,0.0,0.0
350.0,3.0,pre_SiH2F,surface,81.2734375,0.0812734375
350.0,3.0,pre_SiH2F_HF,surface,0.0,0.0
350.0,3.0,pre_SiH2F_residual,surface,18.7265625,0.0187265625
350.0,3.0,pre_SiHF2,surface,99.8984375,0.0998984375
350.0,3.0,pre_SiHF2_HF,surface,0.0,0.0
350.0,3.0,pre_SiHF2_residual,surface,0.1015625,0.0001015625
350.0,3.0,Si_Si_F1,surface,67.8359375,0.0678359375
350.0,3.0,Si_Si_F1_HF,surface,0.0,0.0
350.0,3.0,Si_Si_cleaved_F2_H,surface,32.1640625,0.0321640625
350.0,3.0,HF,reservoir_net,-1047.65625,-1.04765625
350.0,3.0,H2,gas_product,0.0,0.0
350.0,3.0,NH3,gas_product,301.1796875,0.3011796875
350.0,3.0,SiF4,gas_product,37.8828125,0.0378828125
350.0,3.0,SiH2F2,gas_product,18.7265625,0.0187265625
350.0,3.0,SiHF3,gas_product,0.1015625,0.0001015625
400.0,0.0,bridge_NH_F0,surface,300.0,0.3
400.0,0.0,bridge_NH_F1,surface,0.0,0.0
400.0,0.0,bridge_NH_F2,surface,0.0,0.0
400.0,0.0,bridge_NH_F3,surface,0.0,0.0
400.0,0.0,bridge_NH_residual,surface,0.0,0.0
400.0,0.0,bridge_NH_F0_HF,surface,0.0,0.0
400.0,0.0,bridge_NH_F1_HF,surface,0.0,0.0
400.0,0.0,bridge_NH_F2_HF,surface,0.0,0.0
400.0,0.0,bridge_NH_F3_HF,surface,0.0,0.0
400.0,0.0,terminal_NH2_F0,surface,150.0,0.15
400.0,0.0,terminal_NH2_F1,surface,0.0,0.0
400.0,0.0,terminal_NH2_F2,surface,0.0,0.0
400.0,0.0,terminal_NH2_F3,surface,0.0,0.0
400.0,0.0,terminal_NH2_residual,surface,0.0,0.0
400.0,0.0,terminal_NH2_F0_HF,surface,0.0,0.0
400.0,0.0,terminal_NH2_F1_HF,surface,0.0,0.0
400.0,0.0,terminal_NH2_F2_HF,surface,0.0,0.0
400.0,0.0,terminal_NH2_F3_HF,surface,0.0,0.0
400.0,0.0,Si_H_rich_F0,surface,100.0,0.1
400.0,0.0,Si_H_rich_F1,surface,0.0,0.0
400.0,0.0,Si_H_rich_F2,surface,0.0,0.0
400.0,0.0,Si_H_rich_F3,surface,0.0,0.0
400.0,0.0,Si_H_rich_residual,surface,0.0,0.0
400.0,0.0,Si_H_rich_F0_HF,surface,0.0,0.0
400.0,0.0,Si_H_rich_F1_HF,surface,0.0,0.0
400.0,0.0,Si_H_rich_F2_HF,surface,0.0,0.0
400.0,0.0,Si_H_rich_F3_HF,surface,0.0,0.0
400.0,0.0,bridge_N_F0,surface,150.0,0.15
400.0,0.0,bridge_N_F1,surface,0.0,0.0
400.0,0.0,bridge_N_F2,surface,0.0,0.0
400.0,0.0,bridge_N_F3,surface,0.0,0.0
400.0,0.0,bridge_N_residual,surface,0.0,0.0
400.0,0.0,bridge_N_F0_HF,surface,0.0,0.0
400.0,0.0,bridge_N_F1_HF,surface,0.0,0.0
400.0,0.0,bridge_N_F2_HF,surface,0.0,0.0
400.0,0.0,bridge_N_F3_HF,surface,0.0,0.0
400.0,0.0,pre_SiH2F,surface,100.0,0.1
400.0,0.0,pre_SiH2F_HF,surface,0.0,0.0
400.0,0.0,pre_SiH2F_residual,surface,0.0,0.0
400.0,0.0,pre_SiHF2,surface,100.0,0.1
400.0,0.0,pre_SiHF2_HF,surface,0.0,0.0
400.0,0.0,pre_SiHF2_residual,surface,0.0,0.0
400.0,0.0,Si_Si_F1,surface,100.0,0.1
400.0,0.0,Si_Si_F1_HF,surface,0.0,0.0
400.0,0.0,Si_Si_cleaved_F2_H,surface,0.0,0.0
400.0,0.0,HF,reservoir_net,0.0,0.0
400.0,0.0,H2,gas_product,0.0,0.0
400.0,0.0,NH3,gas_product,0.0,0.0
400.0,0.0,SiF4,gas_product,0.0,0.0
400.0,0.0,SiH2F2,gas_product,0.0,0.0
400.0,0.0,SiHF3,gas_product,0.0,0.0
400.0,0.05,bridge_NH_F0,surface,232.578125,0.232578125
400.0,0.05,bridge_NH_F1,surface,62.4375,0.0624375
400.0,0.05,bridge_NH_F2,surface,3.46875,0.00346875
400.0,0.05,bridge_NH_F3,surface,0.1953125,0.0001953125
400.0,0.05,bridge_NH_residual,surface,0.0234375,2.34375e-05
400.0,0.05,bridge_NH_F0_HF,surface,0.0,0.0
400.0,0.05,bridge_NH_F1_HF,surface,1.265625,0.001265625
400.0,0.05,bridge_NH_F2_HF,surface,0.03125,3.125e-05
400.0,0.05,bridge_NH_F3_HF,surface,0.0,0.0
400.0,0.05,terminal_NH2_F0,surface,116.3515625,0.1163515625
400.0,0.05,terminal_NH2_F1,surface,29.5390625,0.0295390625
400.0,0.05,terminal_NH2_F2,surface,3.9375,0.0039375
400.0,0.05,terminal_NH2_F3,surface,0.0078125,7.8125e-06
400.0,0.05,terminal_NH2_residual,surface,0.0,0.0
400.0,0.05,terminal_NH2_F0_HF,surface,0.0,0.0
400.0,0.05,terminal_NH2_F1_HF,surface,0.0390625,3.90625e-05
400.0,0.05,terminal_NH2_F2_HF,surface,0.125,0.000125
400.0,0.05,terminal_NH2_F3_HF,surface,0.0,0.0
400.0,0.05,Si_H_rich_F0,surface,95.2890625,0.0952890625
400.0,0.05,Si_H_rich_F1,surface,0.0,0.0
400.0,0.05,Si_H_rich_F2,surface,0.0,0.0
400.0,0.05,Si_H_rich_F3,surface,0.0,0.0
400.0,0.05,Si_H_rich_residual,surface,0.0,0.0
400.0,0.05,Si_H_rich_F0_HF,surface,4.7109375,0.0047109375
400.0,0.05,Si_H_rich_F1_HF,surface,0.0,0.0
400.0,0.05,Si_H_rich_F2_HF,surface,0.0,0.0
400.0,0.05,Si_H_rich_F3_HF,surface,0.0,0.0
400.0,0.05,bridge_N_F0,surface,119.2265625,0.1192265625
400.0,0.05,bridge_N_F1,surface,27.015625,0.027015625
400.0,0.05,bridge_N_F2,surface,2.7265625,0.0027265625
400.0,0.05,bridge_N_F3,surface,0.0,0.0
400.0,0.05,bridge_N_residual,surface,0.0,0.0
400.0,0.05,bridge_N_F0_HF,surface,0.6171875,0.0006171875
400.0,0.05,bridge_N_F1_HF,surface,0.3125,0.0003125
400.0,0.05,bridge_N_F2_HF,surface,0.1015625,0.0001015625
400.0,0.05,bridge_N_F3_HF,surface,0.0,0.0
400.0,0.05,pre_SiH2F,surface,89.265625,0.089265625
400.0,0.05,pre_SiH2F_HF,surface,2.609375,0.002609375
400.0,0.05,pre_SiH2F_residual,surface,8.125,0.008125
400.0,0.05,pre_SiHF2,surface,95.390625,0.095390625
400.0,0.05,pre_SiHF2_HF,surface,4.4921875,0.0044921875
400.0,0.05,pre_SiHF2_residual,surface,0.1171875,0.0001171875
400.0,0.05,Si_Si_F1,surface,86.53125,0.08653125
400.0,0.05,Si_Si_F1_HF,surface,2.1328125,0.0021328125
400.0,0.05,Si_Si_cleaved_F2_H,surface,11.3359375,0.0113359375
400.0,0.05,HF,reservoir_net,-178.109375,-0.178109375
400.0,0.05,H2,gas_product,0.0,0.0
400.0,0.05,NH3,gas_product,37.7265625,0.0377265625
400.0,0.05,SiF4,gas_product,0.0234375,2.34375e-05
400.0,0.05,SiH2F2,gas_product,8.125,0.008125
400.0,0.05,SiHF3,gas_product,0.1171875,0.0001171875
400.0,0.1,bridge_NH_F0,surface,180.7734375,0.1807734375
400.0,0.1,bridge_NH_F1,surface,102.2734375,0.1022734375
400.0,0.1,bridge_NH_F2,surface,12.6640625,0.0126640625
400.0,0.1,bridge_NH_F3,surface,1.6015625,0.0016015625
400.0,0.1,bridge_NH_residual,surface,0.2890625,0.0002890625
400.0,0.1,bridge_NH_F0_HF,surface,0.0,0.0
400.0,0.1,bridge_NH_F1_HF,surface,2.296875,0.002296875
400.0,0.1,bridge_NH_F2_HF,surface,0.1015625,0.0001015625
400.0,0.1,bridge_NH_F3_HF,surface,0.0,0.0
400.0,0.1,terminal_NH2_F0,surface,91.0703125,0.0910703125
400.0,0.1,terminal_NH2_F1,surface,45.5859375,0.0455859375
400.0,0.1,terminal_NH2_F2,surface,12.6484375,0.0126484375
400.0,0.1,terminal_NH2_F3,surface,0.1484375,0.0001484375
400.0,0.1,terminal_NH2_residual,surface,0.0,0.0
400.0,0.1,terminal_NH2_F0_HF,surface,0.0,0.0
400.0,0.1,terminal_NH2_F1_HF,surface,0.078125,7.8125e-05
400.0,0.1,terminal_NH2_F2_HF,surface,0.46875,0.00046875
400.0,0.1,terminal_NH2_F3_HF,surface,0.0,0.0
400.0,0.1,Si_H_rich_F0,surface,95.21875,0.09521875
400.0,0.1,Si_H_rich_F1,surface,0.0,0.0
400.0,0.1,Si_H_rich_F2,surface,0.0,0.0
400.0,0.1,Si_H_rich_F3,surface,0.0,0.0
400.0,0.1,Si_H_rich_residual,surface,0.0,0.0
400.0,0.1,Si_H_rich_F0_HF,surface,4.78125,0.00478125
400.0,0.1,Si_H_rich_F1_HF,surface,0.0,0.0
400.0,0.1,Si_H_rich_F2_HF,surface,0.0,0.0
400.0,0.1,Si_H_rich_F3_HF,surface,0.0,0.0
400.0,0.1,bridge_N_F0,surface,94.6875,0.0946875
400.0,0.1,bridge_N_F1,surface,44.7578125,0.0447578125
400.0,0.1,bridge_N_F2,surface,9.09375,0.00909375
400.0,0.1,bridge_N_F3,surface,0.0625,6.25e-05
400.0,0.1,bridge_N_residual,surface,0.0,0.0
400.0,0.1,bridge_N_F0_HF,surface,0.59375,0.00059375
400.0,0.1,bridge_N_F1_HF,surface,0.421875,0.000421875
400.0,0.1,bridge_N_F2_HF,surface,0.3828125,0.0003828125
400.0,0.1,bridge_N_F3_HF,surface,0.0,0.0
400.0,0.1,pre_SiH2F,surface,80.6953125,0.0806953125
400.0,0.1,pre_SiH2F_HF,surface,2.7265625,0.0027265625
400.0,0.1,pre_SiH2F_residual,surface,16.578125,0.016578125
400.0,0.1,pre_SiHF2,surface,94.859375,0.094859375
400.0,0.1,pre_SiHF2_HF,surface,4.84375,0.00484375
400.0,0.1,pre_SiHF2_residual,surface,0.296875,0.000296875
400.0,0.1,Si_Si_F1,surface,76.078125,0.076078125
400.0,0.1,Si_Si_F1_HF,surface,2.078125,0.002078125
400.0,0.1,Si_Si_cleaved_F2_H,surface,21.84375,0.02184375
400.0,0.1,HF,reservoir_net,-330.21875,-0.33021875
400.0,0.1,H2,gas_product,0.0,0.0
400.0,0.1,NH3,gas_product,72.34375,0.07234375
400.0,0.1,SiF4,gas_product,0.2890625,0.0002890625
400.0,0.1,SiH2F2,gas_product,16.578125,0.016578125
400.0,0.1,SiHF3,gas_product,0.296875,0.000296875
400.0,0.15000000000000002,bridge_NH_F0,surface,140.28125,0.14028125
400.0,0.15000000000000002,bridge_NH_F1,surface,127.1484375,0.1271484375
400.0,0.15000000000000002,bridge_NH_F2,surface,23.6953125,0.0236953125
400.0,0.15000000000000002,bridge_NH_F3,surface,4.4921875,0.0044921875
400.0,0.15000000000000002,bridge_NH_residual,surface,1.0078125,0.0010078125
400.0,0.15000000000000002,bridge_NH_F0_HF,surface,0.0,0.0
400.0,0.15000000000000002,bridge_NH_F1_HF,surface,3.15625,0.00315625
400.0,0.15000000000000002,bridge_NH_F2_HF,surface,0.21875,0.00021875
400.0,0.15000000000000002,bridge_NH_F3_HF,surface,0.0,0.0
400.0,0.15000000000000002,terminal_NH2_F0,surface,70.84375,0.07084375
400.0,0.15000000000000002,terminal_NH2_F1,surface,53.828125,0.053828125
400.0,0.15000000000000002,terminal_NH2_F2,surface,24.0078125,0.0240078125
400.0,0.15000000000000002,terminal_NH2_F3,surface,0.390625,0.000390625
400.0,0.15000000000000002,terminal_NH2_residual,surface,0.0,0.0
400.0,0.15000000000000002,terminal_NH2_F0_HF,surface,0.0,0.0
400.0,0.15000000000000002,terminal_NH2_F1_HF,surface,0.0390625,3.90625e-05
400.0,0.15000000000000002,terminal_NH2_F2_HF,surface,0.890625,0.000890625
400.0,0.15000000000000002,terminal_NH2_F3_HF,surface,0.0,0.0
400.0,0.15000000000000002,Si_H_rich_F0,surface,95.4140625,0.0954140625
400.0,0.15000000000000002,Si_H_rich_F1,surface,0.0,0.0
400.0,0.15000000000000002,Si_H_rich_F2,surface,0.0,0.0
400.0,0.15000000000000002,Si_H_rich_F3,surface,0.0,0.0
400.0,0.15000000000000002,Si_H_rich_residual,surface,0.0,0.0
400.0,0.15000000000000002,Si_H_rich_F0_HF,surface,4.5859375,0.0045859375
400.0,0.15000000000000002,Si_H_rich_F1_HF,surface,0.0,0.0
400.0,0.15000000000000002,Si_H_rich_F2_HF,surface,0.0,0.0
400.0,0.15000000000000002,Si_H_rich_F3_HF,surface,0.0,0.0
400.0,0.15000000000000002,bridge_N_F0,surface,75.828125,0.075828125
400.0,0.15000000000000002,bridge_N_F1,surface,53.9609375,0.0539609375
400.0,0.15000000000000002,bridge_N_F2,surface,18.1953125,0.0181953125
400.0,0.15000000000000002,bridge_N_F3,surface,0.1875,0.0001875
400.0,0.15000000000000002,bridge_N_residual,surface,0.0,0.0
400.0,0.15000000000000002,bridge_N_F0_HF,surface,0.4296875,0.0004296875
400.0,0.15000000000000002,bridge_N_F1_HF,surface,0.625,0.000625
400.0,0.15000000000000002,bridge_N_F2_HF,surface,0.765625,0.000765625
400.0,0.15000000000000002,bridge_N_F3_HF,surface,0.0078125,7.8125e-06
400.0,0.15000000000000002,pre_SiH2F,surface,73.484375,0.073484375
400.0,0.15000000000000002,pre_SiH2F_HF,surface,2.1484375,0.0021484375
400.0,0.15000000000000002,pre_SiH2F_residual,surface,24.3671875,0.0243671875
400.0,0.15000000000000002,pre_SiHF2,surface,95.1875,0.0951875
400.0,0.15000000000000002,pre_SiHF2_HF,surface,4.3671875,0.0043671875
400.0,0.15000000000000002,pre_SiHF2_residual,surface,0.4453125,0.0004453125
400.0,0.15000000000000002,Si_Si_F1,surface,67.0859375,0.0670859375
400.0,0.15000000000000002,Si_Si_F1_HF,surface,1.703125,0.001703125
400.0,0.15000000000000002,Si_Si_cleaved_F2_H,surface,31.2109375,0.0312109375
400.0,0.15000000000000002,HF,reservoir_net,-468.53125,-0.46853125
400.0,0.15000000000000002,H2,gas_product,0.0,0.0
400.0,0.15000000000000002,NH3,gas_product,104.8359375,0.1048359375
400.0,0.15000000000000002,SiF4,gas_product,1.0078125,0.0010078125
400.0,0.15000000000000002,SiH2F2,gas_product,24.3671875,0.0243671875
400.0,0.15000000000000002,SiHF3,gas_product,0.4453125,0.0004453125
400.0,0.2,bridge_NH_F0,surface,109.3203125,0.1093203125
400.0,0.2,bridge_NH_F1,surface,139.71875,0.13971875
400.0,0.2,bridge_NH_F2,surface,35.59375,0.03559375
400.0,0.2,bridge_NH_F3,surface,9.046875,0.009046875
400.0,0.2,bridge_NH_residual,surface,2.7421875,0.0027421875
400.0,0.2,bridge_NH_F0_HF,surface,0.0,0.0
400.0,0.2,bridge_NH_F1_HF,surface,3.328125,0.003328125
400.0,0.2,bridge_NH_F2_HF,surface,0.25,0.00025
400.0,0.2,bridge_NH_F3_HF,surface,0.0,0.0
400.0,0.2,terminal_NH2_F0,surface,54.7578125,0.0547578125
400.0,0.2,terminal_NH2_F1,surface,56.515625,0.056515625
400.0,0.2,terminal_NH2_F2,surface,36.0234375,0.0360234375
400.0,0.2,terminal_NH2_F3,surface,0.9375,0.0009375
400.0,0.2,terminal_NH2_residual,surface,0.0,0.0
400.0,0.2,terminal_NH2_F0_HF,surface,0.0,0.0
400.0,0.2,terminal_NH2_F1_HF,surface,0.09375,9.375e-05
400.0,0.2,terminal_NH2_F2_HF,surface,1.6171875,0.0016171875
400.0,0.2,terminal_NH2_F3_HF,surface,0.0546875,5.46875e-05
400.0,0.2,Si_H_rich_F0,surface,95.015625,0.095015625
400.0,0.2,Si_H_rich_F1,surface,0.0,0.0
400.0,0.2,Si_H_rich_F2,surface,0.0,0.0
400.0,0.2,Si_H_rich_F3,surface,0.0,0.0
400.0,0.2,Si_H_rich_residual,surface,0.0,0.0
400.0,0.2,Si_H_rich_F0_HF,surface,4.984375,0.004984375
400.0,0.2,Si_H_rich_F1_HF,surface,0.0,0.0
400.0,0.2,Si_H_rich_F2_HF,surface,0.0,0.0
400.0,0.2,Si_H_rich_F3_HF,surface,0.0,0.0
400.0,0.2,bridge_N_F0,surface,60.3828125,0.0603828125
400.0,0.2,bridge_N_F1,surface,58.4453125,0.0584453125
400.0,0.2,bridge_N_F2,surface,28.2265625,0.0282265625
400.0,0.2,bridge_N_F3,surface,0.46875,0.00046875
400.0,0.2,bridge_N_residual,surface,0.0,0.0
400.0,0.2,bridge_N_F0_HF,surface,0.4296875,0.0004296875
400.0,0.2,bridge_N_F1_HF,surface,0.7109375,0.0007109375
400.0,0.2,bridge_N_F2_HF,surface,1.2890625,0.0012890625
400.0,0.2,bridge_N_F3_HF,surface,0.046875,4.6875e-05
400.0,0.2,pre_SiH2F,surface,66.8359375,0.0668359375
400.0,0.2,pre_SiH2F_HF,surface,2.078125,0.002078125
400.0,0.2,pre_SiH2F_residual,surface,31.0859375,0.0310859375
400.0,0.2,pre_SiHF2,surface,94.40625,0.09440625
400.0,0.2,pre_SiHF2_HF,surface,4.96875,0.00496875
400.0,0.2,pre_SiHF2_residual,surface,0.625,0.000625
400.0,0.2,Si_Si_F1,surface,59.09375,0.05909375
400.0,0.2,Si_Si_F1_HF,surface,1.3828125,0.0013828125
400.0,0.2,Si_Si_cleaved_F2_H,surface,39.5234375,0.0395234375
400.0,0.2,HF,reservoir_net,-599.9140625,-0.5999140625
400.0,0.2,H2,gas_product,0.0,0.0
400.0,0.2,NH3,gas_product,134.8671875,0.1348671875
400.0,0.2,SiF4,gas_product,2.7421875,0.0027421875
400.0,0.2,SiH2F2,gas_product,31.0859375,0.0310859375
400.0,0.2,SiHF3,gas_product,0.625,0.000625
400.0,0.25,bridge_NH_F0,surface,85.5546875,0.0855546875
400.0,0.25,bridge_NH_F1,surface,144.359375,0.144359375
400.0,0.25,bridge_NH_F2,surface,45.9921875,0.0459921875
400.0,0.25,bridge_NH_F3,surface,14.4375,0.0144375
400.0,0.25,bridge_NH_residual,surface,5.59375,0.00559375
400.0,0.25,bridge_NH_F0_HF,surface,0.0,0.0
400.0,0.25,bridge_NH_F1_HF,surface,3.59375,0.00359375
400.0,0.25,bridge_NH_F2_HF,surface,0.46875,0.00046875
400.0,0.25,bridge_NH_F3_HF,surface,0.0,0.0
400.0,0.25,terminal_NH2_F0,surface,42.609375,0.042609375
400.0,0.25,terminal_NH2_F1,surface,55.0703125,0.0550703125
400.0,0.25,terminal_NH2_F2,surface,48.2109375,0.0482109375
400.0,0.25,terminal_NH2_F3,surface,1.71875,0.00171875
400.0,0.25,terminal_NH2_residual,surface,0.0,0.0
400.0,0.25,terminal_NH2_F0_HF,surface,0.0,0.0
400.0,0.25,terminal_NH2_F1_HF,surface,0.1484375,0.0001484375
400.0,0.25,terminal_NH2_F2_HF,surface,2.15625,0.00215625
400.0,0.25,terminal_NH2_F3_HF,surface,0.0859375,8.59375e-05
400.0,0.25,Si_H_rich_F0,surface,95.015625,0.095015625
400.0,0.25,Si_H_rich_F1,surface,0.0,0.0
400.0,0.25,Si_H_rich_F2,surface,0.0,0.0
400.0,0.25,Si_H_rich_F3,surface,0.0,0.0
400.0,0.25,Si_H_rich_residual,surface,0.0,0.0
400.0,0.25,Si_H_rich_F0_HF,surface,4.984375,0.004984375
400.0,0.25,Si_H_rich_F1_HF,surface,0.0,0.0
400.0,0.25,Si_H_rich_F2_HF,surface,0.0,0.0
400.0,0.25,Si_H_rich_F3_HF,surface,0.0,0.0
400.0,0.25,bridge_N_F0,surface,47.875,0.047875
400.0,0.25,bridge_N_F1,surface,59.125,0.059125
400.0,0.25,bridge_N_F2,surface,39.59375,0.03959375
400.0,0.25,bridge_N_F3,surface,0.8046875,0.0008046875
400.0,0.25,bridge_N_residual,surface,0.0,0.0
400.0,0.25,bridge_N_F0_HF,surface,0.28125,0.00028125
400.0,0.25,bridge_N_F1_HF,surface,0.6015625,0.0006015625
400.0,0.25,bridge_N_F2_HF,surface,1.703125,0.001703125
400.0,0.25,bridge_N_F3_HF,surface,0.015625,1.5625e-05
400.0,0.25,pre_SiH2F,surface,61.0625,0.0610625
400.0,0.25,pre_SiH2F_HF,surface,1.75,0.00175
400.0,0.25,pre_SiH2F_residual,surface,37.1875,0.0371875
400.0,0.25,pre_SiHF2,surface,94.2265625,0.0942265625
400.0,0.25,pre_SiHF2_HF,surface,4.921875,0.004921875
400.0,0.25,pre_SiHF2_residual,surface,0.8515625,0.0008515625
400.0,0.25,Si_Si_F1,surface,52.4453125,0.0524453125
400.0,0.25,Si_Si_F1_HF,surface,1.2578125,0.0012578125
400.0,0.25,Si_Si_cleaved_F2_H,surface,46.296875,0.046296875
400.0,0.25,HF,reservoir_net,-719.015625,-0.719015625
400.0,0.25,H2,gas_product,0.0,0.0
400.0,0.25,NH3,gas_product,161.3671875,0.1613671875
400.0,0.25,SiF4,gas_product,5.59375,0.00559375
400.0,0.25,SiH2F2,gas_product,37.1875,0.0371875
400.0,0.25,SiHF3,gas_product,0.8515625,0.0008515625
400.0,0.30000000000000004,bridge_NH_F0,surface,66.546875,0.066546875
400.0,0.30000000000000004,bridge_NH_F1,surface,145.3125,0.1453125
400.0,0.30000000000000004,bridge_NH_F2,surface,53.7578125,0.0537578125
400.0,0.30000000000000004,bridge_NH_F3,surface,20.265625,0.020265625
400.0,0.30000000000000004,bridge_NH_residual,surface,10.203125,0.010203125
400.0,0.30000000000000004,bridge_NH_F0_HF,surface,0.0,0.0
400.0,0.30000000000000004,bridge_NH_F1_HF,surface,3.3671875,0.0033671875
400.0,0.30000000000000004,bridge_NH_F2_HF,surface,0.546875,0.000546875
400.0,0.30000000000000004,bridge_NH_F3_HF,surface,0.0,0.0
400.0,0.30000000000000004,terminal_NH2_F0,surface,33.3125,0.0333125
400.0,0.30000000000000004,terminal_NH2_F1,surface,51.3828125,0.0513828125
400.0,0.30000000000000004,terminal_NH2_F2,surface,59.8046875,0.0598046875
400.0,0.30000000000000004,terminal_NH2_F3,surface,2.71875,0.00271875
400.0,0.30000000000000004,terminal_NH2_residual,surface,0.0,0.0
400.0,0.30000000000000004,terminal_NH2_F0_HF,surface,0.0,0.0
400.0,0.30000000000000004,terminal_NH2_F1_HF,surface,0.109375,0.000109375
400.0,0.30000000000000004,terminal_NH2_F2_HF,surface,2.5625,0.0025625
400.0,0.30000000000000004,terminal_NH2_F3_HF,surface,0.109375,0.000109375
400.0,0.30000000000000004,Si_H_rich_F0,surface,95.1640625,0.0951640625
400.0,0.30000000000000004,Si_H_rich_F1,surface,0.0,0.0
400.0,0.30000000000000004,Si_H_rich_F2,surface,0.0,0.0
400.0,0.30000000000000004,Si_H_rich_F3,surface,0.0,0.0
400.0,0.30000000000000004,Si_H_rich_residual,surface,0.0,0.0
400.0,0.30000000000000004,Si_H_rich_F0_HF,surface,4.8359375,0.0048359375
400.0,0.30000000000000004,Si_H_rich_F1_HF,surface,0.0,0.0
400.0,0.30000000000000004,Si_H_rich_F2_HF,surface,0.0,0.0
400.0,0.30000000000000004,Si_H_rich_F3_HF,surface,0.0,0.0
400.0,0.30000000000000004,bridge_N_F0,surface,38.1640625,0.0381640625
400.0,0.30000000000000004,bridge_N_F1,surface,57.203125,0.057203125
400.0,0.30000000000000004,bridge_N_F2,surface,50.203125,0.050203125
400.0,0.30000000000000004,bridge_N_F3,surface,1.171875,0.001171875
400.0,0.30000000000000004,bridge_N_residual,surface,0.0,0.0
400.0,0.30000000000000004,bridge_N_F0_HF,surface,0.2421875,0.0002421875
400.0,0.30000000000000004,bridge_N_F1_HF,surface,0.6875,0.0006875
400.0,0.30000000000000004,bridge_N_F2_HF,surface,2.265625,0.002265625
400.0,0.30000000000000004,bridge_N_F3_HF,surface,0.0625,6.25e-05
400.0,0.30000000000000004,pre_SiH2F,surface,55.21875,0.05521875
400.0,0.30000000000000004,pre_SiH2F_HF,surface,1.8359375,0.0018359375
400.0,0.30000000000000004,pre_SiH2F_residual,surface,42.9453125,0.0429453125
400.0,0.30000000000000004,pre_SiHF2,surface,93.703125,0.093703125
400.0,0.30000000000000004,pre_SiHF2_HF,surface,5.3125,0.0053125
400.0,0.30000000000000004,pre_SiHF2_residual,surface,0.984375,0.000984375
400.0,0.30000000000000004,Si_Si_F1,surface,45.8515625,0.0458515625
400.0,0.30000000000000004,Si_Si_F1_HF,surface,1.03125,0.00103125
400.0,0.30000000000000004,Si_Si_cleaved_F2_H,surface,53.1171875,0.0531171875
400.0,0.30000000000000004,HF,reservoir_net,-830.15625,-0.83015625
400.0,0.30000000000000004,H2,gas_product,0.0,0.0
400.0,0.30000000000000004,NH3,gas_product,184.7109375,0.1847109375
400.0,0.30000000000000004,SiF4,gas_product,10.203125,0.010203125
400.0,0.30000000000000004,SiH2F2,gas_product,42.9453125,0.0429453125
400.0,0.30000000000000004,SiHF3,gas_product,0.984375,0.000984375
400.0,0.35000000000000003,bridge_NH_F0,surface,51.625,0.051625
400.0,0.35000000000000003,bridge_NH_F1,surface,141.578125,0.141578125
400.0,0.35000000000000003,bridge_NH_F2,surface,60.6015625,0.0606015625
400.0,0.35000000000000003,bridge_NH_F3,surface,26.2578125,0.0262578125
400.0,0.35000000000000003,bridge_NH_residual,surface,16.078125,0.016078125
400.0,0.35000000000000003,bridge_NH_F0_HF,surface,0.0,0.0
400.0,0.35000000000000003,bridge_NH_F1_HF,surface,3.34375,0.00334375
400.0,0.35000000000000003,bridge_NH_F2_HF,surface,0.515625,0.000515625
400.0,0.35000000000000003,bridge_NH_F3_HF,surface,0.0,0.0
400.0,0.35000000000000003,terminal_NH2_F0,surface,26.25,0.02625
400.0,0.35000000000000003,terminal_NH2_F1,surface,46.40625,0.04640625
400.0,0.35000000000000003,terminal_NH2_F2,surface,70.1640625,0.0701640625
400.0,0.35000000000000003,terminal_NH2_F3,surface,3.78125,0.00378125
400.0,0.35000000000000003,terminal_NH2_residual,surface,0.0,0.0
400.0,0.35000000000000003,terminal_NH2_F0_HF,surface,0.0,0.0
400.0,0.35000000000000003,terminal_NH2_F1_HF,surface,0.1015625,0.0001015625
400.0,0.35000000000000003,terminal_NH2_F2_HF,surface,3.0625,0.0030625
400.0,0.35000000000000003,terminal_NH2_F3_HF,surface,0.234375,0.000234375
400.0,0.35000000000000003,Si_H_rich_F0,surface,95.1953125,0.0951953125
400.0,0.35000000000000003,Si_H_rich_F1,surface,0.0,0.0
400.0,0.35000000000000003,Si_H_rich_F2,surface,0.0,0.0
400.0,0.35000000000000003,Si_H_rich_F3,surface,0.0,0.0
400.0,0.35000000000000003,Si_H_rich_residual,surface,0.0,0.0
400.0,0.35000000000000003,Si_H_rich_F0_HF,surface,4.8046875,0.0048046875
400.0,0.35000000000000003,Si_H_rich_F1_HF,surface,0.0,0.0
400.0,0.35000000000000003,Si_H_rich_F2_HF,surface,0.0,0.0
400.0,0.35000000000000003,Si_H_rich_F3_HF,surface,0.0,0.0
400.0,0.35000000000000003,bridge_N_F0,surface,30.7578125,0.0307578125
400.0,0.35000000000000003,bridge_N_F1,surface,53.6640625,0.0536640625
400.0,0.35000000000000003,bridge_N_F2,surface,60.203125,0.060203125
400.0,0.35000000000000003,bridge_N_F3,surface,1.5703125,0.0015703125
400.0,0.35000000000000003,bridge_N_residual,surface,0.0,0.0
400.0,0.35000000000000003,bridge_N_F0_HF,surface,0.1640625,0.0001640625
400.0,0.35000000000000003,bridge_N_F1_HF,surface,0.609375,0.000609375
400.0,0.35000000000000003,bridge_N_F2_HF,surface,2.9375,0.0029375
400.0,0.35000000000000003,bridge_N_F3_HF,surface,0.09375,9.375e-05
400.0,0.35000000000000003,pre_SiH2F,surface,50.1953125,0.0501953125
400.0,0.35000000000000003,pre_SiH2F_HF,surface,1.7265625,0.0017265625
400.0,0.35000000000000003,pre_SiH2F_residual,surface,48.078125,0.048078125
400.0,0.35000000000000003,pre_SiHF2,surface,94.1015625,0.0941015625
400.0,0.35000000000000003,pre_SiHF2_HF,surface,4.7578125,0.0047578125
400.0,0.35000000000000003,pre_SiHF2_residual,surface,1.140625,0.001140625
400.0,0.35000000000000003,Si_Si_F1,surface,39.875,0.039875
400.0,0.35000000000000003,Si_Si_F1_HF,surface,0.9765625,0.0009765625
400.0,0.35000000000000003,Si_Si_cleaved_F2_H,surface,59.1484375,0.0591484375
400.0,0.35000000000000003,HF,reservoir_net,-932.4921875,-0.9324921875
400.0,0.35000000000000003,H2,gas_product,0.0,0.0
400.0,0.35000000000000003,NH3,gas_product,205.0078125,0.2050078125
400.0,0.35000000000000003,SiF4,gas_product,16.078125,0.016078125
400.0,0.35000000000000003,SiH2F2,gas_product,48.078125,0.048078125
400.0,0.35000000000000003,SiHF3,gas_product,1.140625,0.001140625
400.0,0.4,bridge_NH_F0,surface,40.0625,0.0400625
400.0,0.4,bridge_NH_F1,surface,135.203125,0.135203125
400.0,0.4,bridge_NH_F2,surface,65.640625,0.065640625
400.0,0.4,bridge_NH_F3,surface,31.8359375,0.0318359375
400.0,0.4,bridge_NH_residual,surface,23.5078125,0.0235078125
400.0,0.4,bridge_NH_F0_HF,surface,0.0,0.0
400.0,0.4,bridge_NH_F1_HF,surface,3.2421875,0.0032421875
400.0,0.4,bridge_NH_F2_HF,surface,0.5,0.0005
400.0,0.4,bridge_NH_F3_HF,surface,0.0078125,7.8125e-06
400.0,0.4,terminal_NH2_F0,surface,20.4453125,0.0204453125
400.0,0.4,terminal_NH2_F1,surface,41.9765625,0.0419765625
400.0,0.4,terminal_NH2_F2,surface,78.75,0.07875
400.0,0.4,terminal_NH2_F3,surface,5.25,0.00525
400.0,0.4,terminal_NH2_residual,surface,0.0,0.0
400.0,0.4,terminal_NH2_F0_HF,surface,0.0,0.0
400.0,0.4,terminal_NH2_F1_HF,surface,0.046875,4.6875e-05
400.0,0.4,terminal_NH2_F2_HF,surface,3.3046875,0.0033046875
400.0,0.4,terminal_NH2_F3_HF,surface,0.2265625,0.0002265625
400.0,0.4,Si_H_rich_F0,surface,95.1796875,0.0951796875
400.0,0.4,Si_H_rich_F1,surface,0.0,0.0
400.0,0.4,Si_H_rich_F2,surface,0.0,0.0
400.0,0.4,Si_H_rich_F3,surface,0.0,0.0
400.0,0.4,Si_H_rich_residual,surface,0.0,0.0
400.0,0.4,Si_H_rich_F0_HF,surface,4.8203125,0.0048203125
400.0,0.4,Si_H_rich_F1_HF,surface,0.0,0.0
400.0,0.4,Si_H_rich_F2_HF,surface,0.0,0.0
400.0,0.4,Si_H_rich_F3_HF,surface,0.0,0.0
400.0,0.4,bridge_N_F0,surface,24.546875,0.024546875
400.0,0.4,bridge_N_F1,surface,49.78125,0.04978125
400.0,0.4,bridge_N_F2,surface,69.53125,0.06953125
400.0,0.4,bridge_N_F3,surface,2.171875,0.002171875
400.0,0.4,bridge_N_residual,surface,0.0,0.0
400.0,0.4,bridge_N_F0_HF,surface,0.171875,0.000171875
400.0,0.4,bridge_N_F1_HF,surface,0.59375,0.00059375
400.0,0.4,bridge_N_F2_HF,surface,3.1171875,0.0031171875
400.0,0.4,bridge_N_F3_HF,surface,0.0859375,8.59375e-05
400.0,0.4,pre_SiH2F,surface,45.578125,0.045578125
400.0,0.4,pre_SiH2F_HF,surface,1.3046875,0.0013046875
400.0,0.4,pre_SiH2F_residual,surface,53.1171875,0.0531171875
400.0,0.4,pre_SiHF2,surface,94.0390625,0.0940390625
400.0,0.4,pre_SiHF2_HF,surface,4.6484375,0.0046484375
400.0,0.4,pre_SiHF2_residual,surface,1.3125,0.0013125
400.0,0.4,Si_Si_F1,surface,34.984375,0.034984375
400.0,0.4,Si_Si_F1_HF,surface,0.8515625,0.0008515625
400.0,0.4,Si_Si_cleaved_F2_H,surface,64.1640625,0.0641640625
400.0,0.4,HF,reservoir_net,-1026.8125,-1.0268125
400.0,0.4,H2,gas_product,0.0,0.0
400.0,0.4,NH3,gas_product,222.5625,0.2225625
400.0,0.4,SiF4,gas_product,23.5078125,0.0235078125
400.0,0.4,SiH2F2,gas_product,53.1171875,0.0531171875
400.0,0.4,SiHF3,gas_product,1.3125,0.0013125
400.0,0.45,bridge_NH_F0,surface,31.0546875,0.0310546875
400.0,0.45,bridge_NH_F1,surface,127.5390625,0.1275390625
400.0,0.45,bridge_NH_F2,surface,68.5234375,0.0685234375
400.0,0.45,bridge_NH_F3,surface,37.3203125,0.0373203125
400.0,0.45,bridge_NH_residual,surface,31.8984375,0.0318984375
400.0,0.45,bridge_NH_F0_HF,surface,0.0,0.0
400.0,0.45,bridge_NH_F1_HF,surface,2.96875,0.00296875
400.0,0.45,bridge_NH_F2_HF,surface,0.6953125,0.0006953125
400.0,0.45,bridge_NH_F3_HF,surface,0.0,0.0
400.0,0.45,terminal_NH2_F0,surface,16.09375,0.01609375
400.0,0.45,terminal_NH2_F1,surface,36.828125,0.036828125
400.0,0.45,terminal_NH2_F2,surface,86.1796875,0.0861796875
400.0,0.45,terminal_NH2_F3,surface,6.6015625,0.0066015625
400.0,0.45,terminal_NH2_residual,surface,0.0,0.0
400.0,0.45,terminal_NH2_F0_HF,surface,0.0,0.0
400.0,0.45,terminal_NH2_F1_HF,surface,0.0390625,3.90625e-05
400.0,0.45,terminal_NH2_F2_HF,surface,3.984375,0.003984375
400.0,0.45,terminal_NH2_F3_HF,surface,0.2734375,0.0002734375
400.0,0.45,Si_H_rich_F0,surface,95.203125,0.095203125
400.0,0.45,Si_H_rich_F1,surface,0.0,0.0
400.0,0.45,Si_H_rich_F2,surface,0.0,0.0
400.0,0.45,Si_H_rich_F3,surface,0.0,0.0
400.0,0.45,Si_H_rich_residual,surface,0.0,0.0
400.0,0.45,Si_H_rich_F0_HF,surface,4.796875,0.004796875
400.0,0.45,Si_H_rich_F1_HF,surface,0.0,0.0
400.0,0.45,Si_H_rich_F2_HF,surface,0.0,0.0
400.0,0.45,Si_H_rich_F3_HF,surface,0.0,0.0
400.0,0.45,bridge_N_F0,surface,19.3984375,0.0193984375
400.0,0.45,bridge_N_F1,surface,45.375,0.045375
400.0,0.45,bridge_N_F2,surface,77.7734375,0.0777734375
400.0,0.45,bridge_N_F3,surface,3.0234375,0.0030234375
400.0,0.45,bridge_N_residual,surface,0.0,0.0
400.0,0.45,bridge_N_F0_HF,surface,0.109375,0.000109375
400.0,0.45,bridge_N_F1_HF,surface,0.515625,0.000515625
400.0,0.45,bridge_N_F2_HF,surface,3.6484375,0.0036484375
400.0,0.45,bridge_N_F3_HF,surface,0.15625,0.00015625
400.0,0.45,pre_SiH2F,surface,41.1015625,0.0411015625
400.0,0.45,pre_SiH2F_HF,surface,1.4296875,0.0014296875
400.0,0.45,pre_SiH2F_residual,surface,57.46875,0.05746875
400.0,0.45,pre_SiHF2,surface,94.2734375,0.0942734375
400.0,0.45,pre_SiHF2_HF,surface,4.2734375,0.0042734375
400.0,0.45,pre_SiHF2_residual,surface,1.453125,0.001453125
400.0,0.45,Si_Si_F1,surface,30.5234375,0.0305234375
400.0,0.45,Si_Si_F1_HF,surface,0.71875,0.00071875
400.0,0.45,Si_Si_cleaved_F2_H,surface,68.7578125,0.0687578125
400.0,0.45,HF,reservoir_net,-1115.8828125,-1.1158828125
400.0,0.45,H2,gas_product,0.0,0.0
400.0,0.45,NH3,gas_product,237.8203125,0.2378203125
400.0,0.45,SiF4,gas_product,31.8984375,0.0318984375
400.0,0.45,SiH2F2,gas_product,57.46875,0.05746875
400.0,0.45,SiHF3,gas_product,1.453125,0.001453125
400.0,0.5,bridge_NH_F0,surface,24.1953125,0.0241953125
400.0,0.5,bridge_NH_F1,surface,117.890625,0.117890625
400.0,0.5,bridge_NH_F2,surface,70.21875,0.07021875
400.0,0.5,bridge_NH_F3,surface,42.484375,0.042484375
400.0,0.5,bridge_NH_residual,surface,41.5390625,0.0415390625
400.0,0.5,bridge_NH_F0_HF,surface,0.0,0.0
400.0,0.5,bridge_NH_F1_HF,surface,2.953125,0.002953125
400.0,0.5,bridge_NH_F2_HF,surface,0.71875,0.00071875
400.0,0.5,bridge_NH_F3_HF,surface,0.0,0.0
400.0,0.5,terminal_NH2_F0,surface,12.734375,0.012734375
400.0,0.5,terminal_NH2_F1,surface,31.8984375,0.0318984375
400.0,0.5,terminal_NH2_F2,surface,92.5625,0.0925625
400.0,0.5,terminal_NH2_F3,surface,8.125,0.008125
400.0,0.5,terminal_NH2_residual,surface,0.0,0.0
400.0,0.5,terminal_NH2_F0_HF,surface,0.0,0.0
400.0,0.5,terminal_NH2_F1_HF,surface,0.0859375,8.59375e-05
400.0,0.5,terminal_NH2_F2_HF,surface,4.3046875,0.0043046875
400.0,0.5,terminal_NH2_F3_HF,surface,0.2890625,0.0002890625
400.0,0.5,Si_H_rich_F0,surface,95.109375,0.095109375
400.0,0.5,Si_H_rich_F1,surface,0.0,0.0
400.0,0.5,Si_H_rich_F2,surface,0.0,0.0
400.0,0.5,Si_H_rich_F3,surface,0.0,0.0
400.0,0.5,Si_H_rich_residual,surface,0.0,0.0
400.0,0.5,Si_H_rich_F0_HF,surface,4.890625,0.004890625
400.0,0.5,Si_H_rich_F1_HF,surface,0.0,0.0
400.0,0.5,Si_H_rich_F2_HF,surface,0.0,0.0
400.0,0.5,Si_H_rich_F3_HF,surface,0.0,0.0
400.0,0.5,bridge_N_F0,surface,15.3671875,0.0153671875
400.0,0.5,bridge_N_F1,surface,41.375,0.041375
400.0,0.5,bridge_N_F2,surface,84.78125,0.08478125
400.0,0.5,bridge_N_F3,surface,3.9140625,0.0039140625
400.0,0.5,bridge_N_residual,surface,0.0,0.0
400.0,0.5,bridge_N_F0_HF,surface,0.09375,9.375e-05
400.0,0.5,bridge_N_F1_HF,surface,0.4375,0.0004375
400.0,0.5,bridge_N_F2_HF,surface,3.8359375,0.0038359375
400.0,0.5,bridge_N_F3_HF,surface,0.1953125,0.0001953125
400.0,0.5,pre_SiH2F,surface,37.6015625,0.0376015625
400.0,0.5,pre_SiH2F_HF,surface,1.1328125,0.0011328125
400.0,0.5,pre_SiH2F_residual,surface,61.265625,0.061265625
400.0,0.5,pre_SiHF2,surface,93.7578125,0.0937578125
400.0,0.5,pre_SiHF2_HF,surface,4.6015625,0.0046015625
400.0,0.5,pre_SiHF2_residual,surface,1.640625,0.001640625
400.0,0.5,Si_Si_F1,surface,26.578125,0.026578125
400.0,0.5,Si_Si_F1_HF,surface,0.703125,0.000703125
400.0,0.5,Si_Si_cleaved_F2_H,surface,72.71875,0.07271875
400.0,0.5,HF,reservoir_net,-1198.53125,-1.19853125
400.0,0.5,H2,gas_product,0.0,0.0
400.0,0.5,NH3,gas_product,250.9609375,0.2509609375
400.0,0.5,SiF4,gas_product,41.5390625,0.0415390625
400.0,0.5,SiH2F2,gas_product,61.265625,0.061265625
400.0,0.5,SiHF3,gas_product,1.640625,0.001640625
400.0,0.55,bridge_NH_F0,surface,18.75,0.01875
400.0,0.55,bridge_NH_F1,surface,109.046875,0.109046875
400.0,0.55,bridge_NH_F2,surface,70.1875,0.0701875
400.0,0.55,bridge_NH_F3,surface,45.9296875,0.0459296875
400.0,0.55,bridge_NH_residual,surface,52.984375,0.052984375
400.0,0.55,bridge_NH_F0_HF,surface,0.0,0.0
400.0,0.55,bridge_NH_F1_HF,surface,2.5,0.0025
400.0,0.55,bridge_NH_F2_HF,surface,0.6015625,0.0006015625
400.0,0.55,bridge_NH_F3_HF,surface,0.0,0.0
400.0,0.55,terminal_NH2_F0,surface,9.9296875,0.0099296875
400.0,0.55,terminal_NH2_F1,surface,27.7421875,0.0277421875
400.0,0.55,terminal_NH2_F2,surface,97.875,0.097875
400.0,0.55,terminal_NH2_F3,surface,9.6171875,0.0096171875
400.0,0.55,terminal_NH2_residual,surface,0.0,0.0
400.0,0.55,terminal_NH2_F0_HF,surface,0.0,0.0
400.0,0.55,terminal_NH2_F1_HF,surface,0.0234375,2.34375e-05
400.0,0.55,terminal_NH2_F2_HF,surface,4.3125,0.0043125
400.0,0.55,terminal_NH2_F3_HF,surface,0.5,0.0005
400.0,0.55,Si_H_rich_F0,surface,94.921875,0.094921875
400.0,0.55,Si_H_rich_F1,surface,0.0,0.0
400.0,0.55,Si_H_rich_F2,surface,0.0,0.0
400.0,0.55,Si_H_rich_F3,surface,0.0,0.0
400.0,0.55,Si_H_rich_residual,surface,0.0,0.0
400.0,0.55,Si_H_rich_F0_HF,surface,5.078125,0.005078125
400.0,0.55,Si_H_rich_F1_HF,surface,0.0,0.0
400.0,0.55,Si_H_rich_F2_HF,surface,0.0,0.0
400.0,0.55,Si_H_rich_F3_HF,surface,0.0,0.0
400.0,0.55,bridge_N_F0,surface,12.359375,0.012359375
400.0,0.55,bridge_N_F1,surface,36.3828125,0.0363828125
400.0,0.55,bridge_N_F2,surface,91.6953125,0.0916953125
400.0,0.55,bridge_N_F3,surface,4.8671875,0.0048671875
400.0,0.55,bridge_N_residual,surface,0.0,0.0
400.0,0.55,bridge_N_F0_HF,surface,0.0546875,5.46875e-05
400.0,0.55,bridge_N_F1_HF,surface,0.4296875,0.0004296875
400.0,0.55,bridge_N_F2_HF,surface,4.046875,0.004046875
400.0,0.55,bridge_N_F3_HF,surface,0.1640625,0.0001640625
400.0,0.55,pre_SiH2F,surface,34.28125,0.03428125
400.0,0.55,pre_SiH2F_HF,surface,0.9609375,0.0009609375
400.0,0.55,pre_SiH2F_residual,surface,64.7578125,0.0647578125
400.0,0.55,pre_SiHF2,surface,93.7421875,0.0937421875
400.0,0.55,pre_SiHF2_HF,surface,4.46875,0.00446875
400.0,0.55,pre_SiHF2_residual,surface,1.7890625,0.0017890625
400.0,0.55,Si_Si_F1,surface,23.2421875,0.0232421875
400.0,0.55,Si_Si_F1_HF,surface,0.75,0.00075
400.0,0.55,Si_Si_cleaved_F2_H,surface,76.0078125,0.0760078125
400.0,0.55,HF,reservoir_net,-1275.1796875,-1.2751796875
400.0,0.55,H2,gas_product,0.0,0.0
400.0,0.55,NH3,gas_product,262.4921875,0.2624921875
400.0,0.55,SiF4,gas_product,52.984375,0.052984375
400.0,0.55,SiH2F2,gas_product,64.7578125,0.0647578125
400.0,0.55,SiHF3,gas_product,1.7890625,0.0017890625
400.0,0.6000000000000001,bridge_NH_F0,surface,14.53125,0.01453125
400.0,0.6000000000000001,bridge_NH_F1,surface,99.3046875,0.0993046875
400.0,0.6000000000000001,bridge_NH_F2,surface,69.25,0.06925
400.0,0.6000000000000001,bridge_NH_F3,surface,48.640625,0.048640625
400.0,0.6000000000000001,bridge_NH_residual,surface,65.2109375,0.0652109375
400.0,0.6000000000000001,bridge_NH_F0_HF,surface,0.0,0.0
400.0,0.6000000000000001,bridge_NH_F1_HF,surface,2.4609375,0.0024609375
400.0,0.6000000000000001,bridge_NH_F2_HF,surface,0.6015625,0.0006015625
400.0,0.6000000000000001,bridge_NH_F3_HF,surface,0.0,0.0
400.0,0.6000000000000001,terminal_NH2_F0,surface,7.796875,0.007796875
400.0,0.6000000000000001,terminal_NH2_F1,surface,23.7421875,0.0237421875
400.0,0.6000000000000001,terminal_NH2_F2,surface,101.6953125,0.1016953125
400.0,0.6000000000000001,terminal_NH2_F3,surface,11.5234375,0.0115234375
400.0,0.6000000000000001,terminal_NH2_residual,surface,0.0,0.0
400.0,0.6000000000000001,terminal_NH2_F0_HF,surface,0.0,0.0
400.0,0.6000000000000001,terminal_NH2_F1_HF,surface,0.0234375,2.34375e-05
400.0,0.6000000000000001,terminal_NH2_F2_HF,surface,4.65625,0.00465625
400.0,0.6000000000000001,terminal_NH2_F3_HF,surface,0.5625,0.0005625
400.0,0.6000000000000001,Si_H_rich_F0,surface,95.4453125,0.0954453125
400.0,0.6000000000000001,Si_H_rich_F1,surface,0.0,0.0
400.0,0.6000000000000001,Si_H_rich_F2,surface,0.0,0.0
400.0,0.6000000000000001,Si_H_rich_F3,surface,0.0,0.0
400.0,0.6000000000000001,Si_H_rich_residual,surface,0.0,0.0
400.0,0.6000000000000001,Si_H_rich_F0_HF,surface,4.5546875,0.0045546875
400.0,0.6000000000000001,Si_H_rich_F1_HF,surface,0.0,0.0
400.0,0.6000000000000001,Si_H_rich_F2_HF,surface,0.0,0.0
400.0,0.6000000000000001,Si_H_rich_F3_HF,surface,0.0,0.0
400.0,0.6000000000000001,bridge_N_F0,surface,9.8359375,0.0098359375
400.0,0.6000000000000001,bridge_N_F1,surface,31.703125,0.031703125
400.0,0.6000000000000001,bridge_N_F2,surface,97.03125,0.09703125
400.0,0.6000000000000001,bridge_N_F3,surface,5.8984375,0.0058984375
400.0,0.6000000000000001,bridge_N_residual,surface,0.0,0.0
400.0,0.6000000000000001,bridge_N_F0_HF,surface,0.078125,7.8125e-05
400.0,0.6000000000000001,bridge_N_F1_HF,surface,0.28125,0.00028125
400.0,0.6000000000000001,bridge_N_F2_HF,surface,4.90625,0.00490625
400.0,0.6000000000000001,bridge_N_F3_HF,surface,0.265625,0.000265625
400.0,0.6000000000000001,pre_SiH2F,surface,31.1796875,0.0311796875
400.0,0.6000000000000001,pre_SiH2F_HF,surface,0.8671875,0.0008671875
400.0,0.6000000000000001,pre_SiH2F_residual,surface,67.953125,0.067953125
400.0,0.6000000000000001,pre_SiHF2,surface,93.6171875,0.0936171875
400.0,0.6000000000000001,pre_SiHF2_HF,surface,4.4375,0.0044375
400.0,0.6000000000000001,pre_SiHF2_residual,surface,1.9453125,0.0019453125
400.0,0.6000000000000001,Si_Si_F1,surface,20.6640625,0.0206640625
400.0,0.6000000000000001,Si_Si_F1_HF,surface,0.5,0.0005
400.0,0.6000000000000001,Si_Si_cleaved_F2_H,surface,78.8359375,0.0788359375
400.0,0.6000000000000001,HF,reservoir_net,-1348.2421875,-1.3482421875
400.0,0.6000000000000001,H2,gas_product,0.0,0.0
400.0,0.6000000000000001,NH3,gas_product,272.7265625,0.2727265625
400.0,0.6000000000000001,SiF4,gas_product,65.2109375,0.0652109375
400.0,0.6000000000000001,SiH2F2,gas_product,67.953125,0.067953125
400.0,0.6000000000000001,SiHF3,gas_product,1.9453125,0.0019453125
400.0,0.65,bridge_NH_F0,surface,11.109375,0.011109375
400.0,0.65,bridge_NH_F1,surface,90.5703125,0.0905703125
400.0,0.65,bridge_NH_F2,surface,67.984375,0.067984375
400.0,0.65,bridge_NH_F3,surface,50.3359375,0.0503359375
400.0,0.65,bridge_NH_residual,surface,77.1796875,0.0771796875
400.0,0.65,bridge_NH_F0_HF,surface,0.0,0.0
400.0,0.65,bridge_NH_F1_HF,surface,2.1484375,0.0021484375
400.0,0.65,bridge_NH_F2_HF,surface,0.671875,0.000671875
400.0,0.65,bridge_NH_F3_HF,surface,0.0,0.0
400.0,0.65,terminal_NH2_F0,surface,6.1796875,0.0061796875
400.0,0.65,terminal_NH2_F1,surface,20.0546875,0.0200546875
400.0,0.65,terminal_NH2_F2,surface,104.828125,0.104828125
400.0,0.65,terminal_NH2_F3,surface,13.3046875,0.0133046875
400.0,0.65,terminal_NH2_residual,surface,0.0,0.0
400.0,0.65,terminal_NH2_F0_HF,surface,0.0,0.0
400.0,0.65,terminal_NH2_F1_HF,surface,0.0234375,2.34375e-05
400.0,0.65,terminal_NH2_F2_HF,surface,4.9765625,0.0049765625
400.0,0.65,terminal_NH2_F3_HF,surface,0.6328125,0.0006328125
400.0,0.65,Si_H_rich_F0,surface,95.5390625,0.0955390625
400.0,0.65,Si_H_rich_F1,surface,0.0,0.0
400.0,0.65,Si_H_rich_F2,surface,0.0,0.0
400.0,0.65,Si_H_rich_F3,surface,0.0,0.0
400.0,0.65,Si_H_rich_residual,surface,0.0,0.0
400.0,0.65,Si_H_rich_F0_HF,surface,4.4609375,0.0044609375
400.0,0.65,Si_H_rich_F1_HF,surface,0.0,0.0
400.0,0.65,Si_H_rich_F2_HF,surface,0.0,0.0
400.0,0.65,Si_H_rich_F3_HF,surface,0.0,0.0
400.0,0.65,bridge_N_F0,surface,7.8203125,0.0078203125
400.0,0.65,bridge_N_F1,surface,27.671875,0.027671875
400.0,0.65,bridge_N_F2,surface,102.03125,0.10203125
400.0,0.65,bridge_N_F3,surface,6.953125,0.006953125
400.0,0.65,bridge_N_residual,surface,0.0,0.0
400.0,0.65,bridge_N_F0_HF,surface,0.0625,6.25e-05
400.0,0.65,bridge_N_F1_HF,surface,0.3203125,0.0003203125
400.0,0.65,bridge_N_F2_HF,surface,4.8203125,0.0048203125
400.0,0.65,bridge_N_F3_HF,surface,0.3203125,0.0003203125
400.0,0.65,pre_SiH2F,surface,28.3515625,0.0283515625
400.0,0.65,pre_SiH2F_HF,surface,0.9296875,0.0009296875
400.0,0.65,pre_SiH2F_residual,surface,70.71875,0.07071875
400.0,0.65,pre_SiHF2,surface,93.484375,0.093484375
400.0,0.65,pre_SiHF2_HF,surface,4.3984375,0.0043984375
400.0,0.65,pre_SiHF2_residual,surface,2.1171875,0.0021171875
400.0,0.65,Si_Si_F1,surface,18.1875,0.0181875
400.0,0.65,Si_Si_F1_HF,surface,0.4765625,0.0004765625
400.0,0.65,Si_Si_cleaved_F2_H,surface,81.3359375,0.0813359375
400.0,0.65,HF,reservoir_net,-1413.1875,-1.4131875
400.0,0.65,H2,gas_product,0.0,0.0
400.0,0.65,NH3,gas_product,281.5,0.2815
400.0,0.65,SiF4,gas_product,77.1796875,0.0771796875
400.0,0.65,SiH2F2,gas_product,70.71875,0.07071875
400.0,0.65,SiHF3,gas_product,2.1171875,0.0021171875
400.0,0.7000000000000001,bridge_NH_F0,surface,8.5703125,0.0085703125
400.0,0.7000000000000001,bridge_NH_F1,surface,81.0703125,0.0810703125
400.0,0.7000000000000001,bridge_NH_F2,surface,66.2578125,0.0662578125
400.0,0.7000000000000001,bridge_NH_F3,surface,51.59375,0.05159375
400.0,0.7000000000000001,bridge_NH_residual,surface,89.9296875,0.0899296875
400.0,0.7000000000000001,bridge_NH_F0_HF,surface,0.0,0.0
400.0,0.7000000000000001,bridge_NH_F1_HF,surface,2.0625,0.0020625
400.0,0.7000000000000001,bridge_NH_F2_HF,surface,0.515625,0.000515625
400.0,0.7000000000000001,bridge_NH_F3_HF,surface,0.0,0.0
400.0,0.7000000000000001,terminal_NH2_F0,surface,4.75,0.00475
400.0,0.7000000000000001,terminal_NH2_F1,surface,16.9140625,0.0169140625
400.0,0.7000000000000001,terminal_NH2_F2,surface,107.453125,0.107453125
400.0,0.7000000000000001,terminal_NH2_F3,surface,15.203125,0.015203125
400.0,0.7000000000000001,terminal_NH2_residual,surface,0.0,0.0
400.0,0.7000000000000001,terminal_NH2_F0_HF,surface,0.0,0.0
400.0,0.7000000000000001,terminal_NH2_F1_HF,surface,0.0234375,2.34375e-05
400.0,0.7000000000000001,terminal_NH2_F2_HF,surface,4.9453125,0.0049453125
400.0,0.7000000000000001,terminal_NH2_F3_HF,surface,0.7109375,0.0007109375
400.0,0.7000000000000001,Si_H_rich_F0,surface,95.0859375,0.0950859375
400.0,0.7000000000000001,Si_H_rich_F1,surface,0.0,0.0
400.0,0.7000000000000001,Si_H_rich_F2,surface,0.0,0.0
400.0,0.7000000000000001,Si_H_rich_F3,surface,0.0,0.0
400.0,0.7000000000000001,Si_H_rich_residual,surface,0.0,0.0
400.0,0.7000000000000001,Si_H_rich_F0_HF,surface,4.9140625,0.0049140625
400.0,0.7000000000000001,Si_H_rich_F1_HF,surface,0.0,0.0
400.0,0.7000000000000001,Si_H_rich_F2_HF,surface,0.0,0.0
400.0,0.7000000000000001,Si_H_rich_F3_HF,surface,0.0,0.0
400.0,0.7000000000000001,bridge_N_F0,surface,6.2578125,0.0062578125
400.0,0.7000000000000001,bridge_N_F1,surface,24.1875,0.0241875
400.0,0.7000000000000001,bridge_N_F2,surface,105.7734375,0.1057734375
400.0,0.7000000000000001,bridge_N_F3,surface,8.046875,0.008046875
400.0,0.7000000000000001,bridge_N_residual,surface,0.0,0.0
400.0,0.7000000000000001,bridge_N_F0_HF,surface,0.0234375,2.34375e-05
400.0,0.7000000000000001,bridge_N_F1_HF,surface,0.3125,0.0003125
400.0,0.7000000000000001,bridge_N_F2_HF,surface,5.03125,0.00503125
400.0,0.7000000000000001,bridge_N_F3_HF,surface,0.3671875,0.0003671875
400.0,0.7000000000000001,pre_SiH2F,surface,25.8984375,0.0258984375
400.0,0.7000000000000001,pre_SiH2F_HF,surface,0.859375,0.000859375
400.0,0.7000000000000001,pre_SiH2F_residual,surface,73.2421875,0.0732421875
400.0,0.7000000000000001,pre_SiHF2,surface,93.1015625,0.0931015625
400.0,0.7000000000000001,pre_SiHF2_HF,surface,4.6171875,0.0046171875
400.0,0.7000000000000001,pre_SiHF2_residual,surface,2.28125,0.00228125
400.0,0.7000000000000001,Si_Si_F1,surface,16.046875,0.016046875
400.0,0.7000000000000001,Si_Si_F1_HF,surface,0.375,0.000375
400.0,0.7000000000000001,Si_Si_cleaved_F2_H,surface,83.578125,0.083578125
400.0,0.7000000000000001,HF,reservoir_net,-1475.8671875,-1.4758671875
400.0,0.7000000000000001,H2,gas_product,0.0,0.0
400.0,0.7000000000000001,NH3,gas_product,289.4765625,0.2894765625
400.0,0.7000000000000001,SiF4,gas_product,89.9296875,0.0899296875
400.0,0.7000000000000001,SiH2F2,gas_product,73.2421875,0.0732421875
400.0,0.7000000000000001,SiHF3,gas_product,2.28125,0.00228125
400.0,0.75,bridge_NH_F0,surface,6.6328125,0.0066328125
400.0,0.75,bridge_NH_F1,surface,72.453125,0.072453125
400.0,0.75,bridge_NH_F2,surface,63.5078125,0.0635078125
400.0,0.75,bridge_NH_F3,surface,52.5,0.0525
400.0,0.75,bridge_NH_residual,surface,102.7109375,0.1027109375
400.0,0.75,bridge_NH_F0_HF,surface,0.0,0.0
400.0,0.75,bridge_NH_F1_HF,surface,1.796875,0.001796875
400.0,0.75,bridge_NH_F2_HF,surface,0.3984375,0.0003984375
400.0,0.75,bridge_NH_F3_HF,surface,0.0,0.0
400.0,0.75,terminal_NH2_F0,surface,3.7109375,0.0037109375
400.0,0.75,terminal_NH2_F1,surface,14.3671875,0.0143671875
400.0,0.75,terminal_NH2_F2,surface,109.0625,0.1090625
400.0,0.75,terminal_NH2_F3,surface,17.1171875,0.0171171875
400.0,0.75,terminal_NH2_residual,surface,0.0,0.0
400.0,0.75,terminal_NH2_F0_HF,surface,0.0,0.0
400.0,0.75,terminal_NH2_F1_HF,surface,0.015625,1.5625e-05
400.0,0.75,terminal_NH2_F2_HF,surface,4.9140625,0.0049140625
400.0,0.75,terminal_NH2_F3_HF,surface,0.8125,0.0008125
400.0,0.75,Si_H_rich_F0,surface,95.25,0.09525
400.0,0.75,Si_H_rich_F1,surface,0.0,0.0
400.0,0.75,Si_H_rich_F2,surface,0.0,0.0
400.0,0.75,Si_H_rich_F3,surface,0.0,0.0
400.0,0.75,Si_H_rich_residual,surface,0.0,0.0
400.0,0.75,Si_H_rich_F0_HF,surface,4.75,0.00475
400.0,0.75,Si_H_rich_F1_HF,surface,0.0,0.0
400.0,0.75,Si_H_rich_F2_HF,surface,0.0,0.0
400.0,0.75,Si_H_rich_F3_HF,surface,0.0,0.0
400.0,0.75,bridge_N_F0,surface,4.9765625,0.0049765625
400.0,0.75,bridge_N_F1,surface,20.890625,0.020890625
400.0,0.75,bridge_N_F2,surface,109.3203125,0.1093203125
400.0,0.75,bridge_N_F3,surface,9.03125,0.00903125
400.0,0.75,bridge_N_residual,surface,0.0,0.0
400.0,0.75,bridge_N_F0_HF,surface,0.015625,1.5625e-05
400.0,0.75,bridge_N_F1_HF,surface,0.3203125,0.0003203125
400.0,0.75,bridge_N_F2_HF,surface,5.0390625,0.0050390625
400.0,0.75,bridge_N_F3_HF,surface,0.40625,0.00040625
400.0,0.75,pre_SiH2F,surface,23.8515625,0.0238515625
400.0,0.75,pre_SiH2F_HF,surface,0.609375,0.000609375
400.0,0.75,pre_SiH2F_residual,surface,75.5390625,0.0755390625
400.0,0.75,pre_SiHF2,surface,93.0546875,0.0930546875
400.0,0.75,pre_SiHF2_HF,surface,4.515625,0.004515625
400.0,0.75,pre_SiHF2_residual,surface,2.4296875,0.0024296875
400.0,0.75,Si_Si_F1,surface,13.9609375,0.0139609375
400.0,0.75,Si_Si_F1_HF,surface,0.359375,0.000359375
400.0,0.75,Si_Si_cleaved_F2_H,surface,85.6796875,0.0856796875
400.0,0.75,HF,reservoir_net,-1532.375,-1.532375
400.0,0.75,H2,gas_product,0.0,0.0
400.0,0.75,NH3,gas_product,296.125,0.296125
400.0,0.75,SiF4,gas_product,102.7109375,0.1027109375
400.0,0.75,SiH2F2,gas_product,75.5390625,0.0755390625
400.0,0.75,SiHF3,gas_product,2.4296875,0.0024296875
400.0,0.8,bridge_NH_F0,surface,5.28125,0.00528125
400.0,0.8,bridge_NH_F1,surface,65.3203125,0.0653203125
400.0,0.8,bridge_NH_F2,surface,59.734375,0.059734375
400.0,0.8,bridge_NH_F3,surface,52.421875,0.052421875
400.0,0.8,bridge_NH_residual,surface,115.3125,0.1153125
400.0,0.8,bridge_NH_F0_HF,surface,0.0,0.0
400.0,0.8,bridge_NH_F1_HF,surface,1.421875,0.001421875
400.0,0.8,bridge_NH_F2_HF,surface,0.5078125,0.0005078125
400.0,0.8,bridge_NH_F3_HF,surface,0.0,0.0
400.0,0.8,terminal_NH2_F0,surface,2.9609375,0.0029609375
400.0,0.8,terminal_NH2_F1,surface,12.203125,0.012203125
400.0,0.8,terminal_NH2_F2,surface,109.421875,0.109421875
400.0,0.8,terminal_NH2_F3,surface,19.2109375,0.0192109375
400.0,0.8,terminal_NH2_residual,surface,0.0,0.0
400.0,0.8,terminal_NH2_F0_HF,surface,0.0,0.0
400.0,0.8,terminal_NH2_F1_HF,surface,0.0234375,2.34375e-05
400.0,0.8,terminal_NH2_F2_HF,surface,5.1875,0.0051875
400.0,0.8,terminal_NH2_F3_HF,surface,0.9921875,0.0009921875
400.0,0.8,Si_H_rich_F0,surface,95.1171875,0.0951171875
400.0,0.8,Si_H_rich_F1,surface,0.0,0.0
400.0,0.8,Si_H_rich_F2,surface,0.0,0.0
400.0,0.8,Si_H_rich_F3,surface,0.0,0.0
400.0,0.8,Si_H_rich_residual,surface,0.0,0.0
400.0,0.8,Si_H_rich_F0_HF,surface,4.8828125,0.0048828125
400.0,0.8,Si_H_rich_F1_HF,surface,0.0,0.0
400.0,0.8,Si_H_rich_F2_HF,surface,0.0,0.0
400.0,0.8,Si_H_rich_F3_HF,surface,0.0,0.0
400.0,0.8,bridge_N_F0,surface,4.0859375,0.0040859375
400.0,0.8,bridge_N_F1,surface,18.125,0.018125
400.0,0.8,bridge_N_F2,surface,112.015625,0.112015625
400.0,0.8,bridge_N_F3,surface,10.015625,0.010015625
400.0,0.8,bridge_N_residual,surface,0.0,0.0
400.0,0.8,bridge_N_F0_HF,surface,0.0,0.0
400.0,0.8,bridge_N_F1_HF,surface,0.140625,0.000140625
400.0,0.8,bridge_N_F2_HF,surface,5.1328125,0.0051328125
400.0,0.8,bridge_N_F3_HF,surface,0.484375,0.000484375
400.0,0.8,pre_SiH2F,surface,21.734375,0.021734375
400.0,0.8,pre_SiH2F_HF,surface,0.7109375,0.0007109375
400.0,0.8,pre_SiH2F_residual,surface,77.5546875,0.0775546875
400.0,0.8,pre_SiHF2,surface,92.8515625,0.0928515625
400.0,0.8,pre_SiHF2_HF,surface,4.578125,0.004578125
400.0,0.8,pre_SiHF2_residual,surface,2.5703125,0.0025703125
400.0,0.8,Si_Si_F1,surface,12.03125,0.01203125
400.0,0.8,Si_Si_F1_HF,surface,0.3203125,0.0003203125
400.0,0.8,Si_Si_cleaved_F2_H,surface,87.6484375,0.0876484375
400.0,0.8,HF,reservoir_net,-1584.015625,-1.584015625
400.0,0.8,H2,gas_product,0.0,0.0
400.0,0.8,NH3,gas_product,302.0546875,0.3020546875
400.0,0.8,SiF4,gas_product,115.3125,0.1153125
400.0,0.8,SiH2F2,gas_product,77.5546875,0.0775546875
400.0,0.8,SiHF3,gas_product,2.5703125,0.0025703125
400.0,0.8500000000000001,bridge_NH_F0,surface,4.140625,0.004140625
400.0,0.8500000000000001,bridge_NH_F1,surface,58.84375,0.05884375
400.0,0.8500000000000001,bridge_NH_F2,surface,55.875,0.055875
400.0,0.8500000000000001,bridge_NH_F3,surface,51.390625,0.051390625
400.0,0.8500000000000001,bridge_NH_residual,surface,127.96875,0.12796875
400.0,0.8500000000000001,bridge_NH_F0_HF,surface,0.0,0.0
400.0,0.8500000000000001,bridge_NH_F1_HF,surface,1.3046875,0.0013046875
400.0,0.8500000000000001,bridge_NH_F2_HF,surface,0.4765625,0.0004765625
400.0,0.8500000000000001,bridge_NH_F3_HF,surface,0.0,0.0
400.0,0.8500000000000001,terminal_NH2_F0,surface,2.3125,0.0023125
400.0,0.8500000000000001,terminal_NH2_F1,surface,10.171875,0.010171875
400.0,0.8500000000000001,terminal_NH2_F2,surface,110.171875,0.110171875
400.0,0.8500000000000001,terminal_NH2_F3,surface,21.2578125,0.0212578125
400.0,0.8500000000000001,terminal_NH2_residual,surface,0.0,0.0
400.0,0.8500000000000001,terminal_NH2_F0_HF,surface,0.0,0.0
400.0,0.8500000000000001,terminal_NH2_F1_HF,surface,0.0390625,3.90625e-05
400.0,0.8500000000000001,terminal_NH2_F2_HF,surface,5.15625,0.00515625
400.0,0.8500000000000001,terminal_NH2_F3_HF,surface,0.890625,0.000890625
400.0,0.8500000000000001,Si_H_rich_F0,surface,95.2578125,0.0952578125
400.0,0.8500000000000001,Si_H_rich_F1,surface,0.0,0.0
400.0,0.8500000000000001,Si_H_rich_F2,surface,0.0,0.0
400.0,0.8500000000000001,Si_H_rich_F3,surface,0.0,0.0
400.0,0.8500000000000001,Si_H_rich_residual,surface,0.0,0.0
400.0,0.8500000000000001,Si_H_rich_F0_HF,surface,4.7421875,0.0047421875
400.0,0.8500000000000001,Si_H_rich_F1_HF,surface,0.0,0.0
400.0,0.8500000000000001,Si_H_rich_F2_HF,surface,0.0,0.0
400.0,0.8500000000000001,Si_H_rich_F3_HF,surface,0.0,0.0
400.0,0.8500000000000001,bridge_N_F0,surface,3.3828125,0.0033828125
400.0,0.8500000000000001,bridge_N_F1,surface,15.4296875,0.0154296875
400.0,0.8500000000000001,bridge_N_F2,surface,114.0078125,0.1140078125
400.0,0.8500000000000001,bridge_N_F3,surface,10.984375,0.010984375
400.0,0.8500000000000001,bridge_N_residual,surface,0.0,0.0
400.0,0.8500000000000001,bridge_N_F0_HF,surface,0.03125,3.125e-05
400.0,0.8500000000000001,bridge_N_F1_HF,surface,0.140625,0.000140625
400.0,0.8500000000000001,bridge_N_F2_HF,surface,5.359375,0.005359375
400.0,0.8500000000000001,bridge_N_F3_HF,surface,0.6640625,0.0006640625
400.0,0.8500000000000001,pre_SiH2F,surface,19.7578125,0.0197578125
400.0,0.8500000000000001,pre_SiH2F_HF,surface,0.515625,0.000515625
400.0,0.8500000000000001,pre_SiH2F_residual,surface,79.7265625,0.0797265625
400.0,0.8500000000000001,pre_SiHF2,surface,92.7421875,0.0927421875
400.0,0.8500000000000001,pre_SiHF2_HF,surface,4.484375,0.004484375
400.0,0.8500000000000001,pre_SiHF2_residual,surface,2.7734375,0.0027734375
400.0,0.8500000000000001,Si_Si_F1,surface,10.5390625,0.0105390625
400.0,0.8500000000000001,Si_Si_F1_HF,surface,0.1953125,0.0001953125
400.0,0.8500000000000001,Si_Si_cleaved_F2_H,surface,89.265625,0.089265625
400.0,0.8500000000000001,HF,reservoir_net,-1631.2265625,-1.6312265625
400.0,0.8500000000000001,H2,gas_product,0.0,0.0
400.0,0.8500000000000001,NH3,gas_product,307.3125,0.3073125
400.0,0.8500000000000001,SiF4,gas_product,127.96875,0.12796875
400.0,0.8500000000000001,SiH2F2,gas_product,79.7265625,0.0797265625
400.0,0.8500000000000001,SiHF3,gas_product,2.7734375,0.0027734375
400.0,0.9,bridge_NH_F0,surface,3.21875,0.00321875
400.0,0.9,bridge_NH_F1,surface,52.640625,0.052640625
400.0,0.9,bridge_NH_F2,surface,51.4140625,0.0514140625
400.0,0.9,bridge_NH_F3,surface,50.1953125,0.0501953125
400.0,0.9,bridge_NH_residual,surface,140.7734375,0.1407734375
400.0,0.9,bridge_NH_F0_HF,surface,0.0,0.0
400.0,0.9,bridge_NH_F1_HF,surface,1.21875,0.00121875
400.0,0.9,bridge_NH_F2_HF,surface,0.5390625,0.0005390625
400.0,0.9,bridge_NH_F3_HF,surface,0.0,0.0
400.0,0.9,terminal_NH2_F0,surface,1.8671875,0.0018671875
400.0,0.9,terminal_NH2_F1,surface,8.453125,0.008453125
400.0,0.9,terminal_NH2_F2,surface,110.6015625,0.1106015625
400.0,0.9,terminal_NH2_F3,surface,22.953125,0.022953125
400.0,0.9,terminal_NH2_residual,surface,0.0,0.0
400.0,0.9,terminal_NH2_F0_HF,surface,0.0,0.0
400.0,0.9,terminal_NH2_F1_HF,surface,0.015625,1.5625e-05
400.0,0.9,terminal_NH2_F2_HF,surface,5.0703125,0.0050703125
400.0,0.9,terminal_NH2_F3_HF,surface,1.0390625,0.0010390625
400.0,0.9,Si_H_rich_F0,surface,95.2109375,0.0952109375
400.0,0.9,Si_H_rich_F1,surface,0.0,0.0
400.0,0.9,Si_H_rich_F2,surface,0.0,0.0
400.0,0.9,Si_H_rich_F3,surface,0.0,0.0
400.0,0.9,Si_H_rich_residual,surface,0.0,0.0
400.0,0.9,Si_H_rich_F0_HF,surface,4.7890625,0.0047890625
400.0,0.9,Si_H_rich_F1_HF,surface,0.0,0.0
400.0,0.9,Si_H_rich_F2_HF,surface,0.0,0.0
400.0,0.9,Si_H_rich_F3_HF,surface,0.0,0.0
400.0,0.9,bridge_N_F0,surface,2.859375,0.002859375
400.0,0.9,bridge_N_F1,surface,13.1015625,0.0131015625
400.0,0.9,bridge_N_F2,surface,115.1953125,0.1151953125
400.0,0.9,bridge_N_F3,surface,12.375,0.012375
400.0,0.9,bridge_N_residual,surface,0.0,0.0
400.0,0.9,bridge_N_F0_HF,surface,0.0078125,7.8125e-06
400.0,0.9,bridge_N_F1_HF,surface,0.1171875,0.0001171875
400.0,0.9,bridge_N_F2_HF,surface,5.7890625,0.0057890625
400.0,0.9,bridge_N_F3_HF,surface,0.5546875,0.0005546875
400.0,0.9,pre_SiH2F,surface,17.9453125,0.0179453125
400.0,0.9,pre_SiH2F_HF,surface,0.5390625,0.0005390625
400.0,0.9,pre_SiH2F_residual,surface,81.515625,0.081515625
400.0,0.9,pre_SiHF2,surface,92.34375,0.09234375
400.0,0.9,pre_SiHF2_HF,surface,4.71875,0.00471875
400.0,0.9,pre_SiHF2_residual,surface,2.9375,0.0029375
400.0,0.9,Si_Si_F1,surface,9.1640625,0.0091640625
400.0,0.9,Si_Si_F1_HF,surface,0.1875,0.0001875
400.0,0.9,Si_Si_cleaved_F2_H,surface,90.6484375,0.0906484375
400.0,0.9,HF,reservoir_net,-1676.8984375,-1.6768984375
400.0,0.9,H2,gas_product,0.0,0.0
400.0,0.9,NH3,gas_product,311.7890625,0.3117890625
400.0,0.9,SiF4,gas_product,140.7734375,0.1407734375
400.0,0.9,SiH2F2,gas_product,81.515625,0.081515625
400.0,0.9,SiHF3,gas_product,2.9375,0.0029375
400.0,0.9500000000000001,bridge_NH_F0,surface,2.5625,0.0025625
400.0,0.9500000000000001,bridge_NH_F1,surface,46.9765625,0.0469765625
400.0,0.9500000000000001,bridge_NH_F2,surface,47.5078125,0.0475078125
400.0,0.9500000000000001,bridge_NH_F3,surface,47.9765625,0.0479765625
400.0,0.9500000000000001,bridge_NH_residual,surface,153.3828125,0.1533828125
400.0,0.9500000000000001,bridge_NH_F0_HF,surface,0.0,0.0
400.0,0.9500000000000001,bridge_NH_F1_HF,surface,1.203125,0.001203125
400.0,0.9500000000000001,bridge_NH_F2_HF,surface,0.390625,0.000390625
400.0,0.9500000000000001,bridge_NH_F3_HF,surface,0.0,0.0
400.0,0.9500000000000001,terminal_NH2_F0,surface,1.5078125,0.0015078125
400.0,0.9500000000000001,terminal_NH2_F1,surface,6.9296875,0.0069296875
400.0,0.9500000000000001,terminal_NH2_F2,surface,110.3359375,0.1103359375
400.0,0.9500000000000001,terminal_NH2_F3,surface,24.796875,0.024796875
400.0,0.9500000000000001,terminal_NH2_residual,surface,0.0,0.0
400.0,0.9500000000000001,terminal_NH2_F0_HF,surface,0.0,0.0
400.0,0.9500000000000001,terminal_NH2_F1_HF,surface,0.0078125,7.8125e-06
400.0,0.9500000000000001,terminal_NH2_F2_HF,surface,5.078125,0.005078125
400.0,0.9500000000000001,terminal_NH2_F3_HF,surface,1.34375,0.00134375
400.0,0.9500000000000001,Si_H_rich_F0,surface,95.0390625,0.0950390625
400.0,0.9500000000000001,Si_H_rich_F1,surface,0.0,0.0
400.0,0.9500000000000001,Si_H_rich_F2,surface,0.0,0.0
400.0,0.9500000000000001,Si_H_rich_F3,surface,0.0,0.0
400.0,0.9500000000000001,Si_H_rich_residual,surface,0.0,0.0
400.0,0.9500000000000001,Si_H_rich_F0_HF,surface,4.9609375,0.0049609375
400.0,0.9500000000000001,Si_H_rich_F1_HF,surface,0.0,0.0
400.0,0.9500000000000001,Si_H_rich_F2_HF,surface,0.0,0.0
400.0,0.9500000000000001,Si_H_rich_F3_HF,surface,0.0,0.0
400.0,0.9500000000000001,bridge_N_F0,surface,2.1796875,0.0021796875
400.0,0.9500000000000001,bridge_N_F1,surface,11.4765625,0.0114765625
400.0,0.9500000000000001,bridge_N_F2,surface,116.7265625,0.1167265625
400.0,0.9500000000000001,bridge_N_F3,surface,13.4296875,0.0134296875
400.0,0.9500000000000001,bridge_N_residual,surface,0.0,0.0
400.0,0.9500000000000001,bridge_N_F0_HF,surface,0.0078125,7.8125e-06
400.0,0.9500000000000001,bridge_N_F1_HF,surface,0.140625,0.000140625
400.0,0.9500000000000001,bridge_N_F2_HF,surface,5.2421875,0.0052421875
400.0,0.9500000000000001,bridge_N_F3_HF,surface,0.796875,0.000796875
400.0,0.9500000000000001,pre_SiH2F,surface,16.328125,0.016328125
400.0,0.9500000000000001,pre_SiH2F_HF,surface,0.4921875,0.0004921875
400.0,0.9500000000000001,pre_SiH2F_residual,surface,83.1796875,0.0831796875
400.0,0.9500000000000001,pre_SiHF2,surface,92.0859375,0.0920859375
400.0,0.9500000000000001,pre_SiHF2_HF,surface,4.8203125,0.0048203125
400.0,0.9500000000000001,pre_SiHF2_residual,surface,3.09375,0.00309375
400.0,0.9500000000000001,Si_Si_F1,surface,8.0,0.008
400.0,0.9500000000000001,Si_Si_F1_HF,surface,0.21875,0.00021875
400.0,0.9500000000000001,Si_Si_cleaved_F2_H,surface,91.78125,0.09178125
400.0,0.9500000000000001,HF,reservoir_net,-1718.6171875,-1.7186171875
400.0,0.9500000000000001,H2,gas_product,0.0,0.0
400.0,0.9500000000000001,NH3,gas_product,316.1875,0.3161875
400.0,0.9500000000000001,SiF4,gas_product,153.3828125,0.1533828125
400.0,0.9500000000000001,SiH2F2,gas_product,83.1796875,0.0831796875
400.0,0.9500000000000001,SiHF3,gas_product,3.09375,0.00309375
400.0,1.0,bridge_NH_F0,surface,1.9609375,0.0019609375
400.0,1.0,bridge_NH_F1,surface,41.9453125,0.0419453125
400.0,1.0,bridge_NH_F2,surface,43.7734375,0.0437734375
400.0,1.0,bridge_NH_F3,surface,45.84375,0.04584375
400.0,1.0,bridge_NH_residual,surface,165.109375,0.165109375
400.0,1.0,bridge_NH_F0_HF,surface,0.0,0.0
400.0,1.0,bridge_NH_F1_HF,surface,0.96875,0.00096875
400.0,1.0,bridge_NH_F2_HF,surface,0.3984375,0.0003984375
400.0,1.0,bridge_NH_F3_HF,surface,0.0,0.0
400.0,1.0,terminal_NH2_F0,surface,1.21875,0.00121875
400.0,1.0,terminal_NH2_F1,surface,5.546875,0.005546875
400.0,1.0,terminal_NH2_F2,surface,109.9296875,0.1099296875
400.0,1.0,terminal_NH2_F3,surface,26.9453125,0.0269453125
400.0,1.0,terminal_NH2_residual,surface,0.0,0.0
400.0,1.0,terminal_NH2_F0_HF,surface,0.0,0.0
400.0,1.0,terminal_NH2_F1_HF,surface,0.015625,1.5625e-05
400.0,1.0,terminal_NH2_F2_HF,surface,5.125,0.005125
400.0,1.0,terminal_NH2_F3_HF,surface,1.21875,0.00121875
400.0,1.0,Si_H_rich_F0,surface,95.2734375,0.0952734375
400.0,1.0,Si_H_rich_F1,surface,0.0,0.0
400.0,1.0,Si_H_rich_F2,surface,0.0,0.0
400.0,1.0,Si_H_rich_F3,surface,0.0,0.0
400.0,1.0,Si_H_rich_residual,surface,0.0,0.0
400.0,1.0,Si_H_rich_F0_HF,surface,4.7265625,0.0047265625
400.0,1.0,Si_H_rich_F1_HF,surface,0.0,0.0
400.0,1.0,Si_H_rich_F2_HF,surface,0.0,0.0
400.0,1.0,Si_H_rich_F3_HF,surface,0.0,0.0
400.0,1.0,bridge_N_F0,surface,1.8203125,0.0018203125
400.0,1.0,bridge_N_F1,surface,9.90625,0.00990625
400.0,1.0,bridge_N_F2,surface,116.9296875,0.1169296875
400.0,1.0,bridge_N_F3,surface,14.578125,0.014578125
400.0,1.0,bridge_N_residual,surface,0.0,0.0
400.0,1.0,bridge_N_F0_HF,surface,0.0078125,7.8125e-06
400.0,1.0,bridge_N_F1_HF,surface,0.1015625,0.0001015625
400.0,1.0,bridge_N_F2_HF,surface,6.0,0.006
400.0,1.0,bridge_N_F3_HF,surface,0.65625,0.00065625
400.0,1.0,pre_SiH2F,surface,14.8046875,0.0148046875
400.0,1.0,pre_SiH2F_HF,surface,0.40625,0.00040625
400.0,1.0,pre_SiH2F_residual,surface,84.7890625,0.0847890625
400.0,1.0,pre_SiHF2,surface,92.1484375,0.0921484375
400.0,1.0,pre_SiHF2_HF,surface,4.5703125,0.0045703125
400.0,1.0,pre_SiHF2_residual,surface,3.28125,0.00328125
400.0,1.0,Si_Si_F1,surface,6.921875,0.006921875
400.0,1.0,Si_Si_F1_HF,surface,0.1796875,0.0001796875
400.0,1.0,Si_Si_cleaved_F2_H,surface,92.8984375,0.0928984375
400.0,1.0,HF,reservoir_net,-1756.3046875,-1.7563046875
400.0,1.0,H2,gas_product,0.0,0.0
400.0,1.0,NH3,gas_product,320.1640625,0.3201640625
400.0,1.0,SiF4,gas_product,165.109375,0.165109375
400.0,1.0,SiH2F2,gas_product,84.7890625,0.0847890625
400.0,1.0,SiHF3,gas_product,3.28125,0.00328125
400.0,1.05,bridge_NH_F0,surface,1.5,0.0015
400.0,1.05,bridge_NH_F1,surface,37.2109375,0.0372109375
400.0,1.05,bridge_NH_F2,surface,40.4296875,0.0404296875
400.0,1.05,bridge_NH_F3,surface,43.0703125,0.0430703125
400.0,1.05,bridge_NH_residual,surface,176.390625,0.176390625
400.0,1.05,bridge_NH_F0_HF,surface,0.0,0.0
400.0,1.05,bridge_NH_F1_HF,surface,1.0625,0.0010625
400.0,1.05,bridge_NH_F2_HF,surface,0.3359375,0.0003359375
400.0,1.05,bridge_NH_F3_HF,surface,0.0,0.0
400.0,1.05,terminal_NH2_F0,surface,1.015625,0.001015625
400.0,1.05,terminal_NH2_F1,surface,4.609375,0.004609375
400.0,1.05,terminal_NH2_F2,surface,109.1875,0.1091875
400.0,1.05,terminal_NH2_F3,surface,28.84375,0.02884375
400.0,1.05,terminal_NH2_residual,surface,0.0,0.0
400.0,1.05,terminal_NH2_F0_HF,surface,0.0,0.0
400.0,1.05,terminal_NH2_F1_HF,surface,0.0234375,2.34375e-05
400.0,1.05,terminal_NH2_F2_HF,surface,4.765625,0.004765625
400.0,1.05,terminal_NH2_F3_HF,surface,1.5546875,0.0015546875
400.0,1.05,Si_H_rich_F0,surface,95.140625,0.095140625
400.0,1.05,Si_H_rich_F1,surface,0.0,0.0
400.0,1.05,Si_H_rich_F2,surface,0.0,0.0
400.0,1.05,Si_H_rich_F3,surface,0.0,0.0
400.0,1.05,Si_H_rich_residual,surface,0.0,0.0
400.0,1.05,Si_H_rich_F0_HF,surface,4.859375,0.004859375
400.0,1.05,Si_H_rich_F1_HF,surface,0.0,0.0
400.0,1.05,Si_H_rich_F2_HF,surface,0.0,0.0
400.0,1.05,Si_H_rich_F3_HF,surface,0.0,0.0
400.0,1.05,bridge_N_F0,surface,1.46875,0.00146875
400.0,1.05,bridge_N_F1,surface,8.203125,0.008203125
400.0,1.05,bridge_N_F2,surface,117.734375,0.117734375
400.0,1.05,bridge_N_F3,surface,15.765625,0.015765625
400.0,1.05,bridge_N_residual,surface,0.0,0.0
400.0,1.05,bridge_N_F0_HF,surface,0.0234375,2.34375e-05
400.0,1.05,bridge_N_F1_HF,surface,0.078125,7.8125e-05
400.0,1.05,bridge_N_F2_HF,surface,5.921875,0.005921875
400.0,1.05,bridge_N_F3_HF,surface,0.8046875,0.0008046875
400.0,1.05,pre_SiH2F,surface,13.53125,0.01353125
400.0,1.05,pre_SiH2F_HF,surface,0.4296875,0.0004296875
400.0,1.05,pre_SiH2F_residual,surface,86.0390625,0.0860390625
400.0,1.05,pre_SiHF2,surface,92.046875,0.092046875
400.0,1.05,pre_SiHF2_HF,surface,4.4765625,0.0044765625
400.0,1.05,pre_SiHF2_residual,surface,3.4765625,0.0034765625
400.0,1.05,Si_Si_F1,surface,6.140625,0.006140625
400.0,1.05,Si_Si_F1_HF,surface,0.140625,0.000140625
400.0,1.05,Si_Si_cleaved_F2_H,surface,93.71875,0.09371875
400.0,1.05,HF,reservoir_net,-1791.328125,-1.791328125
400.0,1.05,H2,gas_product,0.0,0.0
400.0,1.05,NH3,gas_product,323.734375,0.323734375
400.0,1.05,SiF4,gas_product,176.390625,0.176390625
400.0,1.05,SiH2F2,gas_product,86.0390625,0.0860390625
400.0,1.05,SiHF3,gas_product,3.4765625,0.0034765625
400.0,1.1,bridge_NH_F0,surface,1.171875,0.001171875
400.0,1.1,bridge_NH_F1,surface,33.0625,0.0330625
400.0,1.1,bridge_NH_F2,surface,37.3828125,0.0373828125
400.0,1.1,bridge_NH_F3,surface,40.578125,0.040578125
400.0,1.1,bridge_NH_residual,surface,186.6484375,0.1866484375
400.0,1.1,bridge_NH_F0_HF,surface,0.0,0.0
400.0,1.1,bridge_NH_F1_HF,surface,0.8203125,0.0008203125
400.0,1.1,bridge_NH_F2_HF,surface,0.3359375,0.0003359375
400.0,1.1,bridge_NH_F3_HF,surface,0.0,0.0
400.0,1.1,terminal_NH2_F0,surface,0.78125,0.00078125
400.0,1.1,terminal_NH2_F1,surface,3.8359375,0.0038359375
400.0,1.1,terminal_NH2_F2,surface,108.046875,0.108046875
400.0,1.1,terminal_NH2_F3,surface,30.9765625,0.0309765625
400.0,1.1,terminal_NH2_residual,surface,0.0,0.0
400.0,1.1,terminal_NH2_F0_HF,surface,0.0,0.0
400.0,1.1,terminal_NH2_F1_HF,surface,0.0,0.0
400.0,1.1,terminal_NH2_F2_HF,surface,4.8203125,0.0048203125
400.0,1.1,terminal_NH2_F3_HF,surface,1.5390625,0.0015390625
400.0,1.1,Si_H_rich_F0,surface,95.15625,0.09515625
400.0,1.1,Si_H_rich_F1,surface,0.0,0.0
400.0,1.1,Si_H_rich_F2,surface,0.0,0.0
400.0,1.1,Si_H_rich_F3,surface,0.0,0.0
400.0,1.1,Si_H_rich_residual,surface,0.0,0.0
400.0,1.1,Si_H_rich_F0_HF,surface,4.84375,0.00484375
400.0,1.1,Si_H_rich_F1_HF,surface,0.0,0.0
400.0,1.1,Si_H_rich_F2_HF,surface,0.0,0.0
400.0,1.1,Si_H_rich_F3_HF,surface,0.0,0.0
400.0,1.1,bridge_N_F0,surface,1.1796875,0.0011796875
400.0,1.1,bridge_N_F1,surface,7.1171875,0.0071171875
400.0,1.1,bridge_N_F2,surface,117.609375,0.117609375
400.0,1.1,bridge_N_F3,surface,16.8125,0.0168125
400.0,1.1,bridge_N_residual,surface,0.0,0.0
400.0,1.1,bridge_N_F0_HF,surface,0.0078125,7.8125e-06
400.0,1.1,bridge_N_F1_HF,surface,0.046875,4.6875e-05
400.0,1.1,bridge_N_F2_HF,surface,6.140625,0.006140625
400.0,1.1,bridge_N_F3_HF,surface,1.0859375,0.0010859375
400.0,1.1,pre_SiH2F,surface,12.328125,0.012328125
400.0,1.1,pre_SiH2F_HF,surface,0.3984375,0.0003984375
400.0,1.1,pre_SiH2F_residual,surface,87.2734375,0.0872734375
400.0,1.1,pre_SiHF2,surface,91.8046875,0.0918046875
400.0,1.1,pre_SiHF2_HF,surface,4.59375,0.00459375
400.0,1.1,pre_SiHF2_residual,surface,3.6015625,0.0036015625
400.0,1.1,Si_Si_F1,surface,5.28125,0.00528125
400.0,1.1,Si_Si_F1_HF,surface,0.1015625,0.0001015625
400.0,1.1,Si_Si_cleaved_F2_H,surface,94.6171875,0.0946171875
400.0,1.1,HF,reservoir_net,-1823.3515625,-1.8233515625
400.0,1.1,H2,gas_product,0.0,0.0
400.0,1.1,NH3,gas_product,327.1171875,0.3271171875
400.0,1.1,SiF4,gas_product,186.6484375,0.1866484375
400.0,1.1,SiH2F2,gas_product,87.2734375,0.0872734375
400.0,1.1,SiHF3,gas_product,3.6015625,0.0036015625
400.0,1.1500000000000001,bridge_NH_F0,surface,0.890625,0.000890625
400.0,1.1500000000000001,bridge_NH_F1,surface,29.59375,0.02959375
400.0,1.1500000000000001,bridge_NH_F2,surface,33.921875,0.033921875
400.0,1.1500000000000001,bridge_NH_F3,surface,38.1640625,0.0381640625
400.0,1.1500000000000001,bridge_NH_residual,surface,196.40625,0.19640625
400.0,1.1500000000000001,bridge_NH_F0_HF,surface,0.0,0.0
400.0,1.1500000000000001,bridge_NH_F1_HF,surface,0.7578125,0.0007578125
400.0,1.1500000000000001,bridge_NH_F2_HF,surface,0.265625,0.000265625
400.0,1.1500000000000001,bridge_NH_F3_HF,surface,0.0,0.0
400.0,1.1500000000000001,terminal_NH2_F0,surface,0.6640625,0.0006640625
400.0,1.1500000000000001,terminal_NH2_F1,surface,2.984375,0.002984375
400.0,1.1500000000000001,terminal_NH2_F2,surface,106.9296875,0.1069296875
400.0,1.1500000000000001,terminal_NH2_F3,surface,33.0625,0.0330625
400.0,1.1500000000000001,terminal_NH2_residual,surface,0.0,0.0
400.0,1.1500000000000001,terminal_NH2_F0_HF,surface,0.0,0.0
400.0,1.1500000000000001,terminal_NH2_F1_HF,surface,0.015625,1.5625e-05
400.0,1.1500000000000001,terminal_NH2_F2_HF,surface,4.6484375,0.0046484375
400.0,1.1500000000000001,terminal_NH2_F3_HF,surface,1.6953125,0.0016953125
400.0,1.1500000000000001,Si_H_rich_F0,surface,95.078125,0.095078125
400.0,1.1500000000000001,Si_H_rich_F1,surface,0.0,0.0
400.0,1.1500000000000001,Si_H_rich_F2,surface,0.0,0.0
400.0,1.1500000000000001,Si_H_rich_F3,surface,0.0,0.0
400.0,1.1500000000000001,Si_H_rich_residual,surface,0.0,0.0
400.0,1.1500000000000001,Si_H_rich_F0_HF,surface,4.921875,0.004921875
400.0,1.1500000000000001,Si_H_rich_F1_HF,surface,0.0,0.0
400.0,1.1500000000000001,Si_H_rich_F2_HF,surface,0.0,0.0
400.0,1.1500000000000001,Si_H_rich_F3_HF,surface,0.0,0.0
400.0,1.1500000000000001,bridge_N_F0,surface,0.921875,0.000921875
400.0,1.1500000000000001,bridge_N_F1,surface,6.09375,0.00609375
400.0,1.1500000000000001,bridge_N_F2,surface,118.2421875,0.1182421875
400.0,1.1500000000000001,bridge_N_F3,surface,18.21875,0.01821875
400.0,1.1500000000000001,bridge_N_residual,surface,0.0,0.0
400.0,1.1500000000000001,bridge_N_F0_HF,surface,0.0078125,7.8125e-06
400.0,1.1500000000000001,bridge_N_F1_HF,surface,0.0703125,7.03125e-05
400.0,1.1500000000000001,bridge_N_F2_HF,surface,5.4921875,0.0054921875
400.0,1.1500000000000001,bridge_N_F3_HF,surface,0.953125,0.000953125
400.0,1.1500000000000001,pre_SiH2F,surface,11.234375,0.011234375
400.0,1.1500000000000001,pre_SiH2F_HF,surface,0.28125,0.00028125
400.0,1.1500000000000001,pre_SiH2F_residual,surface,88.484375,0.088484375
400.0,1.1500000000000001,pre_SiHF2,surface,91.6171875,0.0916171875
400.0,1.1500000000000001,pre_SiHF2_HF,surface,4.6328125,0.0046328125
400.0,1.1500000000000001,pre_SiHF2_residual,surface,3.75,0.00375
400.0,1.1500000000000001,Si_Si_F1,surface,4.6015625,0.0046015625
400.0,1.1500000000000001,Si_Si_F1_HF,surface,0.1015625,0.0001015625
400.0,1.1500000000000001,Si_Si_cleaved_F2_H,surface,95.296875,0.095296875
400.0,1.1500000000000001,HF,reservoir_net,-1851.796875,-1.851796875
400.0,1.1500000000000001,H2,gas_product,0.0,0.0
400.0,1.1500000000000001,NH3,gas_product,330.4296875,0.3304296875
400.0,1.1500000000000001,SiF4,gas_product,196.40625,0.19640625
400.0,1.1500000000000001,SiH2F2,gas_product,88.484375,0.088484375
400.0,1.1500000000000001,SiHF3,gas_product,3.75,0.00375
400.0,1.2000000000000002,bridge_NH_F0,surface,0.6484375,0.0006484375
400.0,1.2000000000000002,bridge_NH_F1,surface,26.2109375,0.0262109375
400.0,1.2000000000000002,bridge_NH_F2,surface,30.7265625,0.0307265625
400.0,1.2000000000000002,bridge_NH_F3,surface,35.8359375,0.0358359375
400.0,1.2000000000000002,bridge_NH_residual,surface,205.625,0.205625
400.0,1.2000000000000002,bridge_NH_F0_HF,surface,0.0,0.0
400.0,1.2000000000000002,bridge_NH_F1_HF,surface,0.6640625,0.0006640625
400.0,1.2000000000000002,bridge_NH_F2_HF,surface,0.2890625,0.0002890625
400.0,1.2000000000000002,bridge_NH_F3_HF,surface,0.0,0.0
400.0,1.2000000000000002,terminal_NH2_F0,surface,0.578125,0.000578125
400.0,1.2000000000000002,terminal_NH2_F1,surface,2.3828125,0.0023828125
400.0,1.2000000000000002,terminal_NH2_F2,surface,105.5234375,0.1055234375
400.0,1.2000000000000002,terminal_NH2_F3,surface,35.2421875,0.0352421875
400.0,1.2000000000000002,terminal_NH2_residual,surface,0.0,0.0
400.0,1.2000000000000002,terminal_NH2_F0_HF,surface,0.0,0.0
400.0,1.2000000000000002,terminal_NH2_F1_HF,surface,0.0078125,7.8125e-06
400.0,1.2000000000000002,terminal_NH2_F2_HF,surface,4.5703125,0.0045703125
400.0,1.2000000000000002,terminal_NH2_F3_HF,surface,1.6953125,0.0016953125
400.0,1.2000000000000002,Si_H_rich_F0,surface,95.2578125,0.0952578125
400.0,1.2000000000000002,Si_H_rich_F1,surface,0.0,0.0
400.0,1.2000000000000002,Si_H_rich_F2,surface,0.0,0.0
400.0,1.2000000000000002,Si_H_rich_F3,surface,0.0,0.0
400.0,1.2000000000000002,Si_H_rich_residual,surface,0.0,0.0
400.0,1.2000000000000002,Si_H_rich_F0_HF,surface,4.7421875,0.0047421875
400.0,1.2000000000000002,Si_H_rich_F1_HF,surface,0.0,0.0
400.0,1.2000000000000002,Si_H_rich_F2_HF,surface,0.0,0.0
400.0,1.2000000000000002,Si_H_rich_F3_HF,surface,0.0,0.0
400.0,1.2000000000000002,bridge_N_F0,surface,0.7890625,0.0007890625
400.0,1.2000000000000002,bridge_N_F1,surface,5.0,0.005
400.0,1.2000000000000002,bridge_N_F2,surface,117.765625,0.117765625
400.0,1.2000000000000002,bridge_N_F3,surface,19.234375,0.019234375
400.0,1.2000000000000002,bridge_N_residual,surface,0.0,0.0
400.0,1.2000000000000002,bridge_N_F0_HF,surface,0.0078125,7.8125e-06
400.0,1.2000000000000002,bridge_N_F1_HF,surface,0.0703125,7.03125e-05
400.0,1.2000000000000002,bridge_N_F2_HF,surface,6.1015625,0.0061015625
400.0,1.2000000000000002,bridge_N_F3_HF,surface,1.03125,0.00103125
400.0,1.2000000000000002,pre_SiH2F,surface,10.234375,0.010234375
400.0,1.2000000000000002,pre_SiH2F_HF,surface,0.28125,0.00028125
400.0,1.2000000000000002,pre_SiH2F_residual,surface,89.484375,0.089484375
400.0,1.2000000000000002,pre_SiHF2,surface,91.265625,0.091265625
400.0,1.2000000000000002,pre_SiHF2_HF,surface,4.7890625,0.0047890625
400.0,1.2000000000000002,pre_SiHF2_residual,surface,3.9453125,0.0039453125
400.0,1.2000000000000002,Si_Si_F1,surface,4.078125,0.004078125
400.0,1.2000000000000002,Si_Si_F1_HF,surface,0.1015625,0.0001015625
400.0,1.2000000000000002,Si_Si_cleaved_F2_H,surface,95.8203125,0.0958203125
400.0,1.2000000000000002,HF,reservoir_net,-1879.5078125,-1.8795078125
400.0,1.2000000000000002,H2,gas_product,0.0,0.0
400.0,1.2000000000000002,NH3,gas_product,333.390625,0.333390625
400.0,1.2000000000000002,SiF4,gas_product,205.625,0.205625
400.0,1.2000000000000002,SiH2F2,gas_product,89.484375,0.089484375
400.0,1.2000000000000002,SiHF3,gas_product,3.9453125,0.0039453125
400.0,1.25,bridge_NH_F0,surface,0.484375,0.000484375
400.0,1.25,bridge_NH_F1,surface,23.3203125,0.0233203125
400.0,1.25,bridge_NH_F2,surface,27.546875,0.027546875
400.0,1.25,bridge_NH_F3,surface,33.8046875,0.0338046875
400.0,1.25,bridge_NH_residual,surface,214.0546875,0.2140546875
400.0,1.25,bridge_NH_F0_HF,surface,0.0,0.0
400.0,1.25,bridge_NH_F1_HF,surface,0.484375,0.000484375
400.0,1.25,bridge_NH_F2_HF,surface,0.296875,0.000296875
400.0,1.25,bridge_NH_F3_HF,surface,0.0078125,7.8125e-06
400.0,1.25,terminal_NH2_F0,surface,0.40625,0.00040625
400.0,1.25,terminal_NH2_F1,surface,2.0234375,0.0020234375
400.0,1.25,terminal_NH2_F2,surface,104.4453125,0.1044453125
400.0,1.25,terminal_NH2_F3,surface,37.0546875,0.0370546875
400.0,1.25,terminal_NH2_residual,surface,0.0,0.0
400.0,1.25,terminal_NH2_F0_HF,surface,0.0,0.0
400.0,1.25,terminal_NH2_F1_HF,surface,0.0,0.0
400.0,1.25,terminal_NH2_F2_HF,surface,4.3984375,0.0043984375
400.0,1.25,terminal_NH2_F3_HF,surface,1.671875,0.001671875
400.0,1.25,Si_H_rich_F0,surface,95.3125,0.0953125
400.0,1.25,Si_H_rich_F1,surface,0.0,0.0
400.0,1.25,Si_H_rich_F2,surface,0.0,0.0
400.0,1.25,Si_H_rich_F3,surface,0.0,0.0
400.0,1.25,Si_H_rich_residual,surface,0.0,0.0
400.0,1.25,Si_H_rich_F0_HF,surface,4.6875,0.0046875
400.0,1.25,Si_H_rich_F1_HF,surface,0.0,0.0
400.0,1.25,Si_H_rich_F2_HF,surface,0.0,0.0
400.0,1.25,Si_H_rich_F3_HF,surface,0.0,0.0
400.0,1.25,bridge_N_F0,surface,0.6328125,0.0006328125
400.0,1.25,bridge_N_F1,surface,4.390625,0.004390625
400.0,1.25,bridge_N_F2,surface,117.859375,0.117859375
400.0,1.25,bridge_N_F3,surface,20.46875,0.02046875
400.0,1.25,bridge_N_residual,surface,0.0,0.0
400.0,1.25,bridge_N_F0_HF,surface,0.0,0.0
400.0,1.25,bridge_N_F1_HF,surface,0.0390625,3.90625e-05
400.0,1.25,bridge_N_F2_HF,surface,5.6484375,0.0056484375
400.0,1.25,bridge_N_F3_HF,surface,0.9609375,0.0009609375
400.0,1.25,pre_SiH2F,surface,9.3515625,0.0093515625
400.0,1.25,pre_SiH2F_HF,surface,0.328125,0.000328125
400.0,1.25,pre_SiH2F_residual,surface,90.3203125,0.0903203125
400.0,1.25,pre_SiHF2,surface,91.4375,0.0914375
400.0,1.25,pre_SiHF2_HF,surface,4.5,0.0045
400.0,1.25,pre_SiHF2_residual,surface,4.0625,0.0040625
400.0,1.25,Si_Si_F1,surface,3.578125,0.003578125
400.0,1.25,Si_Si_F1_HF,surface,0.09375,9.375e-05
400.0,1.25,Si_Si_cleaved_F2_H,surface,96.328125,0.096328125
400.0,1.25,HF,reservoir_net,-1902.6015625,-1.9026015625
400.0,1.25,H2,gas_product,0.0,0.0
400.0,1.25,NH3,gas_product,335.890625,0.335890625
400.0,1.25,SiF4,gas_product,214.0546875,0.2140546875
400.0,1.25,SiH2F2,gas_product,90.3203125,0.0903203125
400.0,1.25,SiHF3,gas_product,4.0625,0.0040625
400.0,1.3,bridge_NH_F0,surface,0.4140625,0.0004140625
400.0,1.3,bridge_NH_F1,surface,20.5,0.0205
400.0,1.3,bridge_NH_F2,surface,25.296875,0.025296875
400.0,1.3,bridge_NH_F3,surface,31.0546875,0.0310546875
400.0,1.3,bridge_NH_residual,surface,222.0234375,0.2220234375
400.0,1.3,bridge_NH_F0_HF,surface,0.0,0.0
400.0,1.3,bridge_NH_F1_HF,surface,0.5859375,0.0005859375
400.0,1.3,bridge_NH_F2_HF,surface,0.125,0.000125
400.0,1.3,bridge_NH_F3_HF,surface,0.0,0.0
400.0,1.3,terminal_NH2_F0,surface,0.296875,0.000296875
400.0,1.3,terminal_NH2_F1,surface,1.671875,0.001671875
400.0,1.3,terminal_NH2_F2,surface,102.8203125,0.1028203125
400.0,1.3,terminal_NH2_F3,surface,38.734375,0.038734375
400.0,1.3,terminal_NH2_residual,surface,0.0,0.0
400.0,1.3,terminal_NH2_F0_HF,surface,0.0,0.0
400.0,1.3,terminal_NH2_F1_HF,surface,0.0,0.0
400.0,1.3,terminal_NH2_F2_HF,surface,4.390625,0.004390625
400.0,1.3,terminal_NH2_F3_HF,surface,2.0859375,0.0020859375
400.0,1.3,Si_H_rich_F0,surface,95.1484375,0.0951484375
400.0,1.3,Si_H_rich_F1,surface,0.0,0.0
400.0,1.3,Si_H_rich_F2,surface,0.0,0.0
400.0,1.3,Si_H_rich_F3,surface,0.0,0.0
400.0,1.3,Si_H_rich_residual,surface,0.0,0.0
400.0,1.3,Si_H_rich_F0_HF,surface,4.8515625,0.0048515625
400.0,1.3,Si_H_rich_F1_HF,surface,0.0,0.0
400.0,1.3,Si_H_rich_F2_HF,surface,0.0,0.0
400.0,1.3,Si_H_rich_F3_HF,surface,0.0,0.0
400.0,1.3,bridge_N_F0,surface,0.4765625,0.0004765625
400.0,1.3,bridge_N_F1,surface,3.828125,0.003828125
400.0,1.3,bridge_N_F2,surface,117.53125,0.11753125
400.0,1.3,bridge_N_F3,surface,21.46875,0.02146875
400.0,1.3,bridge_N_residual,surface,0.0,0.0
400.0,1.3,bridge_N_F0_HF,surface,0.0078125,7.8125e-06
400.0,1.3,bridge_N_F1_HF,surface,0.0546875,5.46875e-05
400.0,1.3,bridge_N_F2_HF,surface,5.4921875,0.0054921875
400.0,1.3,bridge_N_F3_HF,surface,1.140625,0.001140625
400.0,1.3,pre_SiH2F,surface,8.6953125,0.0086953125
400.0,1.3,pre_SiH2F_HF,surface,0.28125,0.00028125
400.0,1.3,pre_SiH2F_residual,surface,91.0234375,0.0910234375
400.0,1.3,pre_SiHF2,surface,91.21875,0.09121875
400.0,1.3,pre_SiHF2_HF,surface,4.5078125,0.0045078125
400.0,1.3,pre_SiHF2_residual,surface,4.2734375,0.0042734375
400.0,1.3,Si_Si_F1,surface,3.0703125,0.0030703125
400.0,1.3,Si_Si_F1_HF,surface,0.078125,7.8125e-05
400.0,1.3,Si_Si_cleaved_F2_H,surface,96.8515625,0.0968515625
400.0,1.3,HF,reservoir_net,-1925.25,-1.92525
400.0,1.3,H2,gas_product,0.0,0.0
400.0,1.3,NH3,gas_product,338.5546875,0.3385546875
400.0,1.3,SiF4,gas_product,222.0234375,0.2220234375
400.0,1.3,SiH2F2,gas_product,91.0234375,0.0910234375
400.0,1.3,SiHF3,gas_product,4.2734375,0.0042734375
400.0,1.35,bridge_NH_F0,surface,0.28125,0.00028125
400.0,1.35,bridge_NH_F1,surface,18.390625,0.018390625
400.0,1.35,bridge_NH_F2,surface,22.6875,0.0226875
400.0,1.35,bridge_NH_F3,surface,28.4140625,0.0284140625
400.0,1.35,bridge_NH_residual,surface,229.640625,0.229640625
400.0,1.35,bridge_NH_F0_HF,surface,0.0,0.0
400.0,1.35,bridge_NH_F1_HF,surface,0.390625,0.000390625
400.0,1.35,bridge_NH_F2_HF,surface,0.1953125,0.0001953125
400.0,1.35,bridge_NH_F3_HF,surface,0.0,0.0
400.0,1.35,terminal_NH2_F0,surface,0.2578125,0.0002578125
400.0,1.35,terminal_NH2_F1,surface,1.328125,0.001328125
400.0,1.35,terminal_NH2_F2,surface,100.9921875,0.1009921875
400.0,1.35,terminal_NH2_F3,surface,40.8203125,0.0408203125
400.0,1.35,terminal_NH2_residual,surface,0.0,0.0
400.0,1.35,terminal_NH2_F0_HF,surface,0.0,0.0
400.0,1.35,terminal_NH2_F1_HF,surface,0.0,0.0
400.0,1.35,terminal_NH2_F2_HF,surface,4.453125,0.004453125
400.0,1.35,terminal_NH2_F3_HF,surface,2.1484375,0.0021484375
400.0,1.35,Si_H_rich_F0,surface,95.0546875,0.0950546875
400.0,1.35,Si_H_rich_F1,surface,0.0,0.0
400.0,1.35,Si_H_rich_F2,surface,0.0,0.0
400.0,1.35,Si_H_rich_F3,surface,0.0,0.0
400.0,1.35,Si_H_rich_residual,surface,0.0,0.0
400.0,1.35,Si_H_rich_F0_HF,surface,4.9453125,0.0049453125
400.0,1.35,Si_H_rich_F1_HF,surface,0.0,0.0
400.0,1.35,Si_H_rich_F2_HF,surface,0.0,0.0
400.0,1.35,Si_H_rich_F3_HF,surface,0.0,0.0
400.0,1.35,bridge_N_F0,surface,0.3984375,0.0003984375
400.0,1.35,bridge_N_F1,surface,3.25,0.00325
400.0,1.35,bridge_N_F2,surface,116.421875,0.116421875
400.0,1.35,bridge_N_F3,surface,22.8046875,0.0228046875
400.0,1.35,bridge_N_residual,surface,0.0,0.0
400.0,1.35,bridge_N_F0_HF,surface,0.0,0.0
400.0,1.35,bridge_N_F1_HF,surface,0.0390625,3.90625e-05
400.0,1.35,bridge_N_F2_HF,surface,5.9453125,0.0059453125
400.0,1.35,bridge_N_F3_HF,surface,1.140625,0.001140625
400.0,1.35,pre_SiH2F,surface,7.984375,0.007984375
400.0,1.35,pre_SiH2F_HF,surface,0.203125,0.000203125
400.0,1.35,pre_SiH2F_residual,surface,91.8125,0.0918125
400.0,1.35,pre_SiHF2,surface,90.9140625,0.0909140625
400.0,1.35,pre_SiHF2_HF,surface,4.640625,0.004640625
400.0,1.35,pre_SiHF2_residual,surface,4.4453125,0.0044453125
400.0,1.35,Si_Si_F1,surface,2.7421875,0.0027421875
400.0,1.35,Si_Si_F1_HF,surface,0.03125,3.125e-05
400.0,1.35,Si_Si_cleaved_F2_H,surface,97.2265625,0.0972265625
400.0,1.35,HF,reservoir_net,-1946.953125,-1.946953125
400.0,1.35,H2,gas_product,0.0,0.0
400.0,1.35,NH3,gas_product,341.125,0.341125
400.0,1.35,SiF4,gas_product,229.640625,0.229640625
400.0,1.35,SiH2F2,gas_product,91.8125,0.0918125
400.0,1.35,SiHF3,gas_product,4.4453125,0.0044453125
400.0,1.4000000000000001,bridge_NH_F0,surface,0.2265625,0.0002265625
400.0,1.4000000000000001,bridge_NH_F1,surface,16.3046875,0.0163046875
400.0,1.4000000000000001,bridge_NH_F2,surface,20.390625,0.020390625
400.0,1.4000000000000001,bridge_NH_F3,surface,26.078125,0.026078125
400.0,1.4000000000000001,bridge_NH_residual,surface,236.421875,0.236421875
400.0,1.4000000000000001,bridge_NH_F0_HF,surface,0.0,0.0
400.0,1.4000000000000001,bridge_NH_F1_HF,surface,0.390625,0.000390625
400.0,1.4000000000000001,bridge_NH_F2_HF,surface,0.1875,0.0001875
400.0,1.4000000000000001,bridge_NH_F3_HF,surface,0.0,0.0
400.0,1.4000000000000001,terminal_NH2_F0,surface,0.1953125,0.0001953125
400.0,1.4000000000000001,terminal_NH2_F1,surface,1.0703125,0.0010703125
400.0,1.4000000000000001,terminal_NH2_F2,surface,99.2421875,0.0992421875
400.0,1.4000000000000001,terminal_NH2_F3,surface,43.2109375,0.0432109375
400.0,1.4000000000000001,terminal_NH2_residual,surface,0.0,0.0
400.0,1.4000000000000001,terminal_NH2_F0_HF,surface,0.0,0.0
400.0,1.4000000000000001,terminal_NH2_F1_HF,surface,0.0,0.0
400.0,1.4000000000000001,terminal_NH2_F2_HF,surface,4.4140625,0.0044140625
400.0,1.4000000000000001,terminal_NH2_F3_HF,surface,1.8671875,0.0018671875
400.0,1.4000000000000001,Si_H_rich_F0,surface,95.046875,0.095046875
400.0,1.4000000000000001,Si_H_rich_F1,surface,0.0,0.0
400.0,1.4000000000000001,Si_H_rich_F2,surface,0.0,0.0
400.0,1.4000000000000001,Si_H_rich_F3,surface,0.0,0.0
400.0,1.4000000000000001,Si_H_rich_residual,surface,0.0,0.0
400.0,1.4000000000000001,Si_H_rich_F0_HF,surface,4.953125,0.004953125
400.0,1.4000000000000001,Si_H_rich_F1_HF,surface,0.0,0.0
400.0,1.4000000000000001,Si_H_rich_F2_HF,surface,0.0,0.0
400.0,1.4000000000000001,Si_H_rich_F3_HF,surface,0.0,0.0
400.0,1.4000000000000001,bridge_N_F0,surface,0.328125,0.000328125
400.0,1.4000000000000001,bridge_N_F1,surface,2.78125,0.00278125
400.0,1.4000000000000001,bridge_N_F2,surface,115.796875,0.115796875
400.0,1.4000000000000001,bridge_N_F3,surface,24.1796875,0.0241796875
400.0,1.4000000000000001,bridge_N_residual,surface,0.0,0.0
400.0,1.4000000000000001,bridge_N_F0_HF,surface,0.0,0.0
400.0,1.4000000000000001,bridge_N_F1_HF,surface,0.015625,1.5625e-05
400.0,1.4000000000000001,bridge_N_F2_HF,surface,5.765625,0.005765625
400.0,1.4000000000000001,bridge_N_F3_HF,surface,1.1328125,0.0011328125
400.0,1.4000000000000001,pre_SiH2F,surface,7.2265625,0.0072265625
400.0,1.4000000000000001,pre_SiH2F_HF,surface,0.1875,0.0001875
400.0,1.4000000000000001,pre_SiH2F_residual,surface,92.5859375,0.0925859375
400.0,1.4000000000000001,pre_SiHF2,surface,90.796875,0.090796875
400.0,1.4000000000000001,pre_SiHF2_HF,surface,4.640625,0.004640625
400.0,1.4000000000000001,pre_SiHF2_residual,surface,4.5625,0.0045625
400.0,1.4000000000000001,Si_Si_F1,surface,2.40625,0.00240625
400.0,1.4000000000000001,Si_Si_F1_HF,surface,0.046875,4.6875e-05
400.0,1.4000000000000001,Si_Si_cleaved_F2_H,surface,97.546875,0.097546875
400.0,1.4000000000000001,HF,reservoir_net,-1965.546875,-1.965546875
400.0,1.4000000000000001,H2,gas_product,0.0,0.0
400.0,1.4000000000000001,NH3,gas_product,343.6171875,0.3436171875
400.0,1.4000000000000001,SiF4,gas_product,236.421875,0.236421875
400.0,1.4000000000000001,SiH2F2,gas_product,92.5859375,0.0925859375
400.0,1.4000000000000001,SiHF3,gas_product,4.5625,0.0045625
400.0,1.4500000000000002,bridge_NH_F0,surface,0.1640625,0.0001640625
400.0,1.4500000000000002,bridge_NH_F1,surface,14.453125,0.014453125
400.0,1.4500000000000002,bridge_NH_F2,surface,18.265625,0.018265625
400.0,1.4500000000000002,bridge_NH_F3,surface,23.7578125,0.0237578125
400.0,1.4500000000000002,bridge_NH_residual,surface,242.875,0.242875
400.0,1.4500000000000002,bridge_NH_F0_HF,surface,0.0,0.0
400.0,1.4500000000000002,bridge_NH_F1_HF,surface,0.328125,0.000328125
400.0,1.4500000000000002,bridge_NH_F2_HF,surface,0.15625,0.00015625
400.0,1.4500000000000002,bridge_NH_F3_HF,surface,0.0,0.0
400.0,1.4500000000000002,terminal_NH2_F0,surface,0.1640625,0.0001640625
400.0,1.4500000000000002,terminal_NH2_F1,surface,0.875,0.000875
400.0,1.4500000000000002,terminal_NH2_F2,surface,97.21875,0.09721875
400.0,1.4500000000000002,terminal_NH2_F3,surface,44.4765625,0.0444765625
400.0,1.4500000000000002,terminal_NH2_residual,surface,0.0,0.0
400.0,1.4500000000000002,terminal_NH2_F0_HF,surface,0.0,0.0
400.0,1.4500000000000002,terminal_NH2_F1_HF,surface,0.0,0.0
400.0,1.4500000000000002,terminal_NH2_F2_HF,surface,4.8046875,0.0048046875
400.0,1.4500000000000002,terminal_NH2_F3_HF,surface,2.4609375,0.0024609375
400.0,1.4500000000000002,Si_H_rich_F0,surface,95.34375,0.09534375
400.0,1.4500000000000002,Si_H_rich_F1,surface,0.0,0.0
400.0,1.4500000000000002,Si_H_rich_F2,surface,0.0,0.0
400.0,1.4500000000000002,Si_H_rich_F3,surface,0.0,0.0
400.0,1.4500000000000002,Si_H_rich_residual,surface,0.0,0.0
400.0,1.4500000000000002,Si_H_rich_F0_HF,surface,4.65625,0.00465625
400.0,1.4500000000000002,Si_H_rich_F1_HF,surface,0.0,0.0
400.0,1.4500000000000002,Si_H_rich_F2_HF,surface,0.0,0.0
400.0,1.4500000000000002,Si_H_rich_F3_HF,surface,0.0,0.0
400.0,1.4500000000000002,bridge_N_F0,surface,0.2265625,0.0002265625
400.0,1.4500000000000002,bridge_N_F1,surface,2.390625,0.002390625
400.0,1.4500000000000002,bridge_N_F2,surface,115.296875,0.115296875
400.0,1.4500000000000002,bridge_N_F3,surface,25.2578125,0.0252578125
400.0,1.4500000000000002,bridge_N_residual,surface,0.0,0.0
400.0,1.4500000000000002,bridge_N_F0_HF,surface,0.0,0.0
400.0,1.4500000000000002,bridge_N_F1_HF,surface,0.046875,4.6875e-05
400.0,1.4500000000000002,bridge_N_F2_HF,surface,5.6171875,0.0056171875
400.0,1.4500000000000002,bridge_N_F3_HF,surface,1.1640625,0.0011640625
400.0,1.4500000000000002,pre_SiH2F,surface,6.40625,0.00640625
400.0,1.4500000000000002,pre_SiH2F_HF,surface,0.2265625,0.0002265625
400.0,1.4500000000000002,pre_SiH2F_residual,surface,93.3671875,0.0933671875
400.0,1.4500000000000002,pre_SiHF2,surface,90.8984375,0.0908984375
400.0,1.4500000000000002,pre_SiHF2_HF,surface,4.3828125,0.0043828125
400.0,1.4500000000000002,pre_SiHF2_residual,surface,4.71875,0.00471875
400.0,1.4500000000000002,Si_Si_F1,surface,2.0625,0.0020625
400.0,1.4500000000000002,Si_Si_F1_HF,surface,0.0234375,2.34375e-05
400.0,1.4500000000000002,Si_Si_cleaved_F2_H,surface,97.9140625,0.0979140625
400.0,1.4500000000000002,HF,reservoir_net,-1983.53125,-1.98353125
400.0,1.4500000000000002,H2,gas_product,0.0,0.0
400.0,1.4500000000000002,NH3,gas_product,345.734375,0.345734375
400.0,1.4500000000000002,SiF4,gas_product,242.875,0.242875
400.0,1.4500000000000002,SiH2F2,gas_product,93.3671875,0.0933671875
400.0,1.4500000000000002,SiHF3,gas_product,4.71875,0.00471875
400.0,1.5,bridge_NH_F0,surface,0.140625,0.000140625
400.0,1.5,bridge_NH_F1,surface,12.6953125,0.0126953125
400.0,1.5,bridge_NH_F2,surface,16.53125,0.01653125
400.0,1.5,bridge_NH_F3,surface,21.6328125,0.0216328125
400.0,1.5,bridge_NH_residual,surface,248.5,0.2485
400.0,1.5,bridge_NH_F0_HF,surface,0.0,0.0
400.0,1.5,bridge_NH_F1_HF,surface,0.3828125,0.0003828125
400.0,1.5,bridge_NH_F2_HF,surface,0.1171875,0.0001171875
400.0,1.5,bridge_NH_F3_HF,surface,0.0,0.0
400.0,1.5,terminal_NH2_F0,surface,0.125,0.000125
400.0,1.5,terminal_NH2_F1,surface,0.734375,0.000734375
400.0,1.5,terminal_NH2_F2,surface,95.796875,0.095796875
400.0,1.5,terminal_NH2_F3,surface,46.546875,0.046546875
400.0,1.5,terminal_NH2_residual,surface,0.0,0.0
400.0,1.5,terminal_NH2_F0_HF,surface,0.0,0.0
400.0,1.5,terminal_NH2_F1_HF,surface,0.0,0.0
400.0,1.5,terminal_NH2_F2_HF,surface,4.640625,0.004640625
400.0,1.5,terminal_NH2_F3_HF,surface,2.15625,0.00215625
400.0,1.5,Si_H_rich_F0,surface,95.75,0.09575
400.0,1.5,Si_H_rich_F1,surface,0.0,0.0
400.0,1.5,Si_H_rich_F2,surface,0.0,0.0
400.0,1.5,Si_H_rich_F3,surface,0.0,0.0
400.0,1.5,Si_H_rich_residual,surface,0.0,0.0
400.0,1.5,Si_H_rich_F0_HF,surface,4.25,0.00425
400.0,1.5,Si_H_rich_F1_HF,surface,0.0,0.0
400.0,1.5,Si_H_rich_F2_HF,surface,0.0,0.0
400.0,1.5,Si_H_rich_F3_HF,surface,0.0,0.0
400.0,1.5,bridge_N_F0,surface,0.1875,0.0001875
400.0,1.5,bridge_N_F1,surface,2.0546875,0.0020546875
400.0,1.5,bridge_N_F2,surface,114.8984375,0.1148984375
400.0,1.5,bridge_N_F3,surface,26.578125,0.026578125
400.0,1.5,bridge_N_residual,surface,0.0,0.0
400.0,1.5,bridge_N_F0_HF,surface,0.0,0.0
400.0,1.5,bridge_N_F1_HF,surface,0.0234375,2.34375e-05
400.0,1.5,bridge_N_F2_HF,surface,5.0859375,0.0050859375
400.0,1.5,bridge_N_F3_HF,surface,1.171875,0.001171875
400.0,1.5,pre_SiH2F,surface,5.90625,0.00590625
400.0,1.5,pre_SiH2F_HF,surface,0.140625,0.000140625
400.0,1.5,pre_SiH2F_residual,surface,93.953125,0.093953125
400.0,1.5,pre_SiHF2,surface,90.5625,0.0905625
400.0,1.5,pre_SiHF2_HF,surface,4.515625,0.004515625
400.0,1.5,pre_SiHF2_residual,surface,4.921875,0.004921875
400.0,1.5,Si_Si_F1,surface,1.75,0.00175
400.0,1.5,Si_Si_F1_HF,surface,0.0859375,8.59375e-05
400.0,1.5,Si_Si_cleaved_F2_H,surface,98.1640625,0.0981640625
400.0,1.5,HF,reservoir_net,-1997.8984375,-1.9978984375
400.0,1.5,H2,gas_product,0.0,0.0
400.0,1.5,NH3,gas_product,347.71875,0.34771875
400.0,1.5,SiF4,gas_product,248.5,0.2485
400.0,1.5,SiH2F2,gas_product,93.953125,0.093953125
400.0,1.5,SiHF3,gas_product,4.921875,0.004921875
400.0,1.55,bridge_NH_F0,surface,0.1015625,0.0001015625
400.0,1.55,bridge_NH_F1,surface,11.1796875,0.0111796875
400.0,1.55,bridge_NH_F2,surface,15.1640625,0.0151640625
400.0,1.55,bridge_NH_F3,surface,19.7890625,0.0197890625
400.0,1.55,bridge_NH_residual,surface,253.390625,0.253390625
400.0,1.55,bridge_NH_F0_HF,surface,0.0,0.0
400.0,1.55,bridge_NH_F1_HF,surface,0.3046875,0.0003046875
400.0,1.55,bridge_NH_F2_HF,surface,0.0703125,7.03125e-05
400.0,1.55,bridge_NH_F3_HF,surface,0.0,0.0
400.0,1.55,terminal_NH2_F0,surface,0.0859375,8.59375e-05
400.0,1.55,terminal_NH2_F1,surface,0.6484375,0.0006484375
400.0,1.55,terminal_NH2_F2,surface,94.59375,0.09459375
400.0,1.55,terminal_NH2_F3,surface,47.640625,0.047640625
400.0,1.55,terminal_NH2_residual,surface,0.0,0.0
400.0,1.55,terminal_NH2_F0_HF,surface,0.0,0.0
400.0,1.55,terminal_NH2_F1_HF,surface,0.0,0.0
400.0,1.55,terminal_NH2_F2_HF,surface,4.2734375,0.0042734375
400.0,1.55,terminal_NH2_F3_HF,surface,2.7578125,0.0027578125
400.0,1.55,Si_H_rich_F0,surface,95.25,0.09525
400.0,1.55,Si_H_rich_F1,surface,0.0,0.0
400.0,1.55,Si_H_rich_F2,surface,0.0,0.0
400.0,1.55,Si_H_rich_F3,surface,0.0,0.0
400.0,1.55,Si_H_rich_residual,surface,0.0,0.0
400.0,1.55,Si_H_rich_F0_HF,surface,4.75,0.00475
400.0,1.55,Si_H_rich_F1_HF,surface,0.0,0.0
400.0,1.55,Si_H_rich_F2_HF,surface,0.0,0.0
400.0,1.55,Si_H_rich_F3_HF,surface,0.0,0.0
400.0,1.55,bridge_N_F0,surface,0.1484375,0.0001484375
400.0,1.55,bridge_N_F1,surface,1.6875,0.0016875
400.0,1.55,bridge_N_F2,surface,113.3046875,0.1133046875
400.0,1.55,bridge_N_F3,surface,27.6953125,0.0276953125
400.0,1.55,bridge_N_residual,surface,0.0,0.0
400.0,1.55,bridge_N_F0_HF,surface,0.0,0.0
400.0,1.55,bridge_N_F1_HF,surface,0.0078125,7.8125e-06
400.0,1.55,bridge_N_F2_HF,surface,5.8203125,0.0058203125
400.0,1.55,bridge_N_F3_HF,surface,1.3359375,0.0013359375
400.0,1.55,pre_SiH2F,surface,5.3828125,0.0053828125
400.0,1.55,pre_SiH2F_HF,surface,0.1015625,0.0001015625
400.0,1.55,pre_SiH2F_residual,surface,94.515625,0.094515625
400.0,1.55,pre_SiHF2,surface,90.234375,0.090234375
400.0,1.55,pre_SiHF2_HF,surface,4.671875,0.004671875
400.0,1.55,pre_SiHF2_residual,surface,5.09375,0.00509375
400.0,1.55,Si_Si_F1,surface,1.5546875,0.0015546875
400.0,1.55,Si_Si_F1_HF,surface,0.03125,3.125e-05
400.0,1.55,Si_Si_cleaved_F2_H,surface,98.4140625,0.0984140625
400.0,1.55,HF,reservoir_net,-2013.6484375,-2.0136484375
400.0,1.55,H2,gas_product,0.0,0.0
400.0,1.55,NH3,gas_product,349.578125,0.349578125
400.0,1.55,SiF4,gas_product,253.390625,0.253390625
400.0,1.55,SiH2F2,gas_product,94.515625,0.094515625
400.0,1.55,SiHF3,gas_product,5.09375,0.00509375
400.0,1.6,bridge_NH_F0,surface,0.09375,9.375e-05
400.0,1.6,bridge_NH_F1,surface,9.9609375,0.0099609375
400.0,1.6,bridge_NH_F2,surface,13.4375,0.0134375
400.0,1.6,bridge_NH_F3,surface,18.0546875,0.0180546875
400.0,1.6,bridge_NH_residual,surface,258.234375,0.258234375
400.0,1.6,bridge_NH_F0_HF,surface,0.0,0.0
400.0,1.6,bridge_NH_F1_HF,surface,0.1796875,0.0001796875
400.0,1.6,bridge_NH_F2_HF,surface,0.0390625,3.90625e-05
400.0,1.6,bridge_NH_F3_HF,surface,0.0,0.0
400.0,1.6,terminal_NH2_F0,surface,0.0703125,7.03125e-05
400.0,1.6,terminal_NH2_F1,surface,0.5234375,0.0005234375
400.0,1.6,terminal_NH2_F2,surface,93.0703125,0.0930703125
400.0,1.6,terminal_NH2_F3,surface,49.734375,0.049734375
400.0,1.6,terminal_NH2_residual,surface,0.0,0.0
400.0,1.6,terminal_NH2_F0_HF,surface,0.0,0.0
400.0,1.6,terminal_NH2_F1_HF,surface,0.0,0.0
400.0,1.6,terminal_NH2_F2_HF,surface,4.078125,0.004078125
400.0,1.6,terminal_NH2_F3_HF,surface,2.5234375,0.0025234375
400.0,1.6,Si_H_rich_F0,surface,95.171875,0.095171875
400.0,1.6,Si_H_rich_F1,surface,0.0,0.0
400.0,1.6,Si_H_rich_F2,surface,0.0,0.0
400.0,1.6,Si_H_rich_F3,surface,0.0,0.0
400.0,1.6,Si_H_rich_residual,surface,0.0,0.0
400.0,1.6,Si_H_rich_F0_HF,surface,4.828125,0.004828125
400.0,1.6,Si_H_rich_F1_HF,surface,0.0,0.0
400.0,1.6,Si_H_rich_F2_HF,surface,0.0,0.0
400.0,1.6,Si_H_rich_F3_HF,surface,0.0,0.0
400.0,1.6,bridge_N_F0,surface,0.140625,0.000140625
400.0,1.6,bridge_N_F1,surface,1.4140625,0.0014140625
400.0,1.6,bridge_N_F2,surface,112.6484375,0.1126484375
400.0,1.6,bridge_N_F3,surface,28.8984375,0.0288984375
400.0,1.6,bridge_N_residual,surface,0.0,0.0
400.0,1.6,bridge_N_F0_HF,surface,0.0,0.0
400.0,1.6,bridge_N_F1_HF,surface,0.015625,1.5625e-05
400.0,1.6,bridge_N_F2_HF,surface,5.515625,0.005515625
400.0,1.6,bridge_N_F3_HF,surface,1.3671875,0.0013671875
400.0,1.6,pre_SiH2F,surface,4.765625,0.004765625
400.0,1.6,pre_SiH2F_HF,surface,0.1953125,0.0001953125
400.0,1.6,pre_SiH2F_residual,surface,95.0390625,0.0950390625
400.0,1.6,pre_SiHF2,surface,90.28125,0.09028125
400.0,1.6,pre_SiHF2_HF,surface,4.5,0.0045
400.0,1.6,pre_SiHF2_residual,surface,5.21875,0.00521875
400.0,1.6,Si_Si_F1,surface,1.453125,0.001453125
400.0,1.6,Si_Si_F1_HF,surface,0.0078125,7.8125e-06
400.0,1.6,Si_Si_cleaved_F2_H,surface,98.5390625,0.0985390625
400.0,1.6,HF,reservoir_net,-2026.390625,-2.026390625
400.0,1.6,H2,gas_product,0.0,0.0
400.0,1.6,NH3,gas_product,351.59375,0.35159375
400.0,1.6,SiF4,gas_product,258.234375,0.258234375
400.0,1.6,SiH2F2,gas_product,95.0390625,0.0950390625
400.0,1.6,SiHF3,gas_product,5.21875,0.00521875
400.0,1.6500000000000001,bridge_NH_F0,surface,0.046875,4.6875e-05
400.0,1.6500000000000001,bridge_NH_F1,surface,8.8828125,0.0088828125
400.0,1.6500000000000001,bridge_NH_F2,surface,11.9453125,0.0119453125
400.0,1.6500000000000001,bridge_NH_F3,surface,16.3671875,0.0163671875
400.0,1.6500000000000001,bridge_NH_residual,surface,262.4765625,0.2624765625
400.0,1.6500000000000001,bridge_NH_F0_HF,surface,0.0,0.0
400.0,1.6500000000000001,bridge_NH_F1_HF,surface,0.1796875,0.0001796875
400.0,1.6500000000000001,bridge_NH_F2_HF,surface,0.1015625,0.0001015625
400.0,1.6500000000000001,bridge_NH_F3_HF,surface,0.0,0.0
400.0,1.6500000000000001,terminal_NH2_F0,surface,0.0546875,5.46875e-05
400.0,1.6500000000000001,terminal_NH2_F1,surface,0.4375,0.0004375
400.0,1.6500000000000001,terminal_NH2_F2,surface,91.2265625,0.0912265625
400.0,1.6500000000000001,terminal_NH2_F3,surface,51.3984375,0.0513984375
400.0,1.6500000000000001,terminal_NH2_residual,surface,0.0,0.0
400.0,1.6500000000000001,terminal_NH2_F0_HF,surface,0.0,0.0
400.0,1.6500000000000001,terminal_NH2_F1_HF,surface,0.0,0.0
400.0,1.6500000000000001,terminal_NH2_F2_HF,surface,4.375,0.004375
400.0,1.6500000000000001,terminal_NH2_F3_HF,surface,2.5078125,0.0025078125
400.0,1.6500000000000001,Si_H_rich_F0,surface,94.9453125,0.0949453125
400.0,1.6500000000000001,Si_H_rich_F1,surface,0.0,0.0
400.0,1.6500000000000001,Si_H_rich_F2,surface,0.0,0.0
400.0,1.6500000000000001,Si_H_rich_F3,surface,0.0,0.0
400.0,1.6500000000000001,Si_H_rich_residual,surface,0.0,0.0
400.0,1.6500000000000001,Si_H_rich_F0_HF,surface,5.0546875,0.0050546875
400.0,1.6500000000000001,Si_H_rich_F1_HF,surface,0.0,0.0
400.0,1.6500000000000001,Si_H_rich_F2_HF,surface,0.0,0.0
400.0,1.6500000000000001,Si_H_rich_F3_HF,surface,0.0,0.0
400.0,1.6500000000000001,bridge_N_F0,surface,0.109375,0.000109375
400.0,1.6500000000000001,bridge_N_F1,surface,1.1953125,0.0011953125
400.0,1.6500000000000001,bridge_N_F2,surface,111.875,0.111875
400.0,1.6500000000000001,bridge_N_F3,surface,29.8515625,0.0298515625
400.0,1.6500000000000001,bridge_N_residual,surface,0.0,0.0
400.0,1.6500000000000001,bridge_N_F0_HF,surface,0.0,0.0
400.0,1.6500000000000001,bridge_N_F1_HF,surface,0.0078125,7.8125e-06
400.0,1.6500000000000001,bridge_N_F2_HF,surface,5.28125,0.00528125
400.0,1.6500000000000001,bridge_N_F3_HF,surface,1.6796875,0.0016796875
400.0,1.6500000000000001,pre_SiH2F,surface,4.4296875,0.0044296875
400.0,1.6500000000000001,pre_SiH2F_HF,surface,0.1328125,0.0001328125
400.0,1.6500000000000001,pre_SiH2F_residual,surface,95.4375,0.0954375
400.0,1.6500000000000001,pre_SiHF2,surface,90.6171875,0.0906171875
400.0,1.6500000000000001,pre_SiHF2_HF,surface,4.0,0.004
400.0,1.6500000000000001,pre_SiHF2_residual,surface,5.3828125,0.0053828125
400.0,1.6500000000000001,Si_Si_F1,surface,1.2421875,0.0012421875
400.0,1.6500000000000001,Si_Si_F1_HF,surface,0.0390625,3.90625e-05
400.0,1.6500000000000001,Si_Si_cleaved_F2_H,surface,98.71875,0.09871875
400.0,1.6500000000000001,HF,reservoir_net,-2038.53125,-2.03853125
400.0,1.6500000000000001,H2,gas_product,0.0,0.0
400.0,1.6500000000000001,NH3,gas_product,353.359375,0.353359375
400.0,1.6500000000000001,SiF4,gas_product,262.4765625,0.2624765625
400.0,1.6500000000000001,SiH2F2,gas_product,95.4375,0.0954375
400.0,1.6500000000000001,SiHF3,gas_product,5.3828125,0.0053828125
400.0,1.7000000000000002,bridge_NH_F0,surface,0.046875,4.6875e-05
400.0,1.7000000000000002,bridge_NH_F1,surface,7.921875,0.007921875
400.0,1.7000000000000002,bridge_NH_F2,surface,10.609375,0.010609375
400.0,1.7000000000000002,bridge_NH_F3,surface,15.15625,0.01515625
400.0,1.7000000000000002,bridge_NH_residual,surface,266.015625,0.266015625
400.0,1.7000000000000002,bridge_NH_F0_HF,surface,0.0,0.0
400.0,1.7000000000000002,bridge_NH_F1_HF,surface,0.15625,0.00015625
400.0,1.7000000000000002,bridge_NH_F2_HF,surface,0.09375,9.375e-05
400.0,1.7000000000000002,bridge_NH_F3_HF,surface,0.0,0.0
400.0,1.7000000000000002,terminal_NH2_F0,surface,0.046875,4.6875e-05
400.0,1.7000000000000002,terminal_NH2_F1,surface,0.359375,0.000359375
400.0,1.7000000000000002,terminal_NH2_F2,surface,89.65625,0.08965625
400.0,1.7000000000000002,terminal_NH2_F3,surface,53.1796875,0.0531796875
400.0,1.7000000000000002,terminal_NH2_residual,surface,0.0,0.0
400.0,1.7000000000000002,terminal_NH2_F0_HF,surface,0.0,0.0
400.0,1.7000000000000002,terminal_NH2_F1_HF,surface,0.0,0.0
400.0,1.7000000000000002,terminal_NH2_F2_HF,surface,4.140625,0.004140625
400.0,1.7000000000000002,terminal_NH2_F3_HF,surface,2.6171875,0.0026171875
400.0,1.7000000000000002,Si_H_rich_F0,surface,95.3203125,0.0953203125
400.0,1.7000000000000002,Si_H_rich_F1,surface,0.0,0.0
400.0,1.7000000000000002,Si_H_rich_F2,surface,0.0,0.0
400.0,1.7000000000000002,Si_H_rich_F3,surface,0.0,0.0
400.0,1.7000000000000002,Si_H_rich_residual,surface,0.0,0.0
400.0,1.7000000000000002,Si_H_rich_F0_HF,surface,4.6796875,0.0046796875
400.0,1.7000000000000002,Si_H_rich_F1_HF,surface,0.0,0.0
400.0,1.7000000000000002,Si_H_rich_F2_HF,surface,0.0,0.0
400.0,1.7000000000000002,Si_H_rich_F3_HF,surface,0.0,0.0
400.0,1.7000000000000002,bridge_N_F0,surface,0.0859375,8.59375e-05
400.0,1.7000000000000002,bridge_N_F1,surface,0.984375,0.000984375
400.0,1.7000000000000002,bridge_N_F2,surface,111.203125,0.111203125
400.0,1.7000000000000002,bridge_N_F3,surface,31.1171875,0.0311171875
400.0,1.7000000000000002,bridge_N_residual,surface,0.0,0.0
400.0,1.7000000000000002,bridge_N_F0_HF,surface,0.0,0.0
400.0,1.7000000000000002,bridge_N_F1_HF,surface,0.0390625,3.90625e-05
400.0,1.7000000000000002,bridge_N_F2_HF,surface,4.96875,0.00496875
400.0,1.7000000000000002,bridge_N_F3_HF,surface,1.6015625,0.0016015625
400.0,1.7000000000000002,pre_SiH2F,surface,4.0078125,0.0040078125
400.0,1.7000000000000002,pre_SiH2F_HF,surface,0.1328125,0.0001328125
400.0,1.7000000000000002,pre_SiH2F_residual,surface,95.859375,0.095859375
400.0,1.7000000000000002,pre_SiHF2,surface,90.09375,0.09009375
400.0,1.7000000000000002,pre_SiHF2_HF,surface,4.390625,0.004390625
400.0,1.7000000000000002,pre_SiHF2_residual,surface,5.515625,0.005515625
400.0,1.7000000000000002,Si_Si_F1,surface,1.1015625,0.0011015625
400.0,1.7000000000000002,Si_Si_F1_HF,surface,0.015625,1.5625e-05
400.0,1.7000000000000002,Si_Si_cleaved_F2_H,surface,98.8828125,0.0988828125
400.0,1.7000000000000002,HF,reservoir_net,-2048.9765625,-2.0489765625
400.0,1.7000000000000002,H2,gas_product,0.0,0.0
400.0,1.7000000000000002,NH3,gas_product,355.34375,0.35534375
400.0,1.7000000000000002,SiF4,gas_product,266.015625,0.266015625
400.0,1.7000000000000002,SiH2F2,gas_product,95.859375,0.095859375
400.0,1.7000000000000002,SiHF3,gas_product,5.515625,0.005515625
400.0,1.75,bridge_NH_F0,surface,0.046875,4.6875e-05
400.0,1.75,bridge_NH_F1,surface,6.921875,0.006921875
400.0,1.75,bridge_NH_F2,surface,9.3984375,0.0093984375
400.0,1.75,bridge_NH_F3,surface,13.8671875,0.0138671875
400.0,1.75,bridge_NH_residual,surface,269.53125,0.26953125
400.0,1.75,bridge_NH_F0_HF,surface,0.0,0.0
400.0,1.75,bridge_NH_F1_HF,surface,0.1328125,0.0001328125
400.0,1.75,bridge_NH_F2_HF,surface,0.1015625,0.0001015625
400.0,1.75,bridge_NH_F3_HF,surface,0.0,0.0
400.0,1.75,terminal_NH2_F0,surface,0.0390625,3.90625e-05
400.0,1.75,terminal_NH2_F1,surface,0.3046875,0.0003046875
400.0,1.75,terminal_NH2_F2,surface,87.78125,0.08778125
400.0,1.75,terminal_NH2_F3,surface,55.140625,0.055140625
400.0,1.75,terminal_NH2_residual,surface,0.0,0.0
400.0,1.75,terminal_NH2_F0_HF,surface,0.0,0.0
400.0,1.75,terminal_NH2_F1_HF,surface,0.0,0.0
400.0,1.75,terminal_NH2_F2_HF,surface,4.28125,0.00428125
400.0,1.75,terminal_NH2_F3_HF,surface,2.453125,0.002453125
400.0,1.75,Si_H_rich_F0,surface,95.4609375,0.0954609375
400.0,1.75,Si_H_rich_F1,surface,0.0,0.0
400.0,1.75,Si_H_rich_F2,surface,0.0,0.0
400.0,1.75,Si_H_rich_F3,surface,0.0,0.0
400.0,1.75,Si_H_rich_residual,surface,0.0,0.0
400.0,1.75,Si_H_rich_F0_HF,surface,4.5390625,0.0045390625
400.0,1.75,Si_H_rich_F1_HF,surface,0.0,0.0
400.0,1.75,Si_H_rich_F2_HF,surface,0.0,0.0
400.0,1.75,Si_H_rich_F3_HF,surface,0.0,0.0
400.0,1.75,bridge_N_F0,surface,0.078125,7.8125e-05
400.0,1.75,bridge_N_F1,surface,0.8359375,0.0008359375
400.0,1.75,bridge_N_F2,surface,110.1328125,0.1101328125
400.0,1.75,bridge_N_F3,surface,32.34375,0.03234375
400.0,1.75,bridge_N_residual,surface,0.0,0.0
400.0,1.75,bridge_N_F0_HF,surface,0.0,0.0
400.0,1.75,bridge_N_F1_HF,surface,0.0078125,7.8125e-06
400.0,1.75,bridge_N_F2_HF,surface,5.0546875,0.0050546875
400.0,1.75,bridge_N_F3_HF,surface,1.546875,0.001546875
400.0,1.75,pre_SiH2F,surface,3.6796875,0.0036796875
400.0,1.75,pre_SiH2F_HF,surface,0.125,0.000125
400.0,1.75,pre_SiH2F_residual,surface,96.1953125,0.0961953125
400.0,1.75,pre_SiHF2,surface,89.8203125,0.0898203125
400.0,1.75,pre_SiHF2_HF,surface,4.4765625,0.0044765625
400.0,1.75,pre_SiHF2_residual,surface,5.703125,0.005703125
400.0,1.75,Si_Si_F1,surface,1.0234375,0.0010234375
400.0,1.75,Si_Si_F1_HF,surface,0.015625,1.5625e-05
400.0,1.75,Si_Si_cleaved_F2_H,surface,98.9609375,0.0989609375
400.0,1.75,HF,reservoir_net,-2059.4765625,-2.0594765625
400.0,1.75,H2,gas_product,0.0,0.0
400.0,1.75,NH3,gas_product,357.2109375,0.3572109375
400.0,1.75,SiF4,gas_product,269.53125,0.26953125
400.0,1.75,SiH2F2,gas_product,96.1953125,0.0961953125
400.0,1.75,SiHF3,gas_product,5.703125,0.005703125
400.0,1.8,bridge_NH_F0,surface,0.0390625,3.90625e-05
400.0,1.8,bridge_NH_F1,surface,6.0703125,0.0060703125
400.0,1.8,bridge_NH_F2,surface,8.3359375,0.0083359375
400.0,1.8,bridge_NH_F3,surface,12.421875,0.012421875
400.0,1.8,bridge_NH_residual,surface,272.890625,0.272890625
400.0,1.8,bridge_NH_F0_HF,surface,0.0,0.0
400.0,1.8,bridge_NH_F1_HF,surface,0.1796875,0.0001796875
400.0,1.8,bridge_NH_F2_HF,surface,0.0625,6.25e-05
400.0,1.8,bridge_NH_F3_HF,surface,0.0,0.0
400.0,1.8,terminal_NH2_F0,surface,0.03125,3.125e-05
400.0,1.8,terminal_NH2_F1,surface,0.2421875,0.0002421875
400.0,1.8,terminal_NH2_F2,surface,86.5390625,0.0865390625
400.0,1.8,terminal_NH2_F3,surface,56.1328125,0.0561328125
400.0,1.8,terminal_NH2_residual,surface,0.0,0.0
400.0,1.8,terminal_NH2_F0_HF,surface,0.0,0.0
400.0,1.8,terminal_NH2_F1_HF,surface,0.0,0.0
400.0,1.8,terminal_NH2_F2_HF,surface,4.1640625,0.0041640625
400.0,1.8,terminal_NH2_F3_HF,surface,2.890625,0.002890625
400.0,1.8,Si_H_rich_F0,surface,95.3046875,0.0953046875
400.0,1.8,Si_H_rich_F1,surface,0.0,0.0
400.0,1.8,Si_H_rich_F2,surface,0.0,0.0
400.0,1.8,Si_H_rich_F3,surface,0.0,0.0
400.0,1.8,Si_H_rich_residual,surface,0.0,0.0
400.0,1.8,Si_H_rich_F0_HF,surface,4.6953125,0.0046953125
400.0,1.8,Si_H_rich_F1_HF,surface,0.0,0.0
400.0,1.8,Si_H_rich_F2_HF,surface,0.0,0.0
400.0,1.8,Si_H_rich_F3_HF,surface,0.0,0.0
400.0,1.8,bridge_N_F0,surface,0.046875,4.6875e-05
400.0,1.8,bridge_N_F1,surface,0.6953125,0.0006953125
400.0,1.8,bridge_N_F2,surface,108.7890625,0.1087890625
400.0,1.8,bridge_N_F3,surface,33.5234375,0.0335234375
400.0,1.8,bridge_N_residual,surface,0.0,0.0
400.0,1.8,bridge_N_F0_HF,surface,0.0,0.0
400.0,1.8,bridge_N_F1_HF,surface,0.0,0.0
400.0,1.8,bridge_N_F2_HF,surface,5.3203125,0.0053203125
400.0,1.8,bridge_N_F3_HF,surface,1.625,0.001625
400.0,1.8,pre_SiH2F,surface,3.234375,0.003234375
400.0,1.8,pre_SiH2F_HF,surface,0.1171875,0.0001171875
400.0,1.8,pre_SiH2F_residual,surface,96.6484375,0.0966484375
400.0,1.8,pre_SiHF2,surface,89.609375,0.089609375
400.0,1.8,pre_SiHF2_HF,surface,4.5,0.0045
400.0,1.8,pre_SiHF2_residual,surface,5.890625,0.005890625
400.0,1.8,Si_Si_F1,surface,0.8828125,0.0008828125
400.0,1.8,Si_Si_F1_HF,surface,0.03125,3.125e-05
400.0,1.8,Si_Si_cleaved_F2_H,surface,99.0859375,0.0990859375
400.0,1.8,HF,reservoir_net,-2070.1640625,-2.0701640625
400.0,1.8,H2,gas_product,0.0,0.0
400.0,1.8,NH3,gas_product,358.71875,0.35871875
400.0,1.8,SiF4,gas_product,272.890625,0.272890625
400.0,1.8,SiH2F2,gas_product,96.6484375,0.0966484375
400.0,1.8,SiHF3,gas_product,5.890625,0.005890625
400.0,1.85,bridge_NH_F0,surface,0.0390625,3.90625e-05
400.0,1.85,bridge_NH_F1,surface,5.296875,0.005296875
400.0,1.85,bridge_NH_F2,surface,7.4140625,0.0074140625
400.0,1.85,bridge_NH_F3,surface,11.1484375,0.0111484375
400.0,1.85,bridge_NH_residual,surface,275.9140625,0.2759140625
400.0,1.85,bridge_NH_F0_HF,surface,0.0,0.0
400.0,1.85,bridge_NH_F1_HF,surface,0.125,0.000125
400.0,1.85,bridge_NH_F2_HF,surface,0.0625,6.25e-05
400.0,1.85,bridge_NH_F3_HF,surface,0.0,0.0
400.0,1.85,terminal_NH2_F0,surface,0.03125,3.125e-05
400.0,1.85,terminal_NH2_F1,surface,0.1953125,0.0001953125
400.0,1.85,terminal_NH2_F2,surface,85.2265625,0.0852265625
400.0,1.85,terminal_NH2_F3,surface,57.53125,0.05753125
400.0,1.85,terminal_NH2_residual,surface,0.0,0.0
400.0,1.85,terminal_NH2_F0_HF,surface,0.0,0.0
400.0,1.85,terminal_NH2_F1_HF,surface,0.0,0.0
400.0,1.85,terminal_NH2_F2_HF,surface,3.9375,0.0039375
400.0,1.85,terminal_NH2_F3_HF,surface,3.078125,0.003078125
400.0,1.85,Si_H_rich_F0,surface,95.171875,0.095171875
400.0,1.85,Si_H_rich_F1,surface,0.0,0.0
400.0,1.85,Si_H_rich_F2,surface,0.0,0.0
400.0,1.85,Si_H_rich_F3,surface,0.0,0.0
400.0,1.85,Si_H_rich_residual,surface,0.0,0.0
400.0,1.85,Si_H_rich_F0_HF,surface,4.828125,0.004828125
400.0,1.85,Si_H_rich_F1_HF,surface,0.0,0.0
400.0,1.85,Si_H_rich_F2_HF,surface,0.0,0.0
400.0,1.85,Si_H_rich_F3_HF,surface,0.0,0.0
400.0,1.85,bridge_N_F0,surface,0.0390625,3.90625e-05
400.0,1.85,bridge_N_F1,surface,0.59375,0.00059375
400.0,1.85,bridge_N_F2,surface,107.7265625,0.1077265625
400.0,1.85,bridge_N_F3,surface,34.546875,0.034546875
400.0,1.85,bridge_N_residual,surface,0.0,0.0
400.0,1.85,bridge_N_F0_HF,surface,0.0,0.0
400.0,1.85,bridge_N_F1_HF,surface,0.0,0.0
400.0,1.85,bridge_N_F2_HF,surface,5.296875,0.005296875
400.0,1.85,bridge_N_F3_HF,surface,1.796875,0.001796875
400.0,1.85,pre_SiH2F,surface,2.859375,0.002859375
400.0,1.85,pre_SiH2F_HF,surface,0.0625,6.25e-05
400.0,1.85,pre_SiH2F_residual,surface,97.078125,0.097078125
400.0,1.85,pre_SiHF2,surface,89.578125,0.089578125
400.0,1.85,pre_SiHF2_HF,surface,4.4140625,0.0044140625
400.0,1.85,pre_SiHF2_residual,surface,6.0078125,0.0060078125
400.0,1.85,Si_Si_F1,surface,0.78125,0.00078125
400.0,1.85,Si_Si_F1_HF,surface,0.015625,1.5625e-05
400.0,1.85,Si_Si_cleaved_F2_H,surface,99.203125,0.099203125
400.0,1.85,HF,reservoir_net,-2079.40625,-2.07940625
400.0,1.85,H2,gas_product,0.0,0.0
400.0,1.85,NH3,gas_product,360.3515625,0.3603515625
400.0,1.85,SiF4,gas_product,275.9140625,0.2759140625
400.0,1.85,SiH2F2,gas_product,97.078125,0.097078125
400.0,1.85,SiHF3,gas_product,6.0078125,0.0060078125
400.0,1.9000000000000001,bridge_NH_F0,surface,0.0390625,3.90625e-05
400.0,1.9000000000000001,bridge_NH_F1,surface,4.671875,0.004671875
400.0,1.9000000000000001,bridge_NH_F2,surface,6.671875,0.006671875
400.0,1.9000000000000001,bridge_NH_F3,surface,9.875,0.009875
400.0,1.9000000000000001,bridge_NH_residual,surface,278.5703125,0.2785703125
400.0,1.9000000000000001,bridge_NH_F0_HF,surface,0.0,0.0
400.0,1.9000000000000001,bridge_NH_F1_HF,surface,0.0859375,8.59375e-05
400.0,1.9000000000000001,bridge_NH_F2_HF,surface,0.0859375,8.59375e-05
400.0,1.9000000000000001,bridge_NH_F3_HF,surface,0.0,0.0
400.0,1.9000000000000001,terminal_NH2_F0,surface,0.0234375,2.34375e-05
400.0,1.9000000000000001,terminal_NH2_F1,surface,0.15625,0.00015625
400.0,1.9000000000000001,terminal_NH2_F2,surface,83.875,0.083875
400.0,1.9000000000000001,terminal_NH2_F3,surface,59.375,0.059375
400.0,1.9000000000000001,terminal_NH2_residual,surface,0.0,0.0
400.0,1.9000000000000001,terminal_NH2_F0_HF,surface,0.0,0.0
400.0,1.9000000000000001,terminal_NH2_F1_HF,surface,0.0,0.0
400.0,1.9000000000000001,terminal_NH2_F2_HF,surface,3.6484375,0.0036484375
400.0,1.9000000000000001,terminal_NH2_F3_HF,surface,2.921875,0.002921875
400.0,1.9000000000000001,Si_H_rich_F0,surface,95.1796875,0.0951796875
400.0,1.9000000000000001,Si_H_rich_F1,surface,0.0,0.0
400.0,1.9000000000000001,Si_H_rich_F2,surface,0.0,0.0
400.0,1.9000000000000001,Si_H_rich_F3,surface,0.0,0.0
400.0,1.9000000000000001,Si_H_rich_residual,surface,0.0,0.0
400.0,1.9000000000000001,Si_H_rich_F0_HF,surface,4.8203125,0.0048203125
400.0,1.9000000000000001,Si_H_rich_F1_HF,surface,0.0,0.0
400.0,1.9000000000000001,Si_H_rich_F2_HF,surface,0.0,0.0
400.0,1.9000000000000001,Si_H_rich_F3_HF,surface,0.0,0.0
400.0,1.9000000000000001,bridge_N_F0,surface,0.0234375,2.34375e-05
400.0,1.9000000000000001,bridge_N_F1,surface,0.5390625,0.0005390625
400.0,1.9000000000000001,bridge_N_F2,surface,106.8828125,0.1068828125
400.0,1.9000000000000001,bridge_N_F3,surface,35.8203125,0.0358203125
400.0,1.9000000000000001,bridge_N_residual,surface,0.0,0.0
400.0,1.9000000000000001,bridge_N_F0_HF,surface,0.0,0.0
400.0,1.9000000000000001,bridge_N_F1_HF,surface,0.0078125,7.8125e-06
400.0,1.9000000000000001,bridge_N_F2_HF,surface,4.9296875,0.0049296875
400.0,1.9000000000000001,bridge_N_F3_HF,surface,1.796875,0.001796875
400.0,1.9000000000000001,pre_SiH2F,surface,2.625,0.002625
400.0,1.9000000000000001,pre_SiH2F_HF,surface,0.0546875,5.46875e-05
400.0,1.9000000000000001,pre_SiH2F_residual,surface,97.3203125,0.0973203125
400.0,1.9000000000000001,pre_SiHF2,surface,89.171875,0.089171875
400.0,1.9000000000000001,pre_SiHF2_HF,surface,4.625,0.004625
400.0,1.9000000000000001,pre_SiHF2_residual,surface,6.203125,0.006203125
400.0,1.9000000000000001,Si_Si_F1,surface,0.6953125,0.0006953125
400.0,1.9000000000000001,Si_Si_F1_HF,surface,0.0234375,2.34375e-05
400.0,1.9000000000000001,Si_Si_cleaved_F2_H,surface,99.28125,0.09928125
400.0,1.9000000000000001,HF,reservoir_net,-2087.1015625,-2.0871015625
400.0,1.9000000000000001,H2,gas_product,0.0,0.0
400.0,1.9000000000000001,NH3,gas_product,362.09375,0.36209375
400.0,1.9000000000000001,SiF4,gas_product,278.5703125,0.2785703125
400.0,1.9000000000000001,SiH2F2,gas_product,97.3203125,0.0973203125
400.0,1.9000000000000001,SiHF3,gas_product,6.203125,0.006203125
400.0,1.9500000000000002,bridge_NH_F0,surface,0.0390625,3.90625e-05
400.0,1.9500000000000002,bridge_NH_F1,surface,4.0078125,0.0040078125
400.0,1.9500000000000002,bridge_NH_F2,surface,6.171875,0.006171875
400.0,1.9500000000000002,bridge_NH_F3,surface,8.9765625,0.0089765625
400.0,1.9500000000000002,bridge_NH_residual,surface,280.6640625,0.2806640625
400.0,1.9500000000000002,bridge_NH_F0_HF,surface,0.0,0.0
400.0,1.9500000000000002,bridge_NH_F1_HF,surface,0.1328125,0.0001328125
400.0,1.9500000000000002,bridge_NH_F2_HF,surface,0.0078125,7.8125e-06
400.0,1.9500000000000002,bridge_NH_F3_HF,surface,0.0,0.0
400.0,1.9500000000000002,terminal_NH2_F0,surface,0.0234375,2.34375e-05
400.0,1.9500000000000002,terminal_NH2_F1,surface,0.140625,0.000140625
400.0,1.9500000000000002,terminal_NH2_F2,surface,82.0703125,0.0820703125
400.0,1.9500000000000002,terminal_NH2_F3,surface,60.9375,0.0609375
400.0,1.9500000000000002,terminal_NH2_residual,surface,0.0,0.0
400.0,1.9500000000000002,terminal_NH2_F0_HF,surface,0.0,0.0
400.0,1.9500000000000002,terminal_NH2_F1_HF,surface,0.0,0.0
400.0,1.9500000000000002,terminal_NH2_F2_HF,surface,3.8046875,0.0038046875
400.0,1.9500000000000002,terminal_NH2_F3_HF,surface,3.0234375,0.0030234375
400.0,1.9500000000000002,Si_H_rich_F0,surface,94.9375,0.0949375
400.0,1.9500000000000002,Si_H_rich_F1,surface,0.0,0.0
400.0,1.9500000000000002,Si_H_rich_F2,surface,0.0,0.0
400.0,1.9500000000000002,Si_H_rich_F3,surface,0.0,0.0
400.0,1.9500000000000002,Si_H_rich_residual,surface,0.0,0.0
400.0,1.9500000000000002,Si_H_rich_F0_HF,surface,5.0625,0.0050625
400.0,1.9500000000000002,Si_H_rich_F1_HF,surface,0.0,0.0
400.0,1.9500000000000002,Si_H_rich_F2_HF,surface,0.0,0.0
400.0,1.9500000000000002,Si_H_rich_F3_HF,surface,0.0,0.0
400.0,1.9500000000000002,bridge_N_F0,surface,0.0234375,2.34375e-05
400.0,1.9500000000000002,bridge_N_F1,surface,0.390625,0.000390625
400.0,1.9500000000000002,bridge_N_F2,surface,105.5,0.1055
400.0,1.9500000000000002,bridge_N_F3,surface,37.03125,0.03703125
400.0,1.9500000000000002,bridge_N_residual,surface,0.0,0.0
400.0,1.9500000000000002,bridge_N_F0_HF,surface,0.0,0.0
400.0,1.9500000000000002,bridge_N_F1_HF,surface,0.03125,3.125e-05
400.0,1.9500000000000002,bridge_N_F2_HF,surface,5.21875,0.00521875
400.0,1.9500000000000002,bridge_N_F3_HF,surface,1.8046875,0.0018046875
400.0,1.9500000000000002,pre_SiH2F,surface,2.421875,0.002421875
400.0,1.9500000000000002,pre_SiH2F_HF,surface,0.0703125,7.03125e-05
400.0,1.9500000000000002,pre_SiH2F_residual,surface,97.5078125,0.0975078125
400.0,1.9500000000000002,pre_SiHF2,surface,89.53125,0.08953125
400.0,1.9500000000000002,pre_SiHF2_HF,surface,4.078125,0.004078125
400.0,1.9500000000000002,pre_SiHF2_residual,surface,6.390625,0.006390625
400.0,1.9500000000000002,Si_Si_F1,surface,0.640625,0.000640625
400.0,1.9500000000000002,Si_Si_F1_HF,surface,0.0234375,2.34375e-05
400.0,1.9500000000000002,Si_Si_cleaved_F2_H,surface,99.3359375,0.0993359375
400.0,1.9500000000000002,HF,reservoir_net,-2094.71875,-2.09471875
400.0,1.9500000000000002,H2,gas_product,0.0,0.0
400.0,1.9500000000000002,NH3,gas_product,363.7734375,0.3637734375
400.0,1.9500000000000002,SiF4,gas_product,280.6640625,0.2806640625
400.0,1.9500000000000002,SiH2F2,gas_product,97.5078125,0.0975078125
400.0,1.9500000000000002,SiHF3,gas_product,6.390625,0.006390625
400.0,2.0,bridge_NH_F0,surface,0.0234375,2.34375e-05
400.0,2.0,bridge_NH_F1,surface,3.609375,0.003609375
400.0,2.0,bridge_NH_F2,surface,5.4140625,0.0054140625
400.0,2.0,bridge_NH_F3,surface,8.140625,0.008140625
400.0,2.0,bridge_NH_residual,surface,282.7265625,0.2827265625
400.0,2.0,bridge_NH_F0_HF,surface,0.0,0.0
400.0,2.0,bridge_NH_F1_HF,surface,0.0546875,5.46875e-05
400.0,2.0,bridge_NH_F2_HF,surface,0.03125,3.125e-05
400.0,2.0,bridge_NH_F3_HF,surface,0.0,0.0
400.0,2.0,terminal_NH2_F0,surface,0.015625,1.5625e-05
400.0,2.0,terminal_NH2_F1,surface,0.1015625,0.0001015625
400.0,2.0,terminal_NH2_F2,surface,80.8828125,0.0808828125
400.0,2.0,terminal_NH2_F3,surface,62.09375,0.06209375
400.0,2.0,terminal_NH2_residual,surface,0.0,0.0
400.0,2.0,terminal_NH2_F0_HF,surface,0.0,0.0
400.0,2.0,terminal_NH2_F1_HF,surface,0.0,0.0
400.0,2.0,terminal_NH2_F2_HF,surface,3.6015625,0.0036015625
400.0,2.0,terminal_NH2_F3_HF,surface,3.3046875,0.0033046875
400.0,2.0,Si_H_rich_F0,surface,95.2734375,0.0952734375
400.0,2.0,Si_H_rich_F1,surface,0.0,0.0
400.0,2.0,Si_H_rich_F2,surface,0.0,0.0
400.0,2.0,Si_H_rich_F3,surface,0.0,0.0
400.0,2.0,Si_H_rich_residual,surface,0.0,0.0
400.0,2.0,Si_H_rich_F0_HF,surface,4.7265625,0.0047265625
400.0,2.0,Si_H_rich_F1_HF,surface,0.0,0.0
400.0,2.0,Si_H_rich_F2_HF,surface,0.0,0.0
400.0,2.0,Si_H_rich_F3_HF,surface,0.0,0.0
400.0,2.0,bridge_N_F0,surface,0.0078125,7.8125e-06
400.0,2.0,bridge_N_F1,surface,0.3046875,0.0003046875
400.0,2.0,bridge_N_F2,surface,104.6875,0.1046875
400.0,2.0,bridge_N_F3,surface,38.203125,0.038203125
400.0,2.0,bridge_N_residual,surface,0.0,0.0
400.0,2.0,bridge_N_F0_HF,surface,0.0,0.0
400.0,2.0,bridge_N_F1_HF,surface,0.0,0.0
400.0,2.0,bridge_N_F2_HF,surface,4.9609375,0.0049609375
400.0,2.0,bridge_N_F3_HF,surface,1.8359375,0.0018359375
400.0,2.0,pre_SiH2F,surface,2.2265625,0.0022265625
400.0,2.0,pre_SiH2F_HF,surface,0.0625,6.25e-05
400.0,2.0,pre_SiH2F_residual,surface,97.7109375,0.0977109375
400.0,2.0,pre_SiHF2,surface,89.078125,0.089078125
400.0,2.0,pre_SiHF2_HF,surface,4.359375,0.004359375
400.0,2.0,pre_SiHF2_residual,surface,6.5625,0.0065625
400.0,2.0,Si_Si_F1,surface,0.5703125,0.0005703125
400.0,2.0,Si_Si_F1_HF,surface,0.0078125,7.8125e-06
400.0,2.0,Si_Si_cleaved_F2_H,surface,99.421875,0.099421875
400.0,2.0,HF,reservoir_net,-2101.5078125,-2.1015078125
400.0,2.0,H2,gas_product,0.0,0.0
400.0,2.0,NH3,gas_product,365.265625,0.365265625
400.0,2.0,SiF4,gas_product,282.7265625,0.2827265625
400.0,2.0,SiH2F2,gas_product,97.7109375,0.0977109375
400.0,2.0,SiHF3,gas_product,6.5625,0.0065625
400.0,2.0500000000000003,bridge_NH_F0,surface,0.0234375,2.34375e-05
400.0,2.0500000000000003,bridge_NH_F1,surface,3.6328125,0.0036328125
400.0,2.0500000000000003,bridge_NH_F2,surface,5.453125,0.005453125
400.0,2.0500000000000003,bridge_NH_F3,surface,8.1640625,0.0081640625
400.0,2.0500000000000003,bridge_NH_residual,surface,282.7265625,0.2827265625
400.0,2.0500000000000003,bridge_NH_F0_HF,surface,0.0,0.0
400.0,2.0500000000000003,bridge_NH_F1_HF,surface,0.0,0.0
400.0,2.0500000000000003,bridge_NH_F2_HF,surface,0.0,0.0
400.0,2.0500000000000003,bridge_NH_F3_HF,surface,0.0,0.0
400.0,2.0500000000000003,terminal_NH2_F0,surface,0.015625,1.5625e-05
400.0,2.0500000000000003,terminal_NH2_F1,surface,0.1015625,0.0001015625
400.0,2.0500000000000003,terminal_NH2_F2,surface,84.2109375,0.0842109375
400.0,2.0500000000000003,terminal_NH2_F3,surface,65.6328125,0.0656328125
400.0,2.0500000000000003,terminal_NH2_residual,surface,0.0,0.0
400.0,2.0500000000000003,terminal_NH2_F0_HF,surface,0.0,0.0
400.0,2.0500000000000003,terminal_NH2_F1_HF,surface,0.0,0.0
400.0,2.0500000000000003,terminal_NH2_F2_HF,surface,0.0078125,7.8125e-06
400.0,2.0500000000000003,terminal_NH2_F3_HF,surface,0.03125,3.125e-05
400.0,2.0500000000000003,Si_H_rich_F0,surface,99.9765625,0.0999765625
400.0,2.0500000000000003,Si_H_rich_F1,surface,0.0,0.0
400.0,2.0500000000000003,Si_H_rich_F2,surface,0.0,0.0
400.0,2.0500000000000003,Si_H_rich_F3,surface,0.0,0.0
400.0,2.0500000000000003,Si_H_rich_residual,surface,0.0,0.0
400.0,2.0500000000000003,Si_H_rich_F0_HF,surface,0.0234375,2.34375e-05
400.0,2.0500000000000003,Si_H_rich_F1_HF,surface,0.0,0.0
400.0,2.0500000000000003,Si_H_rich_F2_HF,surface,0.0,0.0
400.0,2.0500000000000003,Si_H_rich_F3_HF,surface,0.0,0.0
400.0,2.0500000000000003,bridge_N_F0,surface,0.0078125,7.8125e-06
400.0,2.0500000000000003,bridge_N_F1,surface,0.3046875,0.0003046875
400.0,2.0500000000000003,bridge_N_F2,surface,109.3984375,0.1093984375
400.0,2.0500000000000003,bridge_N_F3,surface,40.2578125,0.0402578125
400.0,2.0500000000000003,bridge_N_residual,surface,0.0,0.0
400.0,2.0500000000000003,bridge_N_F0_HF,surface,0.0,0.0
400.0,2.0500000000000003,bridge_N_F1_HF,surface,0.0,0.0
400.0,2.0500000000000003,bridge_N_F2_HF,surface,0.0078125,7.8125e-06
400.0,2.0500000000000003,bridge_N_F3_HF,surface,0.0234375,2.34375e-05
400.0,2.0500000000000003,pre_SiH2F,surface,2.265625,0.002265625
400.0,2.0500000000000003,pre_SiH2F_HF,surface,0.0,0.0
400.0,2.0500000000000003,pre_SiH2F_residual,surface,97.734375,0.097734375
400.0,2.0500000000000003,pre_SiHF2,surface,93.359375,0.093359375
400.0,2.0500000000000003,pre_SiHF2_HF,surface,0.0390625,3.90625e-05
400.0,2.0500000000000003,pre_SiHF2_residual,surface,6.6015625,0.0066015625
400.0,2.0500000000000003,Si_Si_F1,surface,0.578125,0.000578125
400.0,2.0500000000000003,Si_Si_F1_HF,surface,0.0,0.0
400.0,2.0500000000000003,Si_Si_cleaved_F2_H,surface,99.421875,0.099421875
400.0,2.0500000000000003,HF,reservoir_net,-2079.3203125,-2.0793203125
400.0,2.0500000000000003,H2,gas_product,0.0,0.0
400.0,2.0500000000000003,NH3,gas_product,365.53125,0.36553125
400.0,2.0500000000000003,SiF4,gas_product,282.7265625,0.2827265625
400.0,2.0500000000000003,SiH2F2,gas_product,97.734375,0.097734375
400.0,2.0500000000000003,SiHF3,gas_product,6.6015625,0.0066015625
400.0,2.1,bridge_NH_F0,surface,0.0234375,2.34375e-05
400.0,2.1,bridge_NH_F1,surface,3.6328125,0.0036328125
400.0,2.1,bridge_NH_F2,surface,5.453125,0.005453125
400.0,2.1,bridge_NH_F3,surface,8.1640625,0.0081640625
400.0,2.1,bridge_NH_residual,surface,282.7265625,0.2827265625
400.0,2.1,bridge_NH_F0_HF,surface,0.0,0.0
400.0,2.1,bridge_NH_F1_HF,surface,0.0,0.0
400.0,2.1,bridge_NH_F2_HF,surface,0.0,0.0
400.0,2.1,bridge_NH_F3_HF,surface,0.0,0.0
400.0,2.1,terminal_NH2_F0,surface,0.015625,1.5625e-05
400.0,2.1,terminal_NH2_F1,surface,0.1015625,0.0001015625
400.0,2.1,terminal_NH2_F2,surface,84.21875,0.08421875
400.0,2.1,terminal_NH2_F3,surface,65.65625,0.06565625
400.0,2.1,terminal_NH2_residual,surface,0.0,0.0
400.0,2.1,terminal_NH2_F0_HF,surface,0.0,0.0
400.0,2.1,terminal_NH2_F1_HF,surface,0.0,0.0
400.0,2.1,terminal_NH2_F2_HF,surface,0.0,0.0
400.0,2.1,terminal_NH2_F3_HF,surface,0.0078125,7.8125e-06
400.0,2.1,Si_H_rich_F0,surface,100.0,0.1
400.0,2.1,Si_H_rich_F1,surface,0.0,0.0
400.0,2.1,Si_H_rich_F2,surface,0.0,0.0
400.0,2.1,Si_H_rich_F3,surface,0.0,0.0
400.0,2.1,Si_H_rich_residual,surface,0.0,0.0
400.0,2.1,Si_H_rich_F0_HF,surface,0.0,0.0
400.0,2.1,Si_H_rich_F1_HF,surface,0.0,0.0
400.0,2.1,Si_H_rich_F2_HF,surface,0.0,0.0
400.0,2.1,Si_H_rich_F3_HF,surface,0.0,0.0
400.0,2.1,bridge_N_F0,surface,0.0078125,7.8125e-06
400.0,2.1,bridge_N_F1,surface,0.3046875,0.0003046875
400.0,2.1,bridge_N_F2,surface,109.40625,0.10940625
400.0,2.1,bridge_N_F3,surface,40.28125,0.04028125
400.0,2.1,bridge_N_residual,surface,0.0,0.0
400.0,2.1,bridge_N_F0_HF,surface,0.0,0.0
400.0,2.1,bridge_N_F1_HF,surface,0.0,0.0
400.0,2.1,bridge_N_F2_HF,surface,0.0,0.0
400.0,2.1,bridge_N_F3_HF,surface,0.0,0.0
400.0,2.1,pre_SiH2F,surface,2.265625,0.002265625
400.0,2.1,pre_SiH2F_HF,surface,0.0,0.0
400.0,2.1,pre_SiH2F_residual,surface,97.734375,0.097734375
400.0,2.1,pre_SiHF2,surface,93.3984375,0.0933984375
400.0,2.1,pre_SiHF2_HF,surface,0.0,0.0
400.0,2.1,pre_SiHF2_residual,surface,6.6015625,0.0066015625
400.0,2.1,Si_Si_F1,surface,0.578125,0.000578125
400.0,2.1,Si_Si_F1_HF,surface,0.0,0.0
400.0,2.1,Si_Si_cleaved_F2_H,surface,99.421875,0.099421875
400.0,2.1,HF,reservoir_net,-2079.1953125,-2.0791953125
400.0,2.1,H2,gas_product,0.0,0.0
400.0,2.1,NH3,gas_product,365.53125,0.36553125
400.0,2.1,SiF4,gas_product,282.7265625,0.2827265625
400.0,2.1,SiH2F2,gas_product,97.734375,0.097734375
400.0,2.1,SiHF3,gas_product,6.6015625,0.0066015625
400.0,2.15,bridge_NH_F0,surface,0.0234375,2.34375e-05
400.0,2.15,bridge_NH_F1,surface,3.6328125,0.0036328125
400.0,2.15,bridge_NH_F2,surface,5.453125,0.005453125
400.0,2.15,bridge_NH_F3,surface,8.1640625,0.0081640625
400.0,2.15,bridge_NH_residual,surface,282.7265625,0.2827265625
400.0,2.15,bridge_NH_F0_HF,surface,0.0,0.0
400.0,2.15,bridge_NH_F1_HF,surface,0.0,0.0
400.0,2.15,bridge_NH_F2_HF,surface,0.0,0.0
400.0,2.15,bridge_NH_F3_HF,surface,0.0,0.0
400.0,2.15,terminal_NH2_F0,surface,0.015625,1.5625e-05
400.0,2.15,terminal_NH2_F1,surface,0.1015625,0.0001015625
400.0,2.15,terminal_NH2_F2,surface,84.21875,0.08421875
400.0,2.15,terminal_NH2_F3,surface,65.6640625,0.0656640625
400.0,2.15,terminal_NH2_residual,surface,0.0,0.0
400.0,2.15,terminal_NH2_F0_HF,surface,0.0,0.0
400.0,2.15,terminal_NH2_F1_HF,surface,0.0,0.0
400.0,2.15,terminal_NH2_F2_HF,surface,0.0,0.0
400.0,2.15,terminal_NH2_F3_HF,surface,0.0,0.0
400.0,2.15,Si_H_rich_F0,surface,100.0,0.1
400.0,2.15,Si_H_rich_F1,surface,0.0,0.0
400.0,2.15,Si_H_rich_F2,surface,0.0,0.0
400.0,2.15,Si_H_rich_F3,surface,0.0,0.0
400.0,2.15,Si_H_rich_residual,surface,0.0,0.0
400.0,2.15,Si_H_rich_F0_HF,surface,0.0,0.0
400.0,2.15,Si_H_rich_F1_HF,surface,0.0,0.0
400.0,2.15,Si_H_rich_F2_HF,surface,0.0,0.0
400.0,2.15,Si_H_rich_F3_HF,surface,0.0,0.0
400.0,2.15,bridge_N_F0,surface,0.0078125,7.8125e-06
400.0,2.15,bridge_N_F1,surface,0.3046875,0.0003046875
400.0,2.15,bridge_N_F2,surface,109.40625,0.10940625
400.0,2.15,bridge_N_F3,surface,40.28125,0.04028125
400.0,2.15,bridge_N_residual,surface,0.0,0.0
400.0,2.15,bridge_N_F0_HF,surface,0.0,0.0
400.0,2.15,bridge_N_F1_HF,surface,0.0,0.0
400.0,2.15,bridge_N_F2_HF,surface,0.0,0.0
400.0,2.15,bridge_N_F3_HF,surface,0.0,0.0
400.0,2.15,pre_SiH2F,surface,2.265625,0.002265625
400.0,2.15,pre_SiH2F_HF,surface,0.0,0.0
400.0,2.15,pre_SiH2F_residual,surface,97.734375,0.097734375
400.0,2.15,pre_SiHF2,surface,93.3984375,0.0933984375
400.0,2.15,pre_SiHF2_HF,surface,0.0,0.0
400.0,2.15,pre_SiHF2_residual,surface,6.6015625,0.0066015625
400.0,2.15,Si_Si_F1,surface,0.578125,0.000578125
400.0,2.15,Si_Si_F1_HF,surface,0.0,0.0
400.0,2.15,Si_Si_cleaved_F2_H,surface,99.421875,0.099421875
400.0,2.15,HF,reservoir_net,-2079.1875,-2.0791875
400.0,2.15,H2,gas_product,0.0,0.0
400.0,2.15,NH3,gas_product,365.53125,0.36553125
400.0,2.15,SiF4,gas_product,282.7265625,0.2827265625
400.0,2.15,SiH2F2,gas_product,97.734375,0.097734375
400.0,2.15,SiHF3,gas_product,6.6015625,0.0066015625
400.0,2.2,bridge_NH_F0,surface,0.0234375,2.34375e-05
400.0,2.2,bridge_NH_F1,surface,3.6328125,0.0036328125
400.0,2.2,bridge_NH_F2,surface,5.453125,0.005453125
400.0,2.2,bridge_NH_F3,surface,8.1640625,0.0081640625
400.0,2.2,bridge_NH_residual,surface,282.7265625,0.2827265625
400.0,2.2,bridge_NH_F0_HF,surface,0.0,0.0
400.0,2.2,bridge_NH_F1_HF,surface,0.0,0.0
400.0,2.2,bridge_NH_F2_HF,surface,0.0,0.0
400.0,2.2,bridge_NH_F3_HF,surface,0.0,0.0
400.0,2.2,terminal_NH2_F0,surface,0.015625,1.5625e-05
400.0,2.2,terminal_NH2_F1,surface,0.1015625,0.0001015625
400.0,2.2,terminal_NH2_F2,surface,84.21875,0.08421875
400.0,2.2,terminal_NH2_F3,surface,65.6640625,0.0656640625
400.0,2.2,terminal_NH2_residual,surface,0.0,0.0
400.0,2.2,terminal_NH2_F0_HF,surface,0.0,0.0
400.0,2.2,terminal_NH2_F1_HF,surface,0.0,0.0
400.0,2.2,terminal_NH2_F2_HF,surface,0.0,0.0
400.0,2.2,terminal_NH2_F3_HF,surface,0.0,0.0
400.0,2.2,Si_H_rich_F0,surface,100.0,0.1
400.0,2.2,Si_H_rich_F1,surface,0.0,0.0
400.0,2.2,Si_H_rich_F2,surface,0.0,0.0
400.0,2.2,Si_H_rich_F3,surface,0.0,0.0
400.0,2.2,Si_H_rich_residual,surface,0.0,0.0
400.0,2.2,Si_H_rich_F0_HF,surface,0.0,0.0
400.0,2.2,Si_H_rich_F1_HF,surface,0.0,0.0
400.0,2.2,Si_H_rich_F2_HF,surface,0.0,0.0
400.0,2.2,Si_H_rich_F3_HF,surface,0.0,0.0
400.0,2.2,bridge_N_F0,surface,0.0078125,7.8125e-06
400.0,2.2,bridge_N_F1,surface,0.3046875,0.0003046875
400.0,2.2,bridge_N_F2,surface,109.40625,0.10940625
400.0,2.2,bridge_N_F3,surface,40.28125,0.04028125
400.0,2.2,bridge_N_residual,surface,0.0,0.0
400.0,2.2,bridge_N_F0_HF,surface,0.0,0.0
400.0,2.2,bridge_N_F1_HF,surface,0.0,0.0
400.0,2.2,bridge_N_F2_HF,surface,0.0,0.0
400.0,2.2,bridge_N_F3_HF,surface,0.0,0.0
400.0,2.2,pre_SiH2F,surface,2.265625,0.002265625
400.0,2.2,pre_SiH2F_HF,surface,0.0,0.0
400.0,2.2,pre_SiH2F_residual,surface,97.734375,0.097734375
400.0,2.2,pre_SiHF2,surface,93.3984375,0.0933984375
400.0,2.2,pre_SiHF2_HF,surface,0.0,0.0
400.0,2.2,pre_SiHF2_residual,surface,6.6015625,0.0066015625
400.0,2.2,Si_Si_F1,surface,0.578125,0.000578125
400.0,2.2,Si_Si_F1_HF,surface,0.0,0.0
400.0,2.2,Si_Si_cleaved_F2_H,surface,99.421875,0.099421875
400.0,2.2,HF,reservoir_net,-2079.1875,-2.0791875
400.0,2.2,H2,gas_product,0.0,0.0
400.0,2.2,NH3,gas_product,365.53125,0.36553125
400.0,2.2,SiF4,gas_product,282.7265625,0.2827265625
400.0,2.2,SiH2F2,gas_product,97.734375,0.097734375
400.0,2.2,SiHF3,gas_product,6.6015625,0.0066015625
400.0,2.25,bridge_NH_F0,surface,0.0234375,2.34375e-05
400.0,2.25,bridge_NH_F1,surface,3.6328125,0.0036328125
400.0,2.25,bridge_NH_F2,surface,5.453125,0.005453125
400.0,2.25,bridge_NH_F3,surface,8.1640625,0.0081640625
400.0,2.25,bridge_NH_residual,surface,282.7265625,0.2827265625
400.0,2.25,bridge_NH_F0_HF,surface,0.0,0.0
400.0,2.25,bridge_NH_F1_HF,surface,0.0,0.0
400.0,2.25,bridge_NH_F2_HF,surface,0.0,0.0
400.0,2.25,bridge_NH_F3_HF,surface,0.0,0.0
400.0,2.25,terminal_NH2_F0,surface,0.015625,1.5625e-05
400.0,2.25,terminal_NH2_F1,surface,0.1015625,0.0001015625
400.0,2.25,terminal_NH2_F2,surface,84.21875,0.08421875
400.0,2.25,terminal_NH2_F3,surface,65.6640625,0.0656640625
400.0,2.25,terminal_NH2_residual,surface,0.0,0.0
400.0,2.25,terminal_NH2_F0_HF,surface,0.0,0.0
400.0,2.25,terminal_NH2_F1_HF,surface,0.0,0.0
400.0,2.25,terminal_NH2_F2_HF,surface,0.0,0.0
400.0,2.25,terminal_NH2_F3_HF,surface,0.0,0.0
400.0,2.25,Si_H_rich_F0,surface,100.0,0.1
400.0,2.25,Si_H_rich_F1,surface,0.0,0.0
400.0,2.25,Si_H_rich_F2,surface,0.0,0.0
400.0,2.25,Si_H_rich_F3,surface,0.0,0.0
400.0,2.25,Si_H_rich_residual,surface,0.0,0.0
400.0,2.25,Si_H_rich_F0_HF,surface,0.0,0.0
400.0,2.25,Si_H_rich_F1_HF,surface,0.0,0.0
400.0,2.25,Si_H_rich_F2_HF,surface,0.0,0.0
400.0,2.25,Si_H_rich_F3_HF,surface,0.0,0.0
400.0,2.25,bridge_N_F0,surface,0.0078125,7.8125e-06
400.0,2.25,bridge_N_F1,surface,0.3046875,0.0003046875
400.0,2.25,bridge_N_F2,surface,109.40625,0.10940625
400.0,2.25,bridge_N_F3,surface,40.28125,0.04028125
400.0,2.25,bridge_N_residual,surface,0.0,0.0
400.0,2.25,bridge_N_F0_HF,surface,0.0,0.0
400.0,2.25,bridge_N_F1_HF,surface,0.0,0.0
400.0,2.25,bridge_N_F2_HF,surface,0.0,0.0
400.0,2.25,bridge_N_F3_HF,surface,0.0,0.0
400.0,2.25,pre_SiH2F,surface,2.265625,0.002265625
400.0,2.25,pre_SiH2F_HF,surface,0.0,0.0
400.0,2.25,pre_SiH2F_residual,surface,97.734375,0.097734375
400.0,2.25,pre_SiHF2,surface,93.3984375,0.0933984375
400.0,2.25,pre_SiHF2_HF,surface,0.0,0.0
400.0,2.25,pre_SiHF2_residual,surface,6.6015625,0.0066015625
400.0,2.25,Si_Si_F1,surface,0.578125,0.000578125
400.0,2.25,Si_Si_F1_HF,surface,0.0,0.0
400.0,2.25,Si_Si_cleaved_F2_H,surface,99.421875,0.099421875
400.0,2.25,HF,reservoir_net,-2079.1875,-2.0791875
400.0,2.25,H2,gas_product,0.0,0.0
400.0,2.25,NH3,gas_product,365.53125,0.36553125
400.0,2.25,SiF4,gas_product,282.7265625,0.2827265625
400.0,2.25,SiH2F2,gas_product,97.734375,0.097734375
400.0,2.25,SiHF3,gas_product,6.6015625,0.0066015625
400.0,2.3000000000000003,bridge_NH_F0,surface,0.0234375,2.34375e-05
400.0,2.3000000000000003,bridge_NH_F1,surface,3.6328125,0.0036328125
400.0,2.3000000000000003,bridge_NH_F2,surface,5.453125,0.005453125
400.0,2.3000000000000003,bridge_NH_F3,surface,8.1640625,0.0081640625
400.0,2.3000000000000003,bridge_NH_residual,surface,282.7265625,0.2827265625
400.0,2.3000000000000003,bridge_NH_F0_HF,surface,0.0,0.0
400.0,2.3000000000000003,bridge_NH_F1_HF,surface,0.0,0.0
400.0,2.3000000000000003,bridge_NH_F2_HF,surface,0.0,0.0
400.0,2.3000000000000003,bridge_NH_F3_HF,surface,0.0,0.0
400.0,2.3000000000000003,terminal_NH2_F0,surface,0.015625,1.5625e-05
400.0,2.3000000000000003,terminal_NH2_F1,surface,0.1015625,0.0001015625
400.0,2.3000000000000003,terminal_NH2_F2,surface,84.21875,0.08421875
400.0,2.3000000000000003,terminal_NH2_F3,surface,65.6640625,0.0656640625
400.0,2.3000000000000003,terminal_NH2_residual,surface,0.0,0.0
400.0,2.3000000000000003,terminal_NH2_F0_HF,surface,0.0,0.0
400.0,2.3000000000000003,terminal_NH2_F1_HF,surface,0.0,0.0
400.0,2.3000000000000003,terminal_NH2_F2_HF,surface,0.0,0.0
400.0,2.3000000000000003,terminal_NH2_F3_HF,surface,0.0,0.0
400.0,2.3000000000000003,Si_H_rich_F0,surface,100.0,0.1
400.0,2.3000000000000003,Si_H_rich_F1,surface,0.0,0.0
400.0,2.3000000000000003,Si_H_rich_F2,surface,0.0,0.0
400.0,2.3000000000000003,Si_H_rich_F3,surface,0.0,0.0
400.0,2.3000000000000003,Si_H_rich_residual,surface,0.0,0.0
400.0,2.3000000000000003,Si_H_rich_F0_HF,surface,0.0,0.0
400.0,2.3000000000000003,Si_H_rich_F1_HF,surface,0.0,0.0
400.0,2.3000000000000003,Si_H_rich_F2_HF,surface,0.0,0.0
400.0,2.3000000000000003,Si_H_rich_F3_HF,surface,0.0,0.0
400.0,2.3000000000000003,bridge_N_F0,surface,0.0078125,7.8125e-06
400.0,2.3000000000000003,bridge_N_F1,surface,0.3046875,0.0003046875
400.0,2.3000000000000003,bridge_N_F2,surface,109.40625,0.10940625
400.0,2.3000000000000003,bridge_N_F3,surface,40.28125,0.04028125
400.0,2.3000000000000003,bridge_N_residual,surface,0.0,0.0
400.0,2.3000000000000003,bridge_N_F0_HF,surface,0.0,0.0
400.0,2.3000000000000003,bridge_N_F1_HF,surface,0.0,0.0
400.0,2.3000000000000003,bridge_N_F2_HF,surface,0.0,0.0
400.0,2.3000000000000003,bridge_N_F3_HF,surface,0.0,0.0
400.0,2.3000000000000003,pre_SiH2F,surface,2.265625,0.002265625
400.0,2.3000000000000003,pre_SiH2F_HF,surface,0.0,0.0
400.0,2.3000000000000003,pre_SiH2F_residual,surface,97.734375,0.097734375
400.0,2.3000000000000003,pre_SiHF2,surface,93.3984375,0.0933984375
400.0,2.3000000000000003,pre_SiHF2_HF,surface,0.0,0.0
400.0,2.3000000000000003,pre_SiHF2_residual,surface,6.6015625,0.0066015625
400.0,2.3000000000000003,Si_Si_F1,surface,0.578125,0.000578125
400.0,2.3000000000000003,Si_Si_F1_HF,surface,0.0,0.0
400.0,2.3000000000000003,Si_Si_cleaved_F2_H,surface,99.421875,0.099421875
400.0,2.3000000000000003,HF,reservoir_net,-2079.1875,-2.0791875
400.0,2.3000000000000003,H2,gas_product,0.0,0.0
400.0,2.3000000000000003,NH3,gas_product,365.53125,0.36553125
400.0,2.3000000000000003,SiF4,gas_product,282.7265625,0.2827265625
400.0,2.3000000000000003,SiH2F2,gas_product,97.734375,0.097734375
400.0,2.3000000000000003,SiHF3,gas_product,6.6015625,0.0066015625
400.0,2.35,bridge_NH_F0,surface,0.0234375,2.34375e-05
400.0,2.35,bridge_NH_F1,surface,3.6328125,0.0036328125
400.0,2.35,bridge_NH_F2,surface,5.453125,0.005453125
400.0,2.35,bridge_NH_F3,surface,8.1640625,0.0081640625
400.0,2.35,bridge_NH_residual,surface,282.7265625,0.2827265625
400.0,2.35,bridge_NH_F0_HF,surface,0.0,0.0
400.0,2.35,bridge_NH_F1_HF,surface,0.0,0.0
400.0,2.35,bridge_NH_F2_HF,surface,0.0,0.0
400.0,2.35,bridge_NH_F3_HF,surface,0.0,0.0
400.0,2.35,terminal_NH2_F0,surface,0.015625,1.5625e-05
400.0,2.35,terminal_NH2_F1,surface,0.1015625,0.0001015625
400.0,2.35,terminal_NH2_F2,surface,84.21875,0.08421875
400.0,2.35,terminal_NH2_F3,surface,65.6640625,0.0656640625
400.0,2.35,terminal_NH2_residual,surface,0.0,0.0
400.0,2.35,terminal_NH2_F0_HF,surface,0.0,0.0
400.0,2.35,terminal_NH2_F1_HF,surface,0.0,0.0
400.0,2.35,terminal_NH2_F2_HF,surface,0.0,0.0
400.0,2.35,terminal_NH2_F3_HF,surface,0.0,0.0
400.0,2.35,Si_H_rich_F0,surface,100.0,0.1
400.0,2.35,Si_H_rich_F1,surface,0.0,0.0
400.0,2.35,Si_H_rich_F2,surface,0.0,0.0
400.0,2.35,Si_H_rich_F3,surface,0.0,0.0
400.0,2.35,Si_H_rich_residual,surface,0.0,0.0
400.0,2.35,Si_H_rich_F0_HF,surface,0.0,0.0
400.0,2.35,Si_H_rich_F1_HF,surface,0.0,0.0
400.0,2.35,Si_H_rich_F2_HF,surface,0.0,0.0
400.0,2.35,Si_H_rich_F3_HF,surface,0.0,0.0
400.0,2.35,bridge_N_F0,surface,0.0078125,7.8125e-06
400.0,2.35,bridge_N_F1,surface,0.3046875,0.0003046875
400.0,2.35,bridge_N_F2,surface,109.40625,0.10940625
400.0,2.35,bridge_N_F3,surface,40.28125,0.04028125
400.0,2.35,bridge_N_residual,surface,0.0,0.0
400.0,2.35,bridge_N_F0_HF,surface,0.0,0.0
400.0,2.35,bridge_N_F1_HF,surface,0.0,0.0
400.0,2.35,bridge_N_F2_HF,surface,0.0,0.0
400.0,2.35,bridge_N_F3_HF,surface,0.0,0.0
400.0,2.35,pre_SiH2F,surface,2.265625,0.002265625
400.0,2.35,pre_SiH2F_HF,surface,0.0,0.0
400.0,2.35,pre_SiH2F_residual,surface,97.734375,0.097734375
400.0,2.35,pre_SiHF2,surface,93.3984375,0.0933984375
400.0,2.35,pre_SiHF2_HF,surface,0.0,0.0
400.0,2.35,pre_SiHF2_residual,surface,6.6015625,0.0066015625
400.0,2.35,Si_Si_F1,surface,0.578125,0.000578125
400.0,2.35,Si_Si_F1_HF,surface,0.0,0.0
400.0,2.35,Si_Si_cleaved_F2_H,surface,99.421875,0.099421875
400.0,2.35,HF,reservoir_net,-2079.1875,-2.0791875
400.0,2.35,H2,gas_product,0.0,0.0
400.0,2.35,NH3,gas_product,365.53125,0.36553125
400.0,2.35,SiF4,gas_product,282.7265625,0.2827265625
400.0,2.35,SiH2F2,gas_product,97.734375,0.097734375
400.0,2.35,SiHF3,gas_product,6.6015625,0.0066015625
400.0,2.4000000000000004,bridge_NH_F0,surface,0.0234375,2.34375e-05
400.0,2.4000000000000004,bridge_NH_F1,surface,3.6328125,0.0036328125
400.0,2.4000000000000004,bridge_NH_F2,surface,5.453125,0.005453125
400.0,2.4000000000000004,bridge_NH_F3,surface,8.1640625,0.0081640625
400.0,2.4000000000000004,bridge_NH_residual,surface,282.7265625,0.2827265625
400.0,2.4000000000000004,bridge_NH_F0_HF,surface,0.0,0.0
400.0,2.4000000000000004,bridge_NH_F1_HF,surface,0.0,0.0
400.0,2.4000000000000004,bridge_NH_F2_HF,surface,0.0,0.0
400.0,2.4000000000000004,bridge_NH_F3_HF,surface,0.0,0.0
400.0,2.4000000000000004,terminal_NH2_F0,surface,0.015625,1.5625e-05
400.0,2.4000000000000004,terminal_NH2_F1,surface,0.1015625,0.0001015625
400.0,2.4000000000000004,terminal_NH2_F2,surface,84.21875,0.08421875
400.0,2.4000000000000004,terminal_NH2_F3,surface,65.6640625,0.0656640625
400.0,2.4000000000000004,terminal_NH2_residual,surface,0.0,0.0
400.0,2.4000000000000004,terminal_NH2_F0_HF,surface,0.0,0.0
400.0,2.4000000000000004,terminal_NH2_F1_HF,surface,0.0,0.0
400.0,2.4000000000000004,terminal_NH2_F2_HF,surface,0.0,0.0
400.0,2.4000000000000004,terminal_NH2_F3_HF,surface,0.0,0.0
400.0,2.4000000000000004,Si_H_rich_F0,surface,100.0,0.1
400.0,2.4000000000000004,Si_H_rich_F1,surface,0.0,0.0
400.0,2.4000000000000004,Si_H_rich_F2,surface,0.0,0.0
400.0,2.4000000000000004,Si_H_rich_F3,surface,0.0,0.0
400.0,2.4000000000000004,Si_H_rich_residual,surface,0.0,0.0
400.0,2.4000000000000004,Si_H_rich_F0_HF,surface,0.0,0.0
400.0,2.4000000000000004,Si_H_rich_F1_HF,surface,0.0,0.0
400.0,2.4000000000000004,Si_H_rich_F2_HF,surface,0.0,0.0
400.0,2.4000000000000004,Si_H_rich_F3_HF,surface,0.0,0.0
400.0,2.4000000000000004,bridge_N_F0,surface,0.0078125,7.8125e-06
400.0,2.4000000000000004,bridge_N_F1,surface,0.3046875,0.0003046875
400.0,2.4000000000000004,bridge_N_F2,surface,109.40625,0.10940625
400.0,2.4000000000000004,bridge_N_F3,surface,40.28125,0.04028125
400.0,2.4000000000000004,bridge_N_residual,surface,0.0,0.0
400.0,2.4000000000000004,bridge_N_F0_HF,surface,0.0,0.0
400.0,2.4000000000000004,bridge_N_F1_HF,surface,0.0,0.0
400.0,2.4000000000000004,bridge_N_F2_HF,surface,0.0,0.0
400.0,2.4000000000000004,bridge_N_F3_HF,surface,0.0,0.0
400.0,2.4000000000000004,pre_SiH2F,surface,2.265625,0.002265625
400.0,2.4000000000000004,pre_SiH2F_HF,surface,0.0,0.0
400.0,2.4000000000000004,pre_SiH2F_residual,surface,97.734375,0.097734375
400.0,2.4000000000000004,pre_SiHF2,surface,93.3984375,0.0933984375
400.0,2.4000000000000004,pre_SiHF2_HF,surface,0.0,0.0
400.0,2.4000000000000004,pre_SiHF2_residual,surface,6.6015625,0.0066015625
400.0,2.4000000000000004,Si_Si_F1,surface,0.578125,0.000578125
400.0,2.4000000000000004,Si_Si_F1_HF,surface,0.0,0.0
400.0,2.4000000000000004,Si_Si_cleaved_F2_H,surface,99.421875,0.099421875
400.0,2.4000000000000004,HF,reservoir_net,-2079.1875,-2.0791875
400.0,2.4000000000000004,H2,gas_product,0.0,0.0
400.0,2.4000000000000004,NH3,gas_product,365.53125,0.36553125
400.0,2.4000000000000004,SiF4,gas_product,282.7265625,0.2827265625
400.0,2.4000000000000004,SiH2F2,gas_product,97.734375,0.097734375
400.0,2.4000000000000004,SiHF3,gas_product,6.6015625,0.0066015625
400.0,2.45,bridge_NH_F0,surface,0.0234375,2.34375e-05
400.0,2.45,bridge_NH_F1,surface,3.6328125,0.0036328125
400.0,2.45,bridge_NH_F2,surface,5.453125,0.005453125
400.0,2.45,bridge_NH_F3,surface,8.1640625,0.0081640625
400.0,2.45,bridge_NH_residual,surface,282.7265625,0.2827265625
400.0,2.45,bridge_NH_F0_HF,surface,0.0,0.0
400.0,2.45,bridge_NH_F1_HF,surface,0.0,0.0
400.0,2.45,bridge_NH_F2_HF,surface,0.0,0.0
400.0,2.45,bridge_NH_F3_HF,surface,0.0,0.0
400.0,2.45,terminal_NH2_F0,surface,0.015625,1.5625e-05
400.0,2.45,terminal_NH2_F1,surface,0.1015625,0.0001015625
400.0,2.45,terminal_NH2_F2,surface,84.21875,0.08421875
400.0,2.45,terminal_NH2_F3,surface,65.6640625,0.0656640625
400.0,2.45,terminal_NH2_residual,surface,0.0,0.0
400.0,2.45,terminal_NH2_F0_HF,surface,0.0,0.0
400.0,2.45,terminal_NH2_F1_HF,surface,0.0,0.0
400.0,2.45,terminal_NH2_F2_HF,surface,0.0,0.0
400.0,2.45,terminal_NH2_F3_HF,surface,0.0,0.0
400.0,2.45,Si_H_rich_F0,surface,100.0,0.1
400.0,2.45,Si_H_rich_F1,surface,0.0,0.0
400.0,2.45,Si_H_rich_F2,surface,0.0,0.0
400.0,2.45,Si_H_rich_F3,surface,0.0,0.0
400.0,2.45,Si_H_rich_residual,surface,0.0,0.0
400.0,2.45,Si_H_rich_F0_HF,surface,0.0,0.0
400.0,2.45,Si_H_rich_F1_HF,surface,0.0,0.0
400.0,2.45,Si_H_rich_F2_HF,surface,0.0,0.0
400.0,2.45,Si_H_rich_F3_HF,surface,0.0,0.0
400.0,2.45,bridge_N_F0,surface,0.0078125,7.8125e-06
400.0,2.45,bridge_N_F1,surface,0.3046875,0.0003046875
400.0,2.45,bridge_N_F2,surface,109.40625,0.10940625
400.0,2.45,bridge_N_F3,surface,40.28125,0.04028125
400.0,2.45,bridge_N_residual,surface,0.0,0.0
400.0,2.45,bridge_N_F0_HF,surface,0.0,0.0
400.0,2.45,bridge_N_F1_HF,surface,0.0,0.0
400.0,2.45,bridge_N_F2_HF,surface,0.0,0.0
400.0,2.45,bridge_N_F3_HF,surface,0.0,0.0
400.0,2.45,pre_SiH2F,surface,2.265625,0.002265625
400.0,2.45,pre_SiH2F_HF,surface,0.0,0.0
400.0,2.45,pre_SiH2F_residual,surface,97.734375,0.097734375
400.0,2.45,pre_SiHF2,surface,93.3984375,0.0933984375
400.0,2.45,pre_SiHF2_HF,surface,0.0,0.0
400.0,2.45,pre_SiHF2_residual,surface,6.6015625,0.0066015625
400.0,2.45,Si_Si_F1,surface,0.578125,0.000578125
400.0,2.45,Si_Si_F1_HF,surface,0.0,0.0
400.0,2.45,Si_Si_cleaved_F2_H,surface,99.421875,0.099421875
400.0,2.45,HF,reservoir_net,-2079.1875,-2.0791875
400.0,2.45,H2,gas_product,0.0,0.0
400.0,2.45,NH3,gas_product,365.53125,0.36553125
400.0,2.45,SiF4,gas_product,282.7265625,0.2827265625
400.0,2.45,SiH2F2,gas_product,97.734375,0.097734375
400.0,2.45,SiHF3,gas_product,6.6015625,0.0066015625
400.0,2.5,bridge_NH_F0,surface,0.0234375,2.34375e-05
400.0,2.5,bridge_NH_F1,surface,3.6328125,0.0036328125
400.0,2.5,bridge_NH_F2,surface,5.453125,0.005453125
400.0,2.5,bridge_NH_F3,surface,8.1640625,0.0081640625
400.0,2.5,bridge_NH_residual,surface,282.7265625,0.2827265625
400.0,2.5,bridge_NH_F0_HF,surface,0.0,0.0
400.0,2.5,bridge_NH_F1_HF,surface,0.0,0.0
400.0,2.5,bridge_NH_F2_HF,surface,0.0,0.0
400.0,2.5,bridge_NH_F3_HF,surface,0.0,0.0
400.0,2.5,terminal_NH2_F0,surface,0.015625,1.5625e-05
400.0,2.5,terminal_NH2_F1,surface,0.1015625,0.0001015625
400.0,2.5,terminal_NH2_F2,surface,84.21875,0.08421875
400.0,2.5,terminal_NH2_F3,surface,65.6640625,0.0656640625
400.0,2.5,terminal_NH2_residual,surface,0.0,0.0
400.0,2.5,terminal_NH2_F0_HF,surface,0.0,0.0
400.0,2.5,terminal_NH2_F1_HF,surface,0.0,0.0
400.0,2.5,terminal_NH2_F2_HF,surface,0.0,0.0
400.0,2.5,terminal_NH2_F3_HF,surface,0.0,0.0
400.0,2.5,Si_H_rich_F0,surface,100.0,0.1
400.0,2.5,Si_H_rich_F1,surface,0.0,0.0
400.0,2.5,Si_H_rich_F2,surface,0.0,0.0
400.0,2.5,Si_H_rich_F3,surface,0.0,0.0
400.0,2.5,Si_H_rich_residual,surface,0.0,0.0
400.0,2.5,Si_H_rich_F0_HF,surface,0.0,0.0
400.0,2.5,Si_H_rich_F1_HF,surface,0.0,0.0
400.0,2.5,Si_H_rich_F2_HF,surface,0.0,0.0
400.0,2.5,Si_H_rich_F3_HF,surface,0.0,0.0
400.0,2.5,bridge_N_F0,surface,0.0078125,7.8125e-06
400.0,2.5,bridge_N_F1,surface,0.3046875,0.0003046875
400.0,2.5,bridge_N_F2,surface,109.40625,0.10940625
400.0,2.5,bridge_N_F3,surface,40.28125,0.04028125
400.0,2.5,bridge_N_residual,surface,0.0,0.0
400.0,2.5,bridge_N_F0_HF,surface,0.0,0.0
400.0,2.5,bridge_N_F1_HF,surface,0.0,0.0
400.0,2.5,bridge_N_F2_HF,surface,0.0,0.0
400.0,2.5,bridge_N_F3_HF,surface,0.0,0.0
400.0,2.5,pre_SiH2F,surface,2.265625,0.002265625
400.0,2.5,pre_SiH2F_HF,surface,0.0,0.0
400.0,2.5,pre_SiH2F_residual,surface,97.734375,0.097734375
400.0,2.5,pre_SiHF2,surface,93.3984375,0.0933984375
400.0,2.5,pre_SiHF2_HF,surface,0.0,0.0
400.0,2.5,pre_SiHF2_residual,surface,6.6015625,0.0066015625
400.0,2.5,Si_Si_F1,surface,0.578125,0.000578125
400.0,2.5,Si_Si_F1_HF,surface,0.0,0.0
400.0,2.5,Si_Si_cleaved_F2_H,surface,99.421875,0.099421875
400.0,2.5,HF,reservoir_net,-2079.1875,-2.0791875
400.0,2.5,H2,gas_product,0.0,0.0
400.0,2.5,NH3,gas_product,365.53125,0.36553125
400.0,2.5,SiF4,gas_product,282.7265625,0.2827265625
400.0,2.5,SiH2F2,gas_product,97.734375,0.097734375
400.0,2.5,SiHF3,gas_product,6.6015625,0.0066015625
400.0,2.5500000000000003,bridge_NH_F0,surface,0.0234375,2.34375e-05
400.0,2.5500000000000003,bridge_NH_F1,surface,3.6328125,0.0036328125
400.0,2.5500000000000003,bridge_NH_F2,surface,5.453125,0.005453125
400.0,2.5500000000000003,bridge_NH_F3,surface,8.1640625,0.0081640625
400.0,2.5500000000000003,bridge_NH_residual,surface,282.7265625,0.2827265625
400.0,2.5500000000000003,bridge_NH_F0_HF,surface,0.0,0.0
400.0,2.5500000000000003,bridge_NH_F1_HF,surface,0.0,0.0
400.0,2.5500000000000003,bridge_NH_F2_HF,surface,0.0,0.0
400.0,2.5500000000000003,bridge_NH_F3_HF,surface,0.0,0.0
400.0,2.5500000000000003,terminal_NH2_F0,surface,0.015625,1.5625e-05
400.0,2.5500000000000003,terminal_NH2_F1,surface,0.1015625,0.0001015625
400.0,2.5500000000000003,terminal_NH2_F2,surface,84.21875,0.08421875
400.0,2.5500000000000003,terminal_NH2_F3,surface,65.6640625,0.0656640625
400.0,2.5500000000000003,terminal_NH2_residual,surface,0.0,0.0
400.0,2.5500000000000003,terminal_NH2_F0_HF,surface,0.0,0.0
400.0,2.5500000000000003,terminal_NH2_F1_HF,surface,0.0,0.0
400.0,2.5500000000000003,terminal_NH2_F2_HF,surface,0.0,0.0
400.0,2.5500000000000003,terminal_NH2_F3_HF,surface,0.0,0.0
400.0,2.5500000000000003,Si_H_rich_F0,surface,100.0,0.1
400.0,2.5500000000000003,Si_H_rich_F1,surface,0.0,0.0
400.0,2.5500000000000003,Si_H_rich_F2,surface,0.0,0.0
400.0,2.5500000000000003,Si_H_rich_F3,surface,0.0,0.0
400.0,2.5500000000000003,Si_H_rich_residual,surface,0.0,0.0
400.0,2.5500000000000003,Si_H_rich_F0_HF,surface,0.0,0.0
400.0,2.5500000000000003,Si_H_rich_F1_HF,surface,0.0,0.0
400.0,2.5500000000000003,Si_H_rich_F2_HF,surface,0.0,0.0
400.0,2.5500000000000003,Si_H_rich_F3_HF,surface,0.0,0.0
400.0,2.5500000000000003,bridge_N_F0,surface,0.0078125,7.8125e-06
400.0,2.5500000000000003,bridge_N_F1,surface,0.3046875,0.0003046875
400.0,2.5500000000000003,bridge_N_F2,surface,109.40625,0.10940625
400.0,2.5500000000000003,bridge_N_F3,surface,40.28125,0.04028125
400.0,2.5500000000000003,bridge_N_residual,surface,0.0,0.0
400.0,2.5500000000000003,bridge_N_F0_HF,surface,0.0,0.0
400.0,2.5500000000000003,bridge_N_F1_HF,surface,0.0,0.0
400.0,2.5500000000000003,bridge_N_F2_HF,surface,0.0,0.0
400.0,2.5500000000000003,bridge_N_F3_HF,surface,0.0,0.0
400.0,2.5500000000000003,pre_SiH2F,surface,2.265625,0.002265625
400.0,2.5500000000000003,pre_SiH2F_HF,surface,0.0,0.0
400.0,2.5500000000000003,pre_SiH2F_residual,surface,97.734375,0.097734375
400.0,2.5500000000000003,pre_SiHF2,surface,93.3984375,0.0933984375
400.0,2.5500000000000003,pre_SiHF2_HF,surface,0.0,0.0
400.0,2.5500000000000003,pre_SiHF2_residual,surface,6.6015625,0.0066015625
400.0,2.5500000000000003,Si_Si_F1,surface,0.578125,0.000578125
400.0,2.5500000000000003,Si_Si_F1_HF,surface,0.0,0.0
400.0,2.5500000000000003,Si_Si_cleaved_F2_H,surface,99.421875,0.099421875
400.0,2.5500000000000003,HF,reservoir_net,-2079.1875,-2.0791875
400.0,2.5500000000000003,H2,gas_product,0.0,0.0
400.0,2.5500000000000003,NH3,gas_product,365.53125,0.36553125
400.0,2.5500000000000003,SiF4,gas_product,282.7265625,0.2827265625
400.0,2.5500000000000003,SiH2F2,gas_product,97.734375,0.097734375
400.0,2.5500000000000003,SiHF3,gas_product,6.6015625,0.0066015625
400.0,2.6,bridge_NH_F0,surface,0.0234375,2.34375e-05
400.0,2.6,bridge_NH_F1,surface,3.6328125,0.0036328125
400.0,2.6,bridge_NH_F2,surface,5.453125,0.005453125
400.0,2.6,bridge_NH_F3,surface,8.1640625,0.0081640625
400.0,2.6,bridge_NH_residual,surface,282.7265625,0.2827265625
400.0,2.6,bridge_NH_F0_HF,surface,0.0,0.0
400.0,2.6,bridge_NH_F1_HF,surface,0.0,0.0
400.0,2.6,bridge_NH_F2_HF,surface,0.0,0.0
400.0,2.6,bridge_NH_F3_HF,surface,0.0,0.0
400.0,2.6,terminal_NH2_F0,surface,0.015625,1.5625e-05
400.0,2.6,terminal_NH2_F1,surface,0.1015625,0.0001015625
400.0,2.6,terminal_NH2_F2,surface,84.21875,0.08421875
400.0,2.6,terminal_NH2_F3,surface,65.6640625,0.0656640625
400.0,2.6,terminal_NH2_residual,surface,0.0,0.0
400.0,2.6,terminal_NH2_F0_HF,surface,0.0,0.0
400.0,2.6,terminal_NH2_F1_HF,surface,0.0,0.0
400.0,2.6,terminal_NH2_F2_HF,surface,0.0,0.0
400.0,2.6,terminal_NH2_F3_HF,surface,0.0,0.0
400.0,2.6,Si_H_rich_F0,surface,100.0,0.1
400.0,2.6,Si_H_rich_F1,surface,0.0,0.0
400.0,2.6,Si_H_rich_F2,surface,0.0,0.0
400.0,2.6,Si_H_rich_F3,surface,0.0,0.0
400.0,2.6,Si_H_rich_residual,surface,0.0,0.0
400.0,2.6,Si_H_rich_F0_HF,surface,0.0,0.0
400.0,2.6,Si_H_rich_F1_HF,surface,0.0,0.0
400.0,2.6,Si_H_rich_F2_HF,surface,0.0,0.0
400.0,2.6,Si_H_rich_F3_HF,surface,0.0,0.0
400.0,2.6,bridge_N_F0,surface,0.0078125,7.8125e-06
400.0,2.6,bridge_N_F1,surface,0.3046875,0.0003046875
400.0,2.6,bridge_N_F2,surface,109.40625,0.10940625
400.0,2.6,bridge_N_F3,surface,40.28125,0.04028125
400.0,2.6,bridge_N_residual,surface,0.0,0.0
400.0,2.6,bridge_N_F0_HF,surface,0.0,0.0
400.0,2.6,bridge_N_F1_HF,surface,0.0,0.0
400.0,2.6,bridge_N_F2_HF,surface,0.0,0.0
400.0,2.6,bridge_N_F3_HF,surface,0.0,0.0
400.0,2.6,pre_SiH2F,surface,2.265625,0.002265625
400.0,2.6,pre_SiH2F_HF,surface,0.0,0.0
400.0,2.6,pre_SiH2F_residual,surface,97.734375,0.097734375
400.0,2.6,pre_SiHF2,surface,93.3984375,0.0933984375
400.0,2.6,pre_SiHF2_HF,surface,0.0,0.0
400.0,2.6,pre_SiHF2_residual,surface,6.6015625,0.0066015625
400.0,2.6,Si_Si_F1,surface,0.578125,0.000578125
400.0,2.6,Si_Si_F1_HF,surface,0.0,0.0
400.0,2.6,Si_Si_cleaved_F2_H,surface,99.421875,0.099421875
400.0,2.6,HF,reservoir_net,-2079.1875,-2.0791875
400.0,2.6,H2,gas_product,0.0,0.0
400.0,2.6,NH3,gas_product,365.53125,0.36553125
400.0,2.6,SiF4,gas_product,282.7265625,0.2827265625
400.0,2.6,SiH2F2,gas_product,97.734375,0.097734375
400.0,2.6,SiHF3,gas_product,6.6015625,0.0066015625
400.0,2.6500000000000004,bridge_NH_F0,surface,0.0234375,2.34375e-05
400.0,2.6500000000000004,bridge_NH_F1,surface,3.6328125,0.0036328125
400.0,2.6500000000000004,bridge_NH_F2,surface,5.453125,0.005453125
400.0,2.6500000000000004,bridge_NH_F3,surface,8.1640625,0.0081640625
400.0,2.6500000000000004,bridge_NH_residual,surface,282.7265625,0.2827265625
400.0,2.6500000000000004,bridge_NH_F0_HF,surface,0.0,0.0
400.0,2.6500000000000004,bridge_NH_F1_HF,surface,0.0,0.0
400.0,2.6500000000000004,bridge_NH_F2_HF,surface,0.0,0.0
400.0,2.6500000000000004,bridge_NH_F3_HF,surface,0.0,0.0
400.0,2.6500000000000004,terminal_NH2_F0,surface,0.015625,1.5625e-05
400.0,2.6500000000000004,terminal_NH2_F1,surface,0.1015625,0.0001015625
400.0,2.6500000000000004,terminal_NH2_F2,surface,84.21875,0.08421875
400.0,2.6500000000000004,terminal_NH2_F3,surface,65.6640625,0.0656640625
400.0,2.6500000000000004,terminal_NH2_residual,surface,0.0,0.0
400.0,2.6500000000000004,terminal_NH2_F0_HF,surface,0.0,0.0
400.0,2.6500000000000004,terminal_NH2_F1_HF,surface,0.0,0.0
400.0,2.6500000000000004,terminal_NH2_F2_HF,surface,0.0,0.0
400.0,2.6500000000000004,terminal_NH2_F3_HF,surface,0.0,0.0
400.0,2.6500000000000004,Si_H_rich_F0,surface,100.0,0.1
400.0,2.6500000000000004,Si_H_rich_F1,surface,0.0,0.0
400.0,2.6500000000000004,Si_H_rich_F2,surface,0.0,0.0
400.0,2.6500000000000004,Si_H_rich_F3,surface,0.0,0.0
400.0,2.6500000000000004,Si_H_rich_residual,surface,0.0,0.0
400.0,2.6500000000000004,Si_H_rich_F0_HF,surface,0.0,0.0
400.0,2.6500000000000004,Si_H_rich_F1_HF,surface,0.0,0.0
400.0,2.6500000000000004,Si_H_rich_F2_HF,surface,0.0,0.0
400.0,2.6500000000000004,Si_H_rich_F3_HF,surface,0.0,0.0
400.0,2.6500000000000004,bridge_N_F0,surface,0.0078125,7.8125e-06
400.0,2.6500000000000004,bridge_N_F1,surface,0.3046875,0.0003046875
400.0,2.6500000000000004,bridge_N_F2,surface,109.40625,0.10940625
400.0,2.6500000000000004,bridge_N_F3,surface,40.28125,0.04028125
400.0,2.6500000000000004,bridge_N_residual,surface,0.0,0.0
400.0,2.6500000000000004,bridge_N_F0_HF,surface,0.0,0.0
400.0,2.6500000000000004,bridge_N_F1_HF,surface,0.0,0.0
400.0,2.6500000000000004,bridge_N_F2_HF,surface,0.0,0.0
400.0,2.6500000000000004,bridge_N_F3_HF,surface,0.0,0.0
400.0,2.6500000000000004,pre_SiH2F,surface,2.265625,0.002265625
400.0,2.6500000000000004,pre_SiH2F_HF,surface,0.0,0.0
400.0,2.6500000000000004,pre_SiH2F_residual,surface,97.734375,0.097734375
400.0,2.6500000000000004,pre_SiHF2,surface,93.3984375,0.0933984375
400.0,2.6500000000000004,pre_SiHF2_HF,surface,0.0,0.0
400.0,2.6500000000000004,pre_SiHF2_residual,surface,6.6015625,0.0066015625
400.0,2.6500000000000004,Si_Si_F1,surface,0.578125,0.000578125
400.0,2.6500000000000004,Si_Si_F1_HF,surface,0.0,0.0
400.0,2.6500000000000004,Si_Si_cleaved_F2_H,surface,99.421875,0.099421875
400.0,2.6500000000000004,HF,reservoir_net,-2079.1875,-2.0791875
400.0,2.6500000000000004,H2,gas_product,0.0,0.0
400.0,2.6500000000000004,NH3,gas_product,365.53125,0.36553125
400.0,2.6500000000000004,SiF4,gas_product,282.7265625,0.2827265625
400.0,2.6500000000000004,SiH2F2,gas_product,97.734375,0.097734375
400.0,2.6500000000000004,SiHF3,gas_product,6.6015625,0.0066015625
400.0,2.7,bridge_NH_F0,surface,0.0234375,2.34375e-05
400.0,2.7,bridge_NH_F1,surface,3.6328125,0.0036328125
400.0,2.7,bridge_NH_F2,surface,5.453125,0.005453125
400.0,2.7,bridge_NH_F3,surface,8.1640625,0.0081640625
400.0,2.7,bridge_NH_residual,surface,282.7265625,0.2827265625
400.0,2.7,bridge_NH_F0_HF,surface,0.0,0.0
400.0,2.7,bridge_NH_F1_HF,surface,0.0,0.0
400.0,2.7,bridge_NH_F2_HF,surface,0.0,0.0
400.0,2.7,bridge_NH_F3_HF,surface,0.0,0.0
400.0,2.7,terminal_NH2_F0,surface,0.015625,1.5625e-05
400.0,2.7,terminal_NH2_F1,surface,0.1015625,0.0001015625
400.0,2.7,terminal_NH2_F2,surface,84.21875,0.08421875
400.0,2.7,terminal_NH2_F3,surface,65.6640625,0.0656640625
400.0,2.7,terminal_NH2_residual,surface,0.0,0.0
400.0,2.7,terminal_NH2_F0_HF,surface,0.0,0.0
400.0,2.7,terminal_NH2_F1_HF,surface,0.0,0.0
400.0,2.7,terminal_NH2_F2_HF,surface,0.0,0.0
400.0,2.7,terminal_NH2_F3_HF,surface,0.0,0.0
400.0,2.7,Si_H_rich_F0,surface,100.0,0.1
400.0,2.7,Si_H_rich_F1,surface,0.0,0.0
400.0,2.7,Si_H_rich_F2,surface,0.0,0.0
400.0,2.7,Si_H_rich_F3,surface,0.0,0.0
400.0,2.7,Si_H_rich_residual,surface,0.0,0.0
400.0,2.7,Si_H_rich_F0_HF,surface,0.0,0.0
400.0,2.7,Si_H_rich_F1_HF,surface,0.0,0.0
400.0,2.7,Si_H_rich_F2_HF,surface,0.0,0.0
400.0,2.7,Si_H_rich_F3_HF,surface,0.0,0.0
400.0,2.7,bridge_N_F0,surface,0.0078125,7.8125e-06
400.0,2.7,bridge_N_F1,surface,0.3046875,0.0003046875
400.0,2.7,bridge_N_F2,surface,109.40625,0.10940625
400.0,2.7,bridge_N_F3,surface,40.28125,0.04028125
400.0,2.7,bridge_N_residual,surface,0.0,0.0
400.0,2.7,bridge_N_F0_HF,surface,0.0,0.0
400.0,2.7,bridge_N_F1_HF,surface,0.0,0.0
400.0,2.7,bridge_N_F2_HF,surface,0.0,0.0
400.0,2.7,bridge_N_F3_HF,surface,0.0,0.0
400.0,2.7,pre_SiH2F,surface,2.265625,0.002265625
400.0,2.7,pre_SiH2F_HF,surface,0.0,0.0
400.0,2.7,pre_SiH2F_residual,surface,97.734375,0.097734375
400.0,2.7,pre_SiHF2,surface,93.3984375,0.0933984375
400.0,2.7,pre_SiHF2_HF,surface,0.0,0.0
400.0,2.7,pre_SiHF2_residual,surface,6.6015625,0.0066015625
400.0,2.7,Si_Si_F1,surface,0.578125,0.000578125
400.0,2.7,Si_Si_F1_HF,surface,0.0,0.0
400.0,2.7,Si_Si_cleaved_F2_H,surface,99.421875,0.099421875
400.0,2.7,HF,reservoir_net,-2079.1875,-2.0791875
400.0,2.7,H2,gas_product,0.0,0.0
400.0,2.7,NH3,gas_product,365.53125,0.36553125
400.0,2.7,SiF4,gas_product,282.7265625,0.2827265625
400.0,2.7,SiH2F2,gas_product,97.734375,0.097734375
400.0,2.7,SiHF3,gas_product,6.6015625,0.0066015625
400.0,2.75,bridge_NH_F0,surface,0.0234375,2.34375e-05
400.0,2.75,bridge_NH_F1,surface,3.6328125,0.0036328125
400.0,2.75,bridge_NH_F2,surface,5.453125,0.005453125
400.0,2.75,bridge_NH_F3,surface,8.1640625,0.0081640625
400.0,2.75,bridge_NH_residual,surface,282.7265625,0.2827265625
400.0,2.75,bridge_NH_F0_HF,surface,0.0,0.0
400.0,2.75,bridge_NH_F1_HF,surface,0.0,0.0
400.0,2.75,bridge_NH_F2_HF,surface,0.0,0.0
400.0,2.75,bridge_NH_F3_HF,surface,0.0,0.0
400.0,2.75,terminal_NH2_F0,surface,0.015625,1.5625e-05
400.0,2.75,terminal_NH2_F1,surface,0.1015625,0.0001015625
400.0,2.75,terminal_NH2_F2,surface,84.21875,0.08421875
400.0,2.75,terminal_NH2_F3,surface,65.6640625,0.0656640625
400.0,2.75,terminal_NH2_residual,surface,0.0,0.0
400.0,2.75,terminal_NH2_F0_HF,surface,0.0,0.0
400.0,2.75,terminal_NH2_F1_HF,surface,0.0,0.0
400.0,2.75,terminal_NH2_F2_HF,surface,0.0,0.0
400.0,2.75,terminal_NH2_F3_HF,surface,0.0,0.0
400.0,2.75,Si_H_rich_F0,surface,100.0,0.1
400.0,2.75,Si_H_rich_F1,surface,0.0,0.0
400.0,2.75,Si_H_rich_F2,surface,0.0,0.0
400.0,2.75,Si_H_rich_F3,surface,0.0,0.0
400.0,2.75,Si_H_rich_residual,surface,0.0,0.0
400.0,2.75,Si_H_rich_F0_HF,surface,0.0,0.0
400.0,2.75,Si_H_rich_F1_HF,surface,0.0,0.0
400.0,2.75,Si_H_rich_F2_HF,surface,0.0,0.0
400.0,2.75,Si_H_rich_F3_HF,surface,0.0,0.0
400.0,2.75,bridge_N_F0,surface,0.0078125,7.8125e-06
400.0,2.75,bridge_N_F1,surface,0.3046875,0.0003046875
400.0,2.75,bridge_N_F2,surface,109.40625,0.10940625
400.0,2.75,bridge_N_F3,surface,40.28125,0.04028125
400.0,2.75,bridge_N_residual,surface,0.0,0.0
400.0,2.75,bridge_N_F0_HF,surface,0.0,0.0
400.0,2.75,bridge_N_F1_HF,surface,0.0,0.0
400.0,2.75,bridge_N_F2_HF,surface,0.0,0.0
400.0,2.75,bridge_N_F3_HF,surface,0.0,0.0
400.0,2.75,pre_SiH2F,surface,2.265625,0.002265625
400.0,2.75,pre_SiH2F_HF,surface,0.0,0.0
400.0,2.75,pre_SiH2F_residual,surface,97.734375,0.097734375
400.0,2.75,pre_SiHF2,surface,93.3984375,0.0933984375
400.0,2.75,pre_SiHF2_HF,surface,0.0,0.0
400.0,2.75,pre_SiHF2_residual,surface,6.6015625,0.0066015625
400.0,2.75,Si_Si_F1,surface,0.578125,0.000578125
400.0,2.75,Si_Si_F1_HF,surface,0.0,0.0
400.0,2.75,Si_Si_cleaved_F2_H,surface,99.421875,0.099421875
400.0,2.75,HF,reservoir_net,-2079.1875,-2.0791875
400.0,2.75,H2,gas_product,0.0,0.0
400.0,2.75,NH3,gas_product,365.53125,0.36553125
400.0,2.75,SiF4,gas_product,282.7265625,0.2827265625
400.0,2.75,SiH2F2,gas_product,97.734375,0.097734375
400.0,2.75,SiHF3,gas_product,6.6015625,0.0066015625
400.0,2.8000000000000003,bridge_NH_F0,surface,0.0234375,2.34375e-05
400.0,2.8000000000000003,bridge_NH_F1,surface,3.6328125,0.0036328125
400.0,2.8000000000000003,bridge_NH_F2,surface,5.453125,0.005453125
400.0,2.8000000000000003,bridge_NH_F3,surface,8.1640625,0.0081640625
400.0,2.8000000000000003,bridge_NH_residual,surface,282.7265625,0.2827265625
400.0,2.8000000000000003,bridge_NH_F0_HF,surface,0.0,0.0
400.0,2.8000000000000003,bridge_NH_F1_HF,surface,0.0,0.0
400.0,2.8000000000000003,bridge_NH_F2_HF,surface,0.0,0.0
400.0,2.8000000000000003,bridge_NH_F3_HF,surface,0.0,0.0
400.0,2.8000000000000003,terminal_NH2_F0,surface,0.015625,1.5625e-05
400.0,2.8000000000000003,terminal_NH2_F1,surface,0.1015625,0.0001015625
400.0,2.8000000000000003,terminal_NH2_F2,surface,84.21875,0.08421875
400.0,2.8000000000000003,terminal_NH2_F3,surface,65.6640625,0.0656640625
400.0,2.8000000000000003,terminal_NH2_residual,surface,0.0,0.0
400.0,2.8000000000000003,terminal_NH2_F0_HF,surface,0.0,0.0
400.0,2.8000000000000003,terminal_NH2_F1_HF,surface,0.0,0.0
400.0,2.8000000000000003,terminal_NH2_F2_HF,surface,0.0,0.0
400.0,2.8000000000000003,terminal_NH2_F3_HF,surface,0.0,0.0
400.0,2.8000000000000003,Si_H_rich_F0,surface,100.0,0.1
400.0,2.8000000000000003,Si_H_rich_F1,surface,0.0,0.0
400.0,2.8000000000000003,Si_H_rich_F2,surface,0.0,0.0
400.0,2.8000000000000003,Si_H_rich_F3,surface,0.0,0.0
400.0,2.8000000000000003,Si_H_rich_residual,surface,0.0,0.0
400.0,2.8000000000000003,Si_H_rich_F0_HF,surface,0.0,0.0
400.0,2.8000000000000003,Si_H_rich_F1_HF,surface,0.0,0.0
400.0,2.8000000000000003,Si_H_rich_F2_HF,surface,0.0,0.0
400.0,2.8000000000000003,Si_H_rich_F3_HF,surface,0.0,0.0
400.0,2.8000000000000003,bridge_N_F0,surface,0.0078125,7.8125e-06
400.0,2.8000000000000003,bridge_N_F1,surface,0.3046875,0.0003046875
400.0,2.8000000000000003,bridge_N_F2,surface,109.40625,0.10940625
400.0,2.8000000000000003,bridge_N_F3,surface,40.28125,0.04028125
400.0,2.8000000000000003,bridge_N_residual,surface,0.0,0.0
400.0,2.8000000000000003,bridge_N_F0_HF,surface,0.0,0.0
400.0,2.8000000000000003,bridge_N_F1_HF,surface,0.0,0.0
400.0,2.8000000000000003,bridge_N_F2_HF,surface,0.0,0.0
400.0,2.8000000000000003,bridge_N_F3_HF,surface,0.0,0.0
400.0,2.8000000000000003,pre_SiH2F,surface,2.265625,0.002265625
400.0,2.8000000000000003,pre_SiH2F_HF,surface,0.0,0.0
400.0,2.8000000000000003,pre_SiH2F_residual,surface,97.734375,0.097734375
400.0,2.8000000000000003,pre_SiHF2,surface,93.3984375,0.0933984375
400.0,2.8000000000000003,pre_SiHF2_HF,surface,0.0,0.0
400.0,2.8000000000000003,pre_SiHF2_residual,surface,6.6015625,0.0066015625
400.0,2.8000000000000003,Si_Si_F1,surface,0.578125,0.000578125
400.0,2.8000000000000003,Si_Si_F1_HF,surface,0.0,0.0
400.0,2.8000000000000003,Si_Si_cleaved_F2_H,surface,99.421875,0.099421875
400.0,2.8000000000000003,HF,reservoir_net,-2079.1875,-2.0791875
400.0,2.8000000000000003,H2,gas_product,0.0,0.0
400.0,2.8000000000000003,NH3,gas_product,365.53125,0.36553125
400.0,2.8000000000000003,SiF4,gas_product,282.7265625,0.2827265625
400.0,2.8000000000000003,SiH2F2,gas_product,97.734375,0.097734375
400.0,2.8000000000000003,SiHF3,gas_product,6.6015625,0.0066015625
400.0,2.85,bridge_NH_F0,surface,0.0234375,2.34375e-05
400.0,2.85,bridge_NH_F1,surface,3.6328125,0.0036328125
400.0,2.85,bridge_NH_F2,surface,5.453125,0.005453125
400.0,2.85,bridge_NH_F3,surface,8.1640625,0.0081640625
400.0,2.85,bridge_NH_residual,surface,282.7265625,0.2827265625
400.0,2.85,bridge_NH_F0_HF,surface,0.0,0.0
400.0,2.85,bridge_NH_F1_HF,surface,0.0,0.0
400.0,2.85,bridge_NH_F2_HF,surface,0.0,0.0
400.0,2.85,bridge_NH_F3_HF,surface,0.0,0.0
400.0,2.85,terminal_NH2_F0,surface,0.015625,1.5625e-05
400.0,2.85,terminal_NH2_F1,surface,0.1015625,0.0001015625
400.0,2.85,terminal_NH2_F2,surface,84.21875,0.08421875
400.0,2.85,terminal_NH2_F3,surface,65.6640625,0.0656640625
400.0,2.85,terminal_NH2_residual,surface,0.0,0.0
400.0,2.85,terminal_NH2_F0_HF,surface,0.0,0.0
400.0,2.85,terminal_NH2_F1_HF,surface,0.0,0.0
400.0,2.85,terminal_NH2_F2_HF,surface,0.0,0.0
400.0,2.85,terminal_NH2_F3_HF,surface,0.0,0.0
400.0,2.85,Si_H_rich_F0,surface,100.0,0.1
400.0,2.85,Si_H_rich_F1,surface,0.0,0.0
400.0,2.85,Si_H_rich_F2,surface,0.0,0.0
400.0,2.85,Si_H_rich_F3,surface,0.0,0.0
400.0,2.85,Si_H_rich_residual,surface,0.0,0.0
400.0,2.85,Si_H_rich_F0_HF,surface,0.0,0.0
400.0,2.85,Si_H_rich_F1_HF,surface,0.0,0.0
400.0,2.85,Si_H_rich_F2_HF,surface,0.0,0.0
400.0,2.85,Si_H_rich_F3_HF,surface,0.0,0.0
400.0,2.85,bridge_N_F0,surface,0.0078125,7.8125e-06
400.0,2.85,bridge_N_F1,surface,0.3046875,0.0003046875
400.0,2.85,bridge_N_F2,surface,109.40625,0.10940625
400.0,2.85,bridge_N_F3,surface,40.28125,0.04028125
400.0,2.85,bridge_N_residual,surface,0.0,0.0
400.0,2.85,bridge_N_F0_HF,surface,0.0,0.0
400.0,2.85,bridge_N_F1_HF,surface,0.0,0.0
400.0,2.85,bridge_N_F2_HF,surface,0.0,0.0
400.0,2.85,bridge_N_F3_HF,surface,0.0,0.0
400.0,2.85,pre_SiH2F,surface,2.265625,0.002265625
400.0,2.85,pre_SiH2F_HF,surface,0.0,0.0
400.0,2.85,pre_SiH2F_residual,surface,97.734375,0.097734375
400.0,2.85,pre_SiHF2,surface,93.3984375,0.0933984375
400.0,2.85,pre_SiHF2_HF,surface,0.0,0.0
400.0,2.85,pre_SiHF2_residual,surface,6.6015625,0.0066015625
400.0,2.85,Si_Si_F1,surface,0.578125,0.000578125
400.0,2.85,Si_Si_F1_HF,surface,0.0,0.0
400.0,2.85,Si_Si_cleaved_F2_H,surface,99.421875,0.099421875
400.0,2.85,HF,reservoir_net,-2079.1875,-2.0791875
400.0,2.85,H2,gas_product,0.0,0.0
400.0,2.85,NH3,gas_product,365.53125,0.36553125
400.0,2.85,SiF4,gas_product,282.7265625,0.2827265625
400.0,2.85,SiH2F2,gas_product,97.734375,0.097734375
400.0,2.85,SiHF3,gas_product,6.6015625,0.0066015625
400.0,2.9000000000000004,bridge_NH_F0,surface,0.0234375,2.34375e-05
400.0,2.9000000000000004,bridge_NH_F1,surface,3.6328125,0.0036328125
400.0,2.9000000000000004,bridge_NH_F2,surface,5.453125,0.005453125
400.0,2.9000000000000004,bridge_NH_F3,surface,8.1640625,0.0081640625
400.0,2.9000000000000004,bridge_NH_residual,surface,282.7265625,0.2827265625
400.0,2.9000000000000004,bridge_NH_F0_HF,surface,0.0,0.0
400.0,2.9000000000000004,bridge_NH_F1_HF,surface,0.0,0.0
400.0,2.9000000000000004,bridge_NH_F2_HF,surface,0.0,0.0
400.0,2.9000000000000004,bridge_NH_F3_HF,surface,0.0,0.0
400.0,2.9000000000000004,terminal_NH2_F0,surface,0.015625,1.5625e-05
400.0,2.9000000000000004,terminal_NH2_F1,surface,0.1015625,0.0001015625
400.0,2.9000000000000004,terminal_NH2_F2,surface,84.21875,0.08421875
400.0,2.9000000000000004,terminal_NH2_F3,surface,65.6640625,0.0656640625
400.0,2.9000000000000004,terminal_NH2_residual,surface,0.0,0.0
400.0,2.9000000000000004,terminal_NH2_F0_HF,surface,0.0,0.0
400.0,2.9000000000000004,terminal_NH2_F1_HF,surface,0.0,0.0
400.0,2.9000000000000004,terminal_NH2_F2_HF,surface,0.0,0.0
400.0,2.9000000000000004,terminal_NH2_F3_HF,surface,0.0,0.0
400.0,2.9000000000000004,Si_H_rich_F0,surface,100.0,0.1
400.0,2.9000000000000004,Si_H_rich_F1,surface,0.0,0.0
400.0,2.9000000000000004,Si_H_rich_F2,surface,0.0,0.0
400.0,2.9000000000000004,Si_H_rich_F3,surface,0.0,0.0
400.0,2.9000000000000004,Si_H_rich_residual,surface,0.0,0.0
400.0,2.9000000000000004,Si_H_rich_F0_HF,surface,0.0,0.0
400.0,2.9000000000000004,Si_H_rich_F1_HF,surface,0.0,0.0
400.0,2.9000000000000004,Si_H_rich_F2_HF,surface,0.0,0.0
400.0,2.9000000000000004,Si_H_rich_F3_HF,surface,0.0,0.0
400.0,2.9000000000000004,bridge_N_F0,surface,0.0078125,7.8125e-06
400.0,2.9000000000000004,bridge_N_F1,surface,0.3046875,0.0003046875
400.0,2.9000000000000004,bridge_N_F2,surface,109.40625,0.10940625
400.0,2.9000000000000004,bridge_N_F3,surface,40.28125,0.04028125
400.0,2.9000000000000004,bridge_N_residual,surface,0.0,0.0
400.0,2.9000000000000004,bridge_N_F0_HF,surface,0.0,0.0
400.0,2.9000000000000004,bridge_N_F1_HF,surface,0.0,0.0
400.0,2.9000000000000004,bridge_N_F2_HF,surface,0.0,0.0
400.0,2.9000000000000004,bridge_N_F3_HF,surface,0.0,0.0
400.0,2.9000000000000004,pre_SiH2F,surface,2.265625,0.002265625
400.0,2.9000000000000004,pre_SiH2F_HF,surface,0.0,0.0
400.0,2.9000000000000004,pre_SiH2F_residual,surface,97.734375,0.097734375
400.0,2.9000000000000004,pre_SiHF2,surface,93.3984375,0.0933984375
400.0,2.9000000000000004,pre_SiHF2_HF,surface,0.0,0.0
400.0,2.9000000000000004,pre_SiHF2_residual,surface,6.6015625,0.0066015625
400.0,2.9000000000000004,Si_Si_F1,surface,0.578125,0.000578125
400.0,2.9000000000000004,Si_Si_F1_HF,surface,0.0,0.0
400.0,2.9000000000000004,Si_Si_cleaved_F2_H,surface,99.421875,0.099421875
400.0,2.9000000000000004,HF,reservoir_net,-2079.1875,-2.0791875
400.0,2.9000000000000004,H2,gas_product,0.0,0.0
400.0,2.9000000000000004,NH3,gas_product,365.53125,0.36553125
400.0,2.9000000000000004,SiF4,gas_product,282.7265625,0.2827265625
400.0,2.9000000000000004,SiH2F2,gas_product,97.734375,0.097734375
400.0,2.9000000000000004,SiHF3,gas_product,6.6015625,0.0066015625
400.0,2.95,bridge_NH_F0,surface,0.0234375,2.34375e-05
400.0,2.95,bridge_NH_F1,surface,3.6328125,0.0036328125
400.0,2.95,bridge_NH_F2,surface,5.453125,0.005453125
400.0,2.95,bridge_NH_F3,surface,8.1640625,0.0081640625
400.0,2.95,bridge_NH_residual,surface,282.7265625,0.2827265625
400.0,2.95,bridge_NH_F0_HF,surface,0.0,0.0
400.0,2.95,bridge_NH_F1_HF,surface,0.0,0.0
400.0,2.95,bridge_NH_F2_HF,surface,0.0,0.0
400.0,2.95,bridge_NH_F3_HF,surface,0.0,0.0
400.0,2.95,terminal_NH2_F0,surface,0.015625,1.5625e-05
400.0,2.95,terminal_NH2_F1,surface,0.1015625,0.0001015625
400.0,2.95,terminal_NH2_F2,surface,84.21875,0.08421875
400.0,2.95,terminal_NH2_F3,surface,65.6640625,0.0656640625
400.0,2.95,terminal_NH2_residual,surface,0.0,0.0
400.0,2.95,terminal_NH2_F0_HF,surface,0.0,0.0
400.0,2.95,terminal_NH2_F1_HF,surface,0.0,0.0
400.0,2.95,terminal_NH2_F2_HF,surface,0.0,0.0
400.0,2.95,terminal_NH2_F3_HF,surface,0.0,0.0
400.0,2.95,Si_H_rich_F0,surface,100.0,0.1
400.0,2.95,Si_H_rich_F1,surface,0.0,0.0
400.0,2.95,Si_H_rich_F2,surface,0.0,0.0
400.0,2.95,Si_H_rich_F3,surface,0.0,0.0
400.0,2.95,Si_H_rich_residual,surface,0.0,0.0
400.0,2.95,Si_H_rich_F0_HF,surface,0.0,0.0
400.0,2.95,Si_H_rich_F1_HF,surface,0.0,0.0
400.0,2.95,Si_H_rich_F2_HF,surface,0.0,0.0
400.0,2.95,Si_H_rich_F3_HF,surface,0.0,0.0
400.0,2.95,bridge_N_F0,surface,0.0078125,7.8125e-06
400.0,2.95,bridge_N_F1,surface,0.3046875,0.0003046875
400.0,2.95,bridge_N_F2,surface,109.40625,0.10940625
400.0,2.95,bridge_N_F3,surface,40.28125,0.04028125
400.0,2.95,bridge_N_residual,surface,0.0,0.0
400.0,2.95,bridge_N_F0_HF,surface,0.0,0.0
400.0,2.95,bridge_N_F1_HF,surface,0.0,0.0
400.0,2.95,bridge_N_F2_HF,surface,0.0,0.0
400.0,2.95,bridge_N_F3_HF,surface,0.0,0.0
400.0,2.95,pre_SiH2F,surface,2.265625,0.002265625
400.0,2.95,pre_SiH2F_HF,surface,0.0,0.0
400.0,2.95,pre_SiH2F_residual,surface,97.734375,0.097734375
400.0,2.95,pre_SiHF2,surface,93.3984375,0.0933984375
400.0,2.95,pre_SiHF2_HF,surface,0.0,0.0
400.0,2.95,pre_SiHF2_residual,surface,6.6015625,0.0066015625
400.0,2.95,Si_Si_F1,surface,0.578125,0.000578125
400.0,2.95,Si_Si_F1_HF,surface,0.0,0.0
400.0,2.95,Si_Si_cleaved_F2_H,surface,99.421875,0.099421875
400.0,2.95,HF,reservoir_net,-2079.1875,-2.0791875
400.0,2.95,H2,gas_product,0.0,0.0
400.0,2.95,NH3,gas_product,365.53125,0.36553125
400.0,2.95,SiF4,gas_product,282.7265625,0.2827265625
400.0,2.95,SiH2F2,gas_product,97.734375,0.097734375
400.0,2.95,SiHF3,gas_product,6.6015625,0.0066015625
400.0,3.0,bridge_NH_F0,surface,0.0234375,2.34375e-05
400.0,3.0,bridge_NH_F1,surface,3.6328125,0.0036328125
400.0,3.0,bridge_NH_F2,surface,5.453125,0.005453125
400.0,3.0,bridge_NH_F3,surface,8.1640625,0.0081640625
400.0,3.0,bridge_NH_residual,surface,282.7265625,0.2827265625
400.0,3.0,bridge_NH_F0_HF,surface,0.0,0.0
400.0,3.0,bridge_NH_F1_HF,surface,0.0,0.0
400.0,3.0,bridge_NH_F2_HF,surface,0.0,0.0
400.0,3.0,bridge_NH_F3_HF,surface,0.0,0.0
400.0,3.0,terminal_NH2_F0,surface,0.015625,1.5625e-05
400.0,3.0,terminal_NH2_F1,surface,0.1015625,0.0001015625
400.0,3.0,terminal_NH2_F2,surface,84.21875,0.08421875
400.0,3.0,terminal_NH2_F3,surface,65.6640625,0.0656640625
400.0,3.0,terminal_NH2_residual,surface,0.0,0.0
400.0,3.0,terminal_NH2_F0_HF,surface,0.0,0.0
400.0,3.0,terminal_NH2_F1_HF,surface,0.0,0.0
400.0,3.0,terminal_NH2_F2_HF,surface,0.0,0.0
400.0,3.0,terminal_NH2_F3_HF,surface,0.0,0.0
400.0,3.0,Si_H_rich_F0,surface,100.0,0.1
400.0,3.0,Si_H_rich_F1,surface,0.0,0.0
400.0,3.0,Si_H_rich_F2,surface,0.0,0.0
400.0,3.0,Si_H_rich_F3,surface,0.0,0.0
400.0,3.0,Si_H_rich_residual,surface,0.0,0.0
400.0,3.0,Si_H_rich_F0_HF,surface,0.0,0.0
400.0,3.0,Si_H_rich_F1_HF,surface,0.0,0.0
400.0,3.0,Si_H_rich_F2_HF,surface,0.0,0.0
400.0,3.0,Si_H_rich_F3_HF,surface,0.0,0.0
400.0,3.0,bridge_N_F0,surface,0.0078125,7.8125e-06
400.0,3.0,bridge_N_F1,surface,0.3046875,0.0003046875
400.0,3.0,bridge_N_F2,surface,109.40625,0.10940625
400.0,3.0,bridge_N_F3,surface,40.28125,0.04028125
400.0,3.0,bridge_N_residual,surface,0.0,0.0
400.0,3.0,bridge_N_F0_HF,surface,0.0,0.0
400.0,3.0,bridge_N_F1_HF,surface,0.0,0.0
400.0,3.0,bridge_N_F2_HF,surface,0.0,0.0
400.0,3.0,bridge_N_F3_HF,surface,0.0,0.0
400.0,3.0,pre_SiH2F,surface,2.265625,0.002265625
400.0,3.0,pre_SiH2F_HF,surface,0.0,0.0
400.0,3.0,pre_SiH2F_residual,surface,97.734375,0.097734375
400.0,3.0,pre_SiHF2,surface,93.3984375,0.0933984375
400.0,3.0,pre_SiHF2_HF,surface,0.0,0.0
400.0,3.0,pre_SiHF2_residual,surface,6.6015625,0.0066015625
400.0,3.0,Si_Si_F1,surface,0.578125,0.000578125
400.0,3.0,Si_Si_F1_HF,surface,0.0,0.0
400.0,3.0,Si_Si_cleaved_F2_H,surface,99.421875,0.099421875
400.0,3.0,HF,reservoir_net,-2079.1875,-2.0791875
400.0,3.0,H2,gas_product,0.0,0.0
400.0,3.0,NH3,gas_product,365.53125,0.36553125
400.0,3.0,SiF4,gas_product,282.7265625,0.2827265625
400.0,3.0,SiH2F2,gas_product,97.734375,0.097734375
400.0,3.0,SiHF3,gas_product,6.6015625,0.0066015625
450.0,0.0,bridge_NH_F0,surface,300.0,0.3
450.0,0.0,bridge_NH_F1,surface,0.0,0.0
450.0,0.0,bridge_NH_F2,surface,0.0,0.0
450.0,0.0,bridge_NH_F3,surface,0.0,0.0
450.0,0.0,bridge_NH_residual,surface,0.0,0.0
450.0,0.0,bridge_NH_F0_HF,surface,0.0,0.0
450.0,0.0,bridge_NH_F1_HF,surface,0.0,0.0
450.0,0.0,bridge_NH_F2_HF,surface,0.0,0.0
450.0,0.0,bridge_NH_F3_HF,surface,0.0,0.0
450.0,0.0,terminal_NH2_F0,surface,150.0,0.15
450.0,0.0,terminal_NH2_F1,surface,0.0,0.0
450.0,0.0,terminal_NH2_F2,surface,0.0,0.0
450.0,0.0,terminal_NH2_F3,surface,0.0,0.0
450.0,0.0,terminal_NH2_residual,surface,0.0,0.0
450.0,0.0,terminal_NH2_F0_HF,surface,0.0,0.0
450.0,0.0,terminal_NH2_F1_HF,surface,0.0,0.0
450.0,0.0,terminal_NH2_F2_HF,surface,0.0,0.0
450.0,0.0,terminal_NH2_F3_HF,surface,0.0,0.0
450.0,0.0,Si_H_rich_F0,surface,100.0,0.1
450.0,0.0,Si_H_rich_F1,surface,0.0,0.0
450.0,0.0,Si_H_rich_F2,surface,0.0,0.0
450.0,0.0,Si_H_rich_F3,surface,0.0,0.0
450.0,0.0,Si_H_rich_residual,surface,0.0,0.0
450.0,0.0,Si_H_rich_F0_HF,surface,0.0,0.0
450.0,0.0,Si_H_rich_F1_HF,surface,0.0,0.0
450.0,0.0,Si_H_rich_F2_HF,surface,0.0,0.0
450.0,0.0,Si_H_rich_F3_HF,surface,0.0,0.0
450.0,0.0,bridge_N_F0,surface,150.0,0.15
450.0,0.0,bridge_N_F1,surface,0.0,0.0
450.0,0.0,bridge_N_F2,surface,0.0,0.0
450.0,0.0,bridge_N_F3,surface,0.0,0.0
450.0,0.0,bridge_N_residual,surface,0.0,0.0
450.0,0.0,bridge_N_F0_HF,surface,0.0,0.0
450.0,0.0,bridge_N_F1_HF,surface,0.0,0.0
450.0,0.0,bridge_N_F2_HF,surface,0.0,0.0
450.0,0.0,bridge_N_F3_HF,surface,0.0,0.0
450.0,0.0,pre_SiH2F,surface,100.0,0.1
450.0,0.0,pre_SiH2F_HF,surface,0.0,0.0
450.0,0.0,pre_SiH2F_residual,surface,0.0,0.0
450.0,0.0,pre_SiHF2,surface,100.0,0.1
450.0,0.0,pre_SiHF2_HF,surface,0.0,0.0
450.0,0.0,pre_SiHF2_residual,surface,0.0,0.0
450.0,0.0,Si_Si_F1,surface,100.0,0.1
450.0,0.0,Si_Si_F1_HF,surface,0.0,0.0
450.0,0.0,Si_Si_cleaved_F2_H,surface,0.0,0.0
450.0,0.0,HF,reservoir_net,0.0,0.0
450.0,0.0,H2,gas_product,0.0,0.0
450.0,0.0,NH3,gas_product,0.0,0.0
450.0,0.0,SiF4,gas_product,0.0,0.0
450.0,0.0,SiH2F2,gas_product,0.0,0.0
450.0,0.0,SiHF3,gas_product,0.0,0.0
450.0,0.05,bridge_NH_F0,surface,232.109375,0.232109375
450.0,0.05,bridge_NH_F1,surface,60.2734375,0.0602734375
450.0,0.05,bridge_NH_F2,surface,6.8125,0.0068125
450.0,0.05,bridge_NH_F3,surface,0.625,0.000625
450.0,0.05,bridge_NH_residual,surface,0.0234375,2.34375e-05
450.0,0.05,bridge_NH_F0_HF,surface,0.0,0.0
450.0,0.05,bridge_NH_F1_HF,surface,0.15625,0.00015625
450.0,0.05,bridge_NH_F2_HF,surface,0.0,0.0
450.0,0.05,bridge_NH_F3_HF,surface,0.0,0.0
450.0,0.05,terminal_NH2_F0,surface,116.078125,0.116078125
450.0,0.05,terminal_NH2_F1,surface,29.4140625,0.0294140625
450.0,0.05,terminal_NH2_F2,surface,4.265625,0.004265625
450.0,0.05,terminal_NH2_F3,surface,0.1484375,0.0001484375
450.0,0.05,terminal_NH2_residual,surface,0.0,0.0
450.0,0.05,terminal_NH2_F0_HF,surface,0.0,0.0
450.0,0.05,terminal_NH2_F1_HF,surface,0.0078125,7.8125e-06
450.0,0.05,terminal_NH2_F2_HF,surface,0.078125,7.8125e-05
450.0,0.05,terminal_NH2_F3_HF,surface,0.0078125,7.8125e-06
450.0,0.05,Si_H_rich_F0,surface,95.4765625,0.0954765625
450.0,0.05,Si_H_rich_F1,surface,0.0,0.0
450.0,0.05,Si_H_rich_F2,surface,0.0,0.0
450.0,0.05,Si_H_rich_F3,surface,0.0,0.0
450.0,0.05,Si_H_rich_residual,surface,0.0,0.0
450.0,0.05,Si_H_rich_F0_HF,surface,4.5234375,0.0045234375
450.0,0.05,Si_H_rich_F1_HF,surface,0.0,0.0
450.0,0.05,Si_H_rich_F2_HF,surface,0.0,0.0
450.0,0.05,Si_H_rich_F3_HF,surface,0.0,0.0
450.0,0.05,bridge_N_F0,surface,116.8125,0.1168125
450.0,0.05,bridge_N_F1,surface,29.421875,0.029421875
450.0,0.05,bridge_N_F2,surface,3.4765625,0.0034765625
450.0,0.05,bridge_N_F3,surface,0.0546875,5.46875e-05
450.0,0.05,bridge_N_residual,surface,0.0,0.0
450.0,0.05,bridge_N_F0_HF,surface,0.109375,0.000109375
450.0,0.05,bridge_N_F1_HF,surface,0.0546875,5.46875e-05
450.0,0.05,bridge_N_F2_HF,surface,0.0625,6.25e-05
450.0,0.05,bridge_N_F3_HF,surface,0.0078125,7.8125e-06
450.0,0.05,pre_SiH2F,surface,80.0390625,0.0800390625
450.0,0.05,pre_SiH2F_HF,surface,0.3828125,0.0003828125
450.0,0.05,pre_SiH2F_residual,surface,19.578125,0.019578125
450.0,0.05,pre_SiHF2,surface,93.15625,0.09315625
450.0,0.05,pre_SiHF2_HF,surface,3.8203125,0.0038203125
450.0,0.05,pre_SiHF2_residual,surface,3.0234375,0.0030234375
450.0,0.05,Si_Si_F1,surface,79.6015625,0.0796015625
450.0,0.05,Si_Si_F1_HF,surface,0.203125,0.000203125
450.0,0.05,Si_Si_cleaved_F2_H,surface,20.1953125,0.0201953125
450.0,0.05,HF,reservoir_net,-203.5546875,-0.2035546875
450.0,0.05,H2,gas_product,0.0,0.0
450.0,0.05,NH3,gas_product,38.578125,0.038578125
450.0,0.05,SiF4,gas_product,0.0234375,2.34375e-05
450.0,0.05,SiH2F2,gas_product,19.578125,0.019578125
450.0,0.05,SiHF3,gas_product,3.0234375,0.0030234375
450.0,0.1,bridge_NH_F0,surface,180.8984375,0.1808984375
450.0,0.1,bridge_NH_F1,surface,92.8984375,0.0928984375
450.0,0.1,bridge_NH_F2,surface,21.7890625,0.0217890625
450.0,0.1,bridge_NH_F3,surface,3.65625,0.00365625
450.0,0.1,bridge_NH_residual,surface,0.4921875,0.0004921875
450.0,0.1,bridge_NH_F0_HF,surface,0.0,0.0
450.0,0.1,bridge_NH_F1_HF,surface,0.2421875,0.0002421875
450.0,0.1,bridge_NH_F2_HF,surface,0.0234375,2.34375e-05
450.0,0.1,bridge_NH_F3_HF,surface,0.0,0.0
450.0,0.1,terminal_NH2_F0,surface,89.8046875,0.0898046875
450.0,0.1,terminal_NH2_F1,surface,46.125,0.046125
450.0,0.1,terminal_NH2_F2,surface,12.5859375,0.0125859375
450.0,0.1,terminal_NH2_F3,surface,1.234375,0.001234375
450.0,0.1,terminal_NH2_residual,surface,0.0,0.0
450.0,0.1,terminal_NH2_F0_HF,surface,0.0,0.0
450.0,0.1,terminal_NH2_F1_HF,surface,0.0,0.0
450.0,0.1,terminal_NH2_F2_HF,surface,0.2109375,0.0002109375
450.0,0.1,terminal_NH2_F3_HF,surface,0.0390625,3.90625e-05
450.0,0.1,Si_H_rich_F0,surface,95.1015625,0.0951015625
450.0,0.1,Si_H_rich_F1,surface,0.0,0.0
450.0,0.1,Si_H_rich_F2,surface,0.0,0.0
450.0,0.1,Si_H_rich_F3,surface,0.0,0.0
450.0,0.1,Si_H_rich_residual,surface,0.0,0.0
450.0,0.1,Si_H_rich_F0_HF,surface,4.8984375,0.0048984375
450.0,0.1,Si_H_rich_F1_HF,surface,0.0,0.0
450.0,0.1,Si_H_rich_F2_HF,surface,0.0,0.0
450.0,0.1,Si_H_rich_F3_HF,surface,0.0,0.0
450.0,0.1,bridge_N_F0,surface,90.578125,0.090578125
450.0,0.1,bridge_N_F1,surface,46.265625,0.046265625
450.0,0.1,bridge_N_F2,surface,11.8671875,0.0118671875
450.0,0.1,bridge_N_F3,surface,0.8671875,0.0008671875
450.0,0.1,bridge_N_residual,surface,0.0,0.0
450.0,0.1,bridge_N_F0_HF,surface,0.0546875,5.46875e-05
450.0,0.1,bridge_N_F1_HF,surface,0.0703125,7.03125e-05
450.0,0.1,bridge_N_F2_HF,surface,0.2578125,0.0002578125
450.0,0.1,bridge_N_F3_HF,surface,0.0390625,3.90625e-05
450.0,0.1,pre_SiH2F,surface,63.8046875,0.0638046875
450.0,0.1,pre_SiH2F_HF,surface,0.3984375,0.0003984375
450.0,0.1,pre_SiH2F_residual,surface,35.796875,0.035796875
450.0,0.1,pre_SiHF2,surface,89.5625,0.0895625
450.0,0.1,pre_SiHF2_HF,surface,3.71875,0.00371875
450.0,0.1,pre_SiHF2_residual,surface,6.71875,0.00671875
450.0,0.1,Si_Si_F1,surface,62.765625,0.062765625
450.0,0.1,Si_Si_F1_HF,surface,0.1953125,0.0001953125
450.0,0.1,Si_Si_cleaved_F2_H,surface,37.0390625,0.0370390625
450.0,0.1,HF,reservoir_net,-388.25,-0.38825
450.0,0.1,H2,gas_product,0.0,0.0
450.0,0.1,NH3,gas_product,75.5390625,0.0755390625
450.0,0.1,SiF4,gas_product,0.4921875,0.0004921875
450.0,0.1,SiH2F2,gas_product,35.796875,0.035796875
450.0,0.1,SiHF3,gas_product,6.71875,0.00671875
450.0,0.15000000000000002,bridge_NH_F0,surface,140.2734375,0.1402734375
450.0,0.15000000000000002,bridge_NH_F1,surface,108.9765625,0.1089765625
450.0,0.15000000000000002,bridge_NH_F2,surface,39.0078125,0.0390078125
450.0,0.15000000000000002,bridge_NH_F3,surface,9.171875,0.009171875
450.0,0.15000000000000002,bridge_NH_residual,surface,2.171875,0.002171875
450.0,0.15000000000000002,bridge_NH_F0_HF,surface,0.0,0.0
450.0,0.15000000000000002,bridge_NH_F1_HF,surface,0.3515625,0.0003515625
450.0,0.15000000000000002,bridge_NH_F2_HF,surface,0.046875,4.6875e-05
450.0,0.15000000000000002,bridge_NH_F3_HF,surface,0.0,0.0
450.0,0.15000000000000002,terminal_NH2_F0,surface,69.7265625,0.0697265625
450.0,0.15000000000000002,terminal_NH2_F1,surface,53.953125,0.053953125
450.0,0.15000000000000002,terminal_NH2_F2,surface,22.125,0.022125
450.0,0.15000000000000002,terminal_NH2_F3,surface,3.609375,0.003609375
450.0,0.15000000000000002,terminal_NH2_residual,surface,0.0,0.0
450.0,0.15000000000000002,terminal_NH2_F0_HF,surface,0.0,0.0
450.0,0.15000000000000002,terminal_NH2_F1_HF,surface,0.0078125,7.8125e-06
450.0,0.15000000000000002,terminal_NH2_F2_HF,surface,0.4765625,0.0004765625
450.0,0.15000000000000002,terminal_NH2_F3_HF,surface,0.1015625,0.0001015625
450.0,0.15000000000000002,Si_H_rich_F0,surface,95.1953125,0.0951953125
450.0,0.15000000000000002,Si_H_rich_F1,surface,0.0,0.0
450.0,0.15000000000000002,Si_H_rich_F2,surface,0.0,0.0
450.0,0.15000000000000002,Si_H_rich_F3,surface,0.0,0.0
450.0,0.15000000000000002,Si_H_rich_residual,surface,0.0,0.0
450.0,0.15000000000000002,Si_H_rich_F0_HF,surface,4.8046875,0.0048046875
450.0,0.15000000000000002,Si_H_rich_F1_HF,surface,0.0,0.0
450.0,0.15000000000000002,Si_H_rich_F2_HF,surface,0.0,0.0
450.0,0.15000000000000002,Si_H_rich_F3_HF,surface,0.0,0.0
450.0,0.15000000000000002,bridge_N_F0,surface,70.453125,0.070453125
450.0,0.15000000000000002,bridge_N_F1,surface,53.453125,0.053453125
450.0,0.15000000000000002,bridge_N_F2,surface,22.6640625,0.0226640625
450.0,0.15000000000000002,bridge_N_F3,surface,2.6484375,0.0026484375
450.0,0.15000000000000002,bridge_N_residual,surface,0.0,0.0
450.0,0.15000000000000002,bridge_N_F0_HF,surface,0.015625,1.5625e-05
450.0,0.15000000000000002,bridge_N_F1_HF,surface,0.0703125,7.03125e-05
450.0,0.15000000000000002,bridge_N_F2_HF,surface,0.546875,0.000546875
450.0,0.15000000000000002,bridge_N_F3_HF,surface,0.1484375,0.0001484375
450.0,0.15000000000000002,pre_SiH2F,surface,50.9453125,0.0509453125
450.0,0.15000000000000002,pre_SiH2F_HF,surface,0.2734375,0.0002734375
450.0,0.15000000000000002,pre_SiH2F_residual,surface,48.78125,0.04878125
450.0,0.15000000000000002,pre_SiHF2,surface,86.0859375,0.0860859375
450.0,0.15000000000000002,pre_SiHF2_HF,surface,3.7734375,0.0037734375
450.0,0.15000000000000002,pre_SiHF2_residual,surface,10.140625,0.010140625
450.0,0.15000000000000002,Si_Si_F1,surface,50.0859375,0.0500859375
450.0,0.15000000000000002,Si_Si_F1_HF,surface,0.0703125,7.03125e-05
450.0,0.15000000000000002,Si_Si_cleaved_F2_H,surface,49.84375,0.04984375
450.0,0.15000000000000002,HF,reservoir_net,-561.7265625,-0.5617265625
450.0,0.15000000000000002,H2,gas_product,0.0,0.0
450.0,0.15000000000000002,NH3,gas_product,110.296875,0.110296875
450.0,0.15000000000000002,SiF4,gas_product,2.171875,0.002171875
450.0,0.15000000000000002,SiH2F2,gas_product,48.78125,0.04878125
450.0,0.15000000000000002,SiHF3,gas_product,10.140625,0.010140625
450.0,0.2,bridge_NH_F0,surface,109.0625,0.1090625
450.0,0.2,bridge_NH_F1,surface,114.375,0.114375
450.0,0.2,bridge_NH_F2,surface,53.6953125,0.0536953125
450.0,0.2,bridge_NH_F3,surface,17.0390625,0.0170390625
450.0,0.2,bridge_NH_residual,surface,5.3984375,0.0053984375
450.0,0.2,bridge_NH_F0_HF,surface,0.0,0.0
450.0,0.2,bridge_NH_F1_HF,surface,0.3671875,0.0003671875
450.0,0.2,bridge_NH_F2_HF,surface,0.0625,6.25e-05
450.0,0.2,bridge_NH_F3_HF,surface,0.0,0.0
450.0,0.2,terminal_NH2_F0,surface,53.828125,0.053828125
450.0,0.2,terminal_NH2_F1,surface,56.1015625,0.0561015625
450.0,0.2,terminal_NH2_F2,surface,31.453125,0.031453125
450.0,0.2,terminal_NH2_F3,surface,7.578125,0.007578125
450.0,0.2,terminal_NH2_residual,surface,0.0,0.0
450.0,0.2,terminal_NH2_F0_HF,surface,0.0,0.0
450.0,0.2,terminal_NH2_F1_HF,surface,0.0078125,7.8125e-06
450.0,0.2,terminal_NH2_F2_HF,surface,0.7109375,0.0007109375
450.0,0.2,terminal_NH2_F3_HF,surface,0.3203125,0.0003203125
450.0,0.2,Si_H_rich_F0,surface,95.234375,0.095234375
450.0,0.2,Si_H_rich_F1,surface,0.0,0.0
450.0,0.2,Si_H_rich_F2,surface,0.0,0.0
450.0,0.2,Si_H_rich_F3,surface,0.0,0.0
450.0,0.2,Si_H_rich_residual,surface,0.0,0.0
450.0,0.2,Si_H_rich_F0_HF,surface,4.765625,0.004765625
450.0,0.2,Si_H_rich_F1_HF,surface,0.0,0.0
450.0,0.2,Si_H_rich_F2_HF,surface,0.0,0.0
450.0,0.2,Si_H_rich_F3_HF,surface,0.0,0.0
450.0,0.2,bridge_N_F0,surface,54.9140625,0.0549140625
450.0,0.2,bridge_N_F1,surface,55.6796875,0.0556796875
450.0,0.2,bridge_N_F2,surface,32.6015625,0.0326015625
450.0,0.2,bridge_N_F3,surface,5.609375,0.005609375
450.0,0.2,bridge_N_residual,surface,0.0,0.0
450.0,0.2,bridge_N_F0_HF,surface,0.0546875,5.46875e-05
450.0,0.2,bridge_N_F1_HF,surface,0.078125,7.8125e-05
450.0,0.2,bridge_N_F2_HF,surface,0.8671875,0.0008671875
450.0,0.2,bridge_N_F3_HF,surface,0.1953125,0.0001953125
450.0,0.2,pre_SiH2F,surface,40.7890625,0.0407890625
450.0,0.2,pre_SiH2F_HF,surface,0.2265625,0.0002265625
450.0,0.2,pre_SiH2F_residual,surface,58.984375,0.058984375
450.0,0.2,pre_SiHF2,surface,83.1171875,0.0831171875
450.0,0.2,pre_SiHF2_HF,surface,3.5,0.0035
450.0,0.2,pre_SiHF2_residual,surface,13.3828125,0.0133828125
450.0,0.2,Si_Si_F1,surface,39.296875,0.039296875
450.0,0.2,Si_Si_F1_HF,surface,0.1640625,0.0001640625
450.0,0.2,Si_Si_cleaved_F2_H,surface,60.5390625,0.0605390625
450.0,0.2,HF,reservoir_net,-723.4375,-0.7234375
450.0,0.2,H2,gas_product,0.0,0.0
450.0,0.2,NH3,gas_product,144.1328125,0.1441328125
450.0,0.2,SiF4,gas_product,5.3984375,0.0053984375
450.0,0.2,SiH2F2,gas_product,58.984375,0.058984375
450.0,0.2,SiHF3,gas_product,13.3828125,0.0133828125
450.0,0.25,bridge_NH_F0,surface,85.5859375,0.0855859375
450.0,0.25,bridge_NH_F1,surface,111.375,0.111375
450.0,0.25,bridge_NH_F2,surface,65.5,0.0655
450.0,0.25,bridge_NH_F3,surface,26.3828125,0.0263828125
450.0,0.25,bridge_NH_residual,surface,10.7734375,0.0107734375
450.0,0.25,bridge_NH_F0_HF,surface,0.0,0.0
450.0,0.25,bridge_NH_F1_HF,surface,0.359375,0.000359375
450.0,0.25,bridge_NH_F2_HF,surface,0.0234375,2.34375e-05
450.0,0.25,bridge_NH_F3_HF,surface,0.0,0.0
450.0,0.25,terminal_NH2_F0,surface,42.15625,0.04215625
450.0,0.25,terminal_NH2_F1,surface,53.7421875,0.0537421875
450.0,0.25,terminal_NH2_F2,surface,40.328125,0.040328125
450.0,0.25,terminal_NH2_F3,surface,12.390625,0.012390625
450.0,0.25,terminal_NH2_residual,surface,0.0,0.0
450.0,0.25,terminal_NH2_F0_HF,surface,0.0,0.0
450.0,0.25,terminal_NH2_F1_HF,surface,0.0078125,7.8125e-06
450.0,0.25,terminal_NH2_F2_HF,surface,0.8046875,0.0008046875
450.0,0.25,terminal_NH2_F3_HF,surface,0.5703125,0.0005703125
450.0,0.25,Si_H_rich_F0,surface,95.25,0.09525
450.0,0.25,Si_H_rich_F1,surface,0.0,0.0
450.0,0.25,Si_H_rich_F2,surface,0.0,0.0
450.0,0.25,Si_H_rich_F3,surface,0.0,0.0
450.0,0.25,Si_H_rich_residual,surface,0.0,0.0
450.0,0.25,Si_H_rich_F0_HF,surface,4.75,0.00475
450.0,0.25,Si_H_rich_F1_HF,surface,0.0,0.0
450.0,0.25,Si_H_rich_F2_HF,surface,0.0,0.0
450.0,0.25,Si_H_rich_F3_HF,surface,0.0,0.0
450.0,0.25,bridge_N_F0,surface,42.09375,0.04209375
450.0,0.25,bridge_N_F1,surface,55.03125,0.05503125
450.0,0.25,bridge_N_F2,surface,42.078125,0.042078125
450.0,0.25,bridge_N_F3,surface,9.1171875,0.0091171875
450.0,0.25,bridge_N_residual,surface,0.0,0.0
450.0,0.25,bridge_N_F0_HF,surface,0.0234375,2.34375e-05
450.0,0.25,bridge_N_F1_HF,surface,0.0625,6.25e-05
450.0,0.25,bridge_N_F2_HF,surface,1.0078125,0.0010078125
450.0,0.25,bridge_N_F3_HF,surface,0.5859375,0.0005859375
450.0,0.25,pre_SiH2F,surface,32.78125,0.03278125
450.0,0.25,pre_SiH2F_HF,surface,0.2421875,0.0002421875
450.0,0.25,pre_SiH2F_residual,surface,66.9765625,0.0669765625
450.0,0.25,pre_SiHF2,surface,79.9140625,0.0799140625
450.0,0.25,pre_SiHF2_HF,surface,3.5546875,0.0035546875
450.0,0.25,pre_SiHF2_residual,surface,16.53125,0.01653125
450.0,0.25,Si_Si_F1,surface,31.3671875,0.0313671875
450.0,0.25,Si_Si_F1_HF,surface,0.1328125,0.0001328125
450.0,0.25,Si_Si_cleaved_F2_H,surface,68.5,0.0685
450.0,0.25,HF,reservoir_net,-874.4296875,-0.8744296875
450.0,0.25,H2,gas_product,0.0,0.0
450.0,0.25,NH3,gas_product,174.8984375,0.1748984375
450.0,0.25,SiF4,gas_product,10.7734375,0.0107734375
450.0,0.25,SiH2F2,gas_product,66.9765625,0.0669765625
450.0,0.25,SiHF3,gas_product,16.53125,0.01653125
450.0,0.30000000000000004,bridge_NH_F0,surface,66.7421875,0.0667421875
450.0,0.30000000000000004,bridge_NH_F1,surface,105.7265625,0.1057265625
450.0,0.30000000000000004,bridge_NH_F2,surface,73.390625,0.073390625
450.0,0.30000000000000004,bridge_NH_F3,surface,35.0859375,0.0350859375
450.0,0.30000000000000004,bridge_NH_residual,surface,18.7109375,0.0187109375
450.0,0.30000000000000004,bridge_NH_F0_HF,surface,0.0,0.0
450.0,0.30000000000000004,bridge_NH_F1_HF,surface,0.2890625,0.0002890625
450.0,0.30000000000000004,bridge_NH_F2_HF,surface,0.0546875,5.46875e-05
450.0,0.30000000000000004,bridge_NH_F3_HF,surface,0.0,0.0
450.0,0.30000000000000004,terminal_NH2_F0,surface,33.0078125,0.0330078125
450.0,0.30000000000000004,terminal_NH2_F1,surface,49.9765625,0.0499765625
450.0,0.30000000000000004,terminal_NH2_F2,surface,46.53125,0.04653125
450.0,0.30000000000000004,terminal_NH2_F3,surface,18.5625,0.0185625
450.0,0.30000000000000004,terminal_NH2_residual,surface,0.0,0.0
450.0,0.30000000000000004,terminal_NH2_F0_HF,surface,0.0,0.0
450.0,0.30000000000000004,terminal_NH2_F1_HF,surface,0.0,0.0
450.0,0.30000000000000004,terminal_NH2_F2_HF,surface,1.046875,0.001046875
450.0,0.30000000000000004,terminal_NH2_F3_HF,surface,0.875,0.000875
450.0,0.30000000000000004,Si_H_rich_F0,surface,95.15625,0.09515625
450.0,0.30000000000000004,Si_H_rich_F1,surface,0.0,0.0
450.0,0.30000000000000004,Si_H_rich_F2,surface,0.0,0.0
450.0,0.30000000000000004,Si_H_rich_F3,surface,0.0,0.0
450.0,0.30000000000000004,Si_H_rich_residual,surface,0.0,0.0
450.0,0.30000000000000004,Si_H_rich_F0_HF,surface,4.84375,0.00484375
450.0,0.30000000000000004,Si_H_rich_F1_HF,surface,0.0,0.0
450.0,0.30000000000000004,Si_H_rich_F2_HF,surface,0.0,0.0
450.0,0.30000000000000004,Si_H_rich_F3_HF,surface,0.0,0.0
450.0,0.30000000000000004,bridge_N_F0,surface,32.34375,0.03234375
450.0,0.30000000000000004,bridge_N_F1,surface,51.9296875,0.0519296875
450.0,0.30000000000000004,bridge_N_F2,surface,49.703125,0.049703125
450.0,0.30000000000000004,bridge_N_F3,surface,13.8984375,0.0138984375
450.0,0.30000000000000004,bridge_N_residual,surface,0.0,0.0
450.0,0.30000000000000004,bridge_N_F0_HF,surface,0.0078125,7.8125e-06
450.0,0.30000000000000004,bridge_N_F1_HF,surface,0.0546875,5.46875e-05
450.0,0.30000000000000004,bridge_N_F2_HF,surface,1.46875,0.00146875
450.0,0.30000000000000004,bridge_N_F3_HF,surface,0.59375,0.00059375
450.0,0.30000000000000004,pre_SiH2F,surface,26.140625,0.026140625
450.0,0.30000000000000004,pre_SiH2F_HF,surface,0.1484375,0.0001484375
450.0,0.30000000000000004,pre_SiH2F_residual,surface,73.7109375,0.0737109375
450.0,0.30000000000000004,pre_SiHF2,surface,77.734375,0.077734375
450.0,0.30000000000000004,pre_SiHF2_HF,surface,3.0,0.003
450.0,0.30000000000000004,pre_SiHF2_residual,surface,19.265625,0.019265625
450.0,0.30000000000000004,Si_Si_F1,surface,24.6484375,0.0246484375
450.0,0.30000000000000004,Si_Si_F1_HF,surface,0.0390625,3.90625e-05
450.0,0.30000000000000004,Si_Si_cleaved_F2_H,surface,75.3125,0.0753125
450.0,0.30000000000000004,HF,reservoir_net,-1014.96875,-1.01496875
450.0,0.30000000000000004,H2,gas_product,0.0,0.0
450.0,0.30000000000000004,NH3,gas_product,203.4453125,0.2034453125
450.0,0.30000000000000004,SiF4,gas_product,18.7109375,0.0187109375
450.0,0.30000000000000004,SiH2F2,gas_product,73.7109375,0.0737109375
450.0,0.30000000000000004,SiHF3,gas_product,19.265625,0.019265625
450.0,0.35000000000000003,bridge_NH_F0,surface,51.859375,0.051859375
450.0,0.35000000000000003,bridge_NH_F1,surface,96.8828125,0.0968828125
450.0,0.35000000000000003,bridge_NH_F2,surface,77.9296875,0.0779296875
450.0,0.35000000000000003,bridge_NH_F3,surface,43.8984375,0.0438984375
450.0,0.35000000000000003,bridge_NH_residual,surface,29.0625,0.0290625
450.0,0.35000000000000003,bridge_NH_F0_HF,surface,0.0,0.0
450.0,0.35000000000000003,bridge_NH_F1_HF,surface,0.265625,0.000265625
450.0,0.35000000000000003,bridge_NH_F2_HF,surface,0.1015625,0.0001015625
450.0,0.35000000000000003,bridge_NH_F3_HF,surface,0.0,0.0
450.0,0.35000000000000003,terminal_NH2_F0,surface,25.7265625,0.0257265625
450.0,0.35000000000000003,terminal_NH2_F1,surface,45.25,0.04525
450.0,0.35000000000000003,terminal_NH2_F2,surface,51.3828125,0.0513828125
450.0,0.35000000000000003,terminal_NH2_F3,surface,25.375,0.025375
450.0,0.35000000000000003,terminal_NH2_residual,surface,0.0,0.0
450.0,0.35000000000000003,terminal_NH2_F0_HF,surface,0.0,0.0
450.0,0.35000000000000003,terminal_NH2_F1_HF,surface,0.015625,1.5625e-05
450.0,0.35000000000000003,terminal_NH2_F2_HF,surface,0.9921875,0.0009921875
450.0,0.35000000000000003,terminal_NH2_F3_HF,surface,1.2578125,0.0012578125
450.0,0.35000000000000003,Si_H_rich_F0,surface,95.2265625,0.0952265625
450.0,0.35000000000000003,Si_H_rich_F1,surface,0.0,0.0
450.0,0.35000000000000003,Si_H_rich_F2,surface,0.0,0.0
450.0,0.35000000000000003,Si_H_rich_F3,surface,0.0,0.0
450.0,0.35000000000000003,Si_H_rich_residual,surface,0.0,0.0
450.0,0.35000000000000003,Si_H_rich_F0_HF,surface,4.7734375,0.0047734375
450.0,0.35000000000000003,Si_H_rich_F1_HF,surface,0.0,0.0
450.0,0.35000000000000003,Si_H_rich_F2_HF,surface,0.0,0.0
450.0,0.35000000000000003,Si_H_rich_F3_HF,surface,0.0,0.0
450.0,0.35000000000000003,bridge_N_F0,surface,25.25,0.02525
450.0,0.35000000000000003,bridge_N_F1,surface,46.4765625,0.0464765625
450.0,0.35000000000000003,bridge_N_F2,surface,56.4765625,0.0564765625
450.0,0.35000000000000003,bridge_N_F3,surface,19.21875,0.01921875
450.0,0.35000000000000003,bridge_N_residual,surface,0.0,0.0
450.0,0.35000000000000003,bridge_N_F0_HF,surface,0.0,0.0
450.0,0.35000000000000003,bridge_N_F1_HF,surface,0.09375,9.375e-05
450.0,0.35000000000000003,bridge_N_F2_HF,surface,1.4765625,0.0014765625
450.0,0.35000000000000003,bridge_N_F3_HF,surface,1.0078125,0.0010078125
450.0,0.35000000000000003,pre_SiH2F,surface,21.1328125,0.0211328125
450.0,0.35000000000000003,pre_SiH2F_HF,surface,0.078125,7.8125e-05
450.0,0.35000000000000003,pre_SiH2F_residual,surface,78.7890625,0.0787890625
450.0,0.35000000000000003,pre_SiHF2,surface,74.7734375,0.0747734375
450.0,0.35000000000000003,pre_SiHF2_HF,surface,3.0703125,0.0030703125
450.0,0.35000000000000003,pre_SiHF2_residual,surface,22.15625,0.02215625
450.0,0.35000000000000003,Si_Si_F1,surface,19.1171875,0.0191171875
450.0,0.35000000000000003,Si_Si_F1_HF,surface,0.1015625,0.0001015625
450.0,0.35000000000000003,Si_Si_cleaved_F2_H,surface,80.78125,0.08078125
450.0,0.35000000000000003,HF,reservoir_net,-1149.1875,-1.1491875
450.0,0.35000000000000003,H2,gas_product,0.0,0.0
450.0,0.35000000000000003,NH3,gas_product,229.9140625,0.2299140625
450.0,0.35000000000000003,SiF4,gas_product,29.0625,0.0290625
450.0,0.35000000000000003,SiH2F2,gas_product,78.7890625,0.0787890625
450.0,0.35000000000000003,SiHF3,gas_product,22.15625,0.02215625
450.0,0.4,bridge_NH_F0,surface,40.0625,0.0400625
450.0,0.4,bridge_NH_F1,surface,87.15625,0.08715625
450.0,0.4,bridge_NH_F2,surface,79.7578125,0.0797578125
450.0,0.4,bridge_NH_F3,surface,51.5234375,0.0515234375
450.0,0.4,bridge_NH_residual,surface,41.0625,0.0410625
450.0,0.4,bridge_NH_F0_HF,surface,0.0,0.0
450.0,0.4,bridge_NH_F1_HF,surface,0.328125,0.000328125
450.0,0.4,bridge_NH_F2_HF,surface,0.109375,0.000109375
450.0,0.4,bridge_NH_F3_HF,surface,0.0,0.0
450.0,0.4,terminal_NH2_F0,surface,20.109375,0.020109375
450.0,0.4,terminal_NH2_F1,surface,40.5859375,0.0405859375
450.0,0.4,terminal_NH2_F2,surface,54.0390625,0.0540390625
450.0,0.4,terminal_NH2_F3,surface,32.625,0.032625
450.0,0.4,terminal_NH2_residual,surface,0.0,0.0
450.0,0.4,terminal_NH2_F0_HF,surface,0.0,0.0
450.0,0.4,terminal_NH2_F1_HF,surface,0.0078125,7.8125e-06
450.0,0.4,terminal_NH2_F2_HF,surface,1.1640625,0.0011640625
450.0,0.4,terminal_NH2_F3_HF,surface,1.46875,0.00146875
450.0,0.4,Si_H_rich_F0,surface,95.296875,0.095296875
450.0,0.4,Si_H_rich_F1,surface,0.0,0.0
450.0,0.4,Si_H_rich_F2,surface,0.0,0.0
450.0,0.4,Si_H_rich_F3,surface,0.0,0.0
450.0,0.4,Si_H_rich_residual,surface,0.0,0.0
450.0,0.4,Si_H_rich_F0_HF,surface,4.703125,0.004703125
450.0,0.4,Si_H_rich_F1_HF,surface,0.0,0.0
450.0,0.4,Si_H_rich_F2_HF,surface,0.0,0.0
450.0,0.4,Si_H_rich_F3_HF,surface,0.0,0.0
450.0,0.4,bridge_N_F0,surface,19.6015625,0.0196015625
450.0,0.4,bridge_N_F1,surface,40.859375,0.040859375
450.0,0.4,bridge_N_F2,surface,61.140625,0.061140625
450.0,0.4,bridge_N_F3,surface,25.4609375,0.0254609375
450.0,0.4,bridge_N_residual,surface,0.0,0.0
450.0,0.4,bridge_N_F0_HF,surface,0.0234375,2.34375e-05
450.0,0.4,bridge_N_F1_HF,surface,0.046875,4.6875e-05
450.0,0.4,bridge_N_F2_HF,surface,1.5078125,0.0015078125
450.0,0.4,bridge_N_F3_HF,surface,1.359375,0.001359375
450.0,0.4,pre_SiH2F,surface,16.703125,0.016703125
450.0,0.4,pre_SiH2F_HF,surface,0.0703125,7.03125e-05
450.0,0.4,pre_SiH2F_residual,surface,83.2265625,0.0832265625
450.0,0.4,pre_SiHF2,surface,72.0625,0.0720625
450.0,0.4,pre_SiHF2_HF,surface,3.1328125,0.0031328125
450.0,0.4,pre_SiHF2_residual,surface,24.8046875,0.0248046875
450.0,0.4,Si_Si_F1,surface,15.015625,0.015015625
450.0,0.4,Si_Si_F1_HF,surface,0.03125,3.125e-05
450.0,0.4,Si_Si_cleaved_F2_H,surface,84.953125,0.084953125
450.0,0.4,HF,reservoir_net,-1272.921875,-1.272921875
450.0,0.4,H2,gas_product,0.0,0.0
450.0,0.4,NH3,gas_product,253.28125,0.25328125
450.0,0.4,SiF4,gas_product,41.0625,0.0410625
450.0,0.4,SiH2F2,gas_product,83.2265625,0.0832265625
450.0,0.4,SiHF3,gas_product,24.8046875,0.0248046875
450.0,0.45,bridge_NH_F0,surface,31.390625,0.031390625
450.0,0.45,bridge_NH_F1,surface,76.171875,0.076171875
450.0,0.45,bridge_NH_F2,surface,80.0703125,0.0800703125
450.0,0.45,bridge_NH_F3,surface,57.53125,0.05753125
450.0,0.45,bridge_NH_residual,surface,54.5546875,0.0545546875
450.0,0.45,bridge_NH_F0_HF,surface,0.0,0.0
450.0,0.45,bridge_NH_F1_HF,surface,0.203125,0.000203125
450.0,0.45,bridge_NH_F2_HF,surface,0.078125,7.8125e-05
450.0,0.45,bridge_NH_F3_HF,surface,0.0,0.0
450.0,0.45,terminal_NH2_F0,surface,15.6953125,0.0156953125
450.0,0.45,terminal_NH2_F1,surface,35.515625,0.035515625
450.0,0.45,terminal_NH2_F2,surface,55.171875,0.055171875
450.0,0.45,terminal_NH2_F3,surface,40.4921875,0.0404921875
450.0,0.45,terminal_NH2_residual,surface,0.0,0.0
450.0,0.45,terminal_NH2_F0_HF,surface,0.0,0.0
450.0,0.45,terminal_NH2_F1_HF,surface,0.0078125,7.8125e-06
450.0,0.45,terminal_NH2_F2_HF,surface,1.1953125,0.0011953125
450.0,0.45,terminal_NH2_F3_HF,surface,1.921875,0.001921875
450.0,0.45,Si_H_rich_F0,surface,95.2734375,0.0952734375
450.0,0.45,Si_H_rich_F1,surface,0.0,0.0
450.0,0.45,Si_H_rich_F2,surface,0.0,0.0
450.0,0.45,Si_H_rich_F3,surface,0.0,0.0
450.0,0.45,Si_H_rich_residual,surface,0.0,0.0
450.0,0.45,Si_H_rich_F0_HF,surface,4.7265625,0.0047265625
450.0,0.45,Si_H_rich_F1_HF,surface,0.0,0.0
450.0,0.45,Si_H_rich_F2_HF,surface,0.0,0.0
450.0,0.45,Si_H_rich_F3_HF,surface,0.0,0.0
450.0,0.45,bridge_N_F0,surface,15.5,0.0155
450.0,0.45,bridge_N_F1,surface,35.75,0.03575
450.0,0.45,bridge_N_F2,surface,63.4765625,0.0634765625
450.0,0.45,bridge_N_F3,surface,32.0078125,0.0320078125
450.0,0.45,bridge_N_residual,surface,0.0,0.0
450.0,0.45,bridge_N_F0_HF,surface,0.015625,1.5625e-05
450.0,0.45,bridge_N_F1_HF,surface,0.0390625,3.90625e-05
450.0,0.45,bridge_N_F2_HF,surface,1.6796875,0.0016796875
450.0,0.45,bridge_N_F3_HF,surface,1.53125,0.00153125
450.0,0.45,pre_SiH2F,surface,13.3515625,0.0133515625
450.0,0.45,pre_SiH2F_HF,surface,0.09375,9.375e-05
450.0,0.45,pre_SiH2F_residual,surface,86.5546875,0.0865546875
450.0,0.45,pre_SiHF2,surface,69.578125,0.069578125
450.0,0.45,pre_SiHF2_HF,surface,2.8671875,0.0028671875
450.0,0.45,pre_SiHF2_residual,surface,27.5546875,0.0275546875
450.0,0.45,Si_Si_F1,surface,12.0390625,0.0120390625
450.0,0.45,Si_Si_F1_HF,surface,0.015625,1.5625e-05
450.0,0.45,Si_Si_cleaved_F2_H,surface,87.9453125,0.0879453125
450.0,0.45,HF,reservoir_net,-1386.1328125,-1.3861328125
450.0,0.45,H2,gas_product,0.0,0.0
450.0,0.45,NH3,gas_product,275.5,0.2755
450.0,0.45,SiF4,gas_product,54.5546875,0.0545546875
450.0,0.45,SiH2F2,gas_product,86.5546875,0.0865546875
450.0,0.45,SiHF3,gas_product,27.5546875,0.0275546875
450.0,0.5,bridge_NH_F0,surface,24.2578125,0.0242578125
450.0,0.5,bridge_NH_F1,surface,66.703125,0.066703125
450.0,0.5,bridge_NH_F2,surface,77.984375,0.077984375
450.0,0.5,bridge_NH_F3,surface,60.9140625,0.0609140625
450.0,0.5,bridge_NH_residual,surface,69.9453125,0.0699453125
450.0,0.5,bridge_NH_F0_HF,surface,0.0,0.0
450.0,0.5,bridge_NH_F1_HF,surface,0.1484375,0.0001484375
450.0,0.5,bridge_NH_F2_HF,surface,0.046875,4.6875e-05
450.0,0.5,bridge_NH_F3_HF,surface,0.0,0.0
450.0,0.5,terminal_NH2_F0,surface,12.3125,0.0123125
450.0,0.5,terminal_NH2_F1,surface,31.203125,0.031203125
450.0,0.5,terminal_NH2_F2,surface,54.4140625,0.0544140625
450.0,0.5,terminal_NH2_F3,surface,48.4765625,0.0484765625
450.0,0.5,terminal_NH2_residual,surface,0.0,0.0
450.0,0.5,terminal_NH2_F0_HF,surface,0.0,0.0
450.0,0.5,terminal_NH2_F1_HF,surface,0.03125,3.125e-05
450.0,0.5,terminal_NH2_F2_HF,surface,1.2265625,0.0012265625
450.0,0.5,terminal_NH2_F3_HF,surface,2.3359375,0.0023359375
450.0,0.5,Si_H_rich_F0,surface,95.5625,0.0955625
450.0,0.5,Si_H_rich_F1,surface,0.0,0.0
450.0,0.5,Si_H_rich_F2,surface,0.0,0.0
450.0,0.5,Si_H_rich_F3,surface,0.0,0.0
450.0,0.5,Si_H_rich_residual,surface,0.0,0.0
450.0,0.5,Si_H_rich_F0_HF,surface,4.4375,0.0044375
450.0,0.5,Si_H_rich_F1_HF,surface,0.0,0.0
450.0,0.5,Si_H_rich_F2_HF,surface,0.0,0.0
450.0,0.5,Si_H_rich_F3_HF,surface,0.0,0.0
450.0,0.5,bridge_N_F0,surface,12.046875,0.012046875
450.0,0.5,bridge_N_F1,surface,31.2734375,0.0312734375
450.0,0.5,bridge_N_F2,surface,64.1953125,0.0641953125
450.0,0.5,bridge_N_F3,surface,39.1015625,0.0391015625
450.0,0.5,bridge_N_residual,surface,0.0,0.0
450.0,0.5,bridge_N_F0_HF,surface,0.0078125,7.8125e-06
450.0,0.5,bridge_N_F1_HF,surface,0.0703125,7.03125e-05
450.0,0.5,bridge_N_F2_HF,surface,1.4921875,0.0014921875
450.0,0.5,bridge_N_F3_HF,surface,1.8125,0.0018125
450.0,0.5,pre_SiH2F,surface,10.578125,0.010578125
450.0,0.5,pre_SiH2F_HF,surface,0.046875,4.6875e-05
450.0,0.5,pre_SiH2F_residual,surface,89.375,0.089375
450.0,0.5,pre_SiHF2,surface,67.03125,0.06703125
450.0,0.5,pre_SiHF2_HF,surface,2.640625,0.002640625
450.0,0.5,pre_SiHF2_residual,surface,30.328125,0.030328125
450.0,0.5,Si_Si_F1,surface,9.4140625,0.0094140625
450.0,0.5,Si_Si_F1_HF,surface,0.0078125,7.8125e-06
450.0,0.5,Si_Si_cleaved_F2_H,surface,90.578125,0.090578125
450.0,0.5,HF,reservoir_net,-1490.4375,-1.4904375
450.0,0.5,H2,gas_product,0.0,0.0
450.0,0.5,NH3,gas_product,294.953125,0.294953125
450.0,0.5,SiF4,gas_product,69.9453125,0.0699453125
450.0,0.5,SiH2F2,gas_product,89.375,0.089375
450.0,0.5,SiHF3,gas_product,30.328125,0.030328125
450.0,0.55,bridge_NH_F0,surface,18.9453125,0.0189453125
450.0,0.55,bridge_NH_F1,surface,57.328125,0.057328125
450.0,0.55,bridge_NH_F2,surface,74.3515625,0.0743515625
450.0,0.55,bridge_NH_F3,surface,62.5625,0.0625625
450.0,0.55,bridge_NH_residual,surface,86.46875,0.08646875
450.0,0.55,bridge_NH_F0_HF,surface,0.0,0.0
450.0,0.55,bridge_NH_F1_HF,surface,0.28125,0.00028125
450.0,0.55,bridge_NH_F2_HF,surface,0.0625,6.25e-05
450.0,0.55,bridge_NH_F3_HF,surface,0.0,0.0
450.0,0.55,terminal_NH2_F0,surface,9.625,0.009625
450.0,0.55,terminal_NH2_F1,surface,26.7109375,0.0267109375
450.0,0.55,terminal_NH2_F2,surface,53.8046875,0.0538046875
450.0,0.55,terminal_NH2_F3,surface,55.8125,0.0558125
450.0,0.55,terminal_NH2_residual,surface,0.0,0.0
450.0,0.55,terminal_NH2_F0_HF,surface,0.0,0.0
450.0,0.55,terminal_NH2_F1_HF,surface,0.0078125,7.8125e-06
450.0,0.55,terminal_NH2_F2_HF,surface,1.2421875,0.0012421875
450.0,0.55,terminal_NH2_F3_HF,surface,2.796875,0.002796875
450.0,0.55,Si_H_rich_F0,surface,95.0625,0.0950625
450.0,0.55,Si_H_rich_F1,surface,0.0,0.0
450.0,0.55,Si_H_rich_F2,surface,0.0,0.0
450.0,0.55,Si_H_rich_F3,surface,0.0,0.0
450.0,0.55,Si_H_rich_residual,surface,0.0,0.0
450.0,0.55,Si_H_rich_F0_HF,surface,4.9375,0.0049375
450.0,0.55,Si_H_rich_F1_HF,surface,0.0,0.0
450.0,0.55,Si_H_rich_F2_HF,surface,0.0,0.0
450.0,0.55,Si_H_rich_F3_HF,surface,0.0,0.0
450.0,0.55,bridge_N_F0,surface,9.5,0.0095
450.0,0.55,bridge_N_F1,surface,26.6640625,0.0266640625
450.0,0.55,bridge_N_F2,surface,64.15625,0.06415625
450.0,0.55,bridge_N_F3,surface,45.5625,0.0455625
450.0,0.55,bridge_N_residual,surface,0.0,0.0
450.0,0.55,bridge_N_F0_HF,surface,0.015625,1.5625e-05
450.0,0.55,bridge_N_F1_HF,surface,0.0234375,2.34375e-05
450.0,0.55,bridge_N_F2_HF,surface,1.8203125,0.0018203125
450.0,0.55,bridge_N_F3_HF,surface,2.2578125,0.0022578125
450.0,0.55,pre_SiH2F,surface,8.3359375,0.0083359375
450.0,0.55,pre_SiH2F_HF,surface,0.0390625,3.90625e-05
450.0,0.55,pre_SiH2F_residual,surface,91.625,0.091625
450.0,0.55,pre_SiHF2,surface,64.4140625,0.0644140625
450.0,0.55,pre_SiHF2_HF,surface,2.78125,0.00278125
450.0,0.55,pre_SiHF2_residual,surface,32.8046875,0.0328046875
450.0,0.55,Si_Si_F1,surface,7.546875,0.007546875
450.0,0.55,Si_Si_F1_HF,surface,0.03125,3.125e-05
450.0,0.55,Si_Si_cleaved_F2_H,surface,92.421875,0.092421875
450.0,0.55,HF,reservoir_net,-1587.890625,-1.587890625
450.0,0.55,H2,gas_product,0.0,0.0
450.0,0.55,NH3,gas_product,312.640625,0.312640625
450.0,0.55,SiF4,gas_product,86.46875,0.08646875
450.0,0.55,SiH2F2,gas_product,91.625,0.091625
450.0,0.55,SiHF3,gas_product,32.8046875,0.0328046875
450.0,0.6000000000000001,bridge_NH_F0,surface,14.671875,0.014671875
450.0,0.6000000000000001,bridge_NH_F1,surface,49.453125,0.049453125
450.0,0.6000000000000001,bridge_NH_F2,surface,68.8046875,0.0688046875
450.0,0.6000000000000001,bridge_NH_F3,surface,64.875,0.064875
450.0,0.6000000000000001,bridge_NH_residual,surface,102.0546875,0.1020546875
450.0,0.6000000000000001,bridge_NH_F0_HF,surface,0.0,0.0
450.0,0.6000000000000001,bridge_NH_F1_HF,surface,0.0859375,8.59375e-05
450.0,0.6000000000000001,bridge_NH_F2_HF,surface,0.046875,4.6875e-05
450.0,0.6000000000000001,bridge_NH_F3_HF,surface,0.0078125,7.8125e-06
450.0,0.6000000000000001,terminal_NH2_F0,surface,7.3828125,0.0073828125
450.0,0.6000000000000001,terminal_NH2_F1,surface,22.96875,0.02296875
450.0,0.6000000000000001,terminal_NH2_F2,surface,51.7265625,0.0517265625
450.0,0.6000000000000001,terminal_NH2_F3,surface,63.8984375,0.0638984375
450.0,0.6000000000000001,terminal_NH2_residual,surface,0.0,0.0
450.0,0.6000000000000001,terminal_NH2_F0_HF,surface,0.0,0.0
450.0,0.6000000000000001,terminal_NH2_F1_HF,surface,0.015625,1.5625e-05
450.0,0.6000000000000001,terminal_NH2_F2_HF,surface,1.046875,0.001046875
450.0,0.6000000000000001,terminal_NH2_F3_HF,surface,2.9609375,0.0029609375
450.0,0.6000000000000001,Si_H_rich_F0,surface,95.1171875,0.0951171875
450.0,0.6000000000000001,Si_H_rich_F1,surface,0.0,0.0
450.0,0.6000000000000001,Si_H_rich_F2,surface,0.0,0.0
450.0,0.6000000000000001,Si_H_rich_F3,surface,0.0,0.0
450.0,0.6000000000000001,Si_H_rich_residual,surface,0.0,0.0
450.0,0.6000000000000001,Si_H_rich_F0_HF,surface,4.8828125,0.0048828125
450.0,0.6000000000000001,Si_H_rich_F1_HF,surface,0.0,0.0
450.0,0.6000000000000001,Si_H_rich_F2_HF,surface,0.0,0.0
450.0,0.6000000000000001,Si_H_rich_F3_HF,surface,0.0,0.0
450.0,0.6000000000000001,bridge_N_F0,surface,7.5078125,0.0075078125
450.0,0.6000000000000001,bridge_N_F1,surface,22.8515625,0.0228515625
450.0,0.6000000000000001,bridge_N_F2,surface,62.921875,0.062921875
450.0,0.6000000000000001,bridge_N_F3,surface,52.4921875,0.0524921875
450.0,0.6000000000000001,bridge_N_residual,surface,0.0,0.0
450.0,0.6000000000000001,bridge_N_F0_HF,surface,0.0,0.0
450.0,0.6000000000000001,bridge_N_F1_HF,surface,0.015625,1.5625e-05
450.0,0.6000000000000001,bridge_N_F2_HF,surface,1.625,0.001625
450.0,0.6000000000000001,bridge_N_F3_HF,surface,2.5859375,0.0025859375
450.0,0.6000000000000001,pre_SiH2F,surface,6.8828125,0.0068828125
450.0,0.6000000000000001,pre_SiH2F_HF,surface,0.0078125,7.8125e-06
450.0,0.6000000000000001,pre_SiH2F_residual,surface,93.109375,0.093109375
450.0,0.6000000000000001,pre_SiHF2,surface,62.1875,0.0621875
450.0,0.6000000000000001,pre_SiHF2_HF,surface,2.6796875,0.0026796875
450.0,0.6000000000000001,pre_SiHF2_residual,surface,35.1328125,0.0351328125
450.0,0.6000000000000001,Si_Si_F1,surface,6.0234375,0.0060234375
450.0,0.6000000000000001,Si_Si_F1_HF,surface,0.0078125,7.8125e-06
450.0,0.6000000000000001,Si_Si_cleaved_F2_H,surface,93.96875,0.09396875
450.0,0.6000000000000001,HF,reservoir_net,-1674.59375,-1.67459375
450.0,0.6000000000000001,H2,gas_product,0.0,0.0
450.0,0.6000000000000001,NH3,gas_product,329.109375,0.329109375
450.0,0.6000000000000001,SiF4,gas_product,102.0546875,0.1020546875
450.0,0.6000000000000001,SiH2F2,gas_product,93.109375,0.093109375
450.0,0.6000000000000001,SiHF3,gas_product,35.1328125,0.0351328125
450.0,0.65,bridge_NH_F0,surface,11.25,0.01125
450.0,0.65,bridge_NH_F1,surface,42.6484375,0.0426484375
450.0,0.65,bridge_NH_F2,surface,62.0859375,0.0620859375
450.0,0.65,bridge_NH_F3,surface,65.6640625,0.0656640625
450.0,0.65,bridge_NH_residual,surface,118.1328125,0.1181328125
450.0,0.65,bridge_NH_F0_HF,surface,0.0,0.0
450.0,0.65,bridge_NH_F1_HF,surface,0.1484375,0.0001484375
450.0,0.65,bridge_NH_F2_HF,surface,0.0703125,7.03125e-05
450.0,0.65,bridge_NH_F3_HF,surface,0.0,0.0
450.0,0.65,terminal_NH2_F0,surface,5.9296875,0.0059296875
450.0,0.65,terminal_NH2_F1,surface,19.0859375,0.0190859375
450.0,0.65,terminal_NH2_F2,surface,49.7109375,0.0497109375
450.0,0.65,terminal_NH2_F3,surface,70.3984375,0.0703984375
450.0,0.65,terminal_NH2_residual,surface,0.0,0.0
450.0,0.65,terminal_NH2_F0_HF,surface,0.0,0.0
450.0,0.65,terminal_NH2_F1_HF,surface,0.0,0.0
450.0,0.65,terminal_NH2_F2_HF,surface,1.140625,0.001140625
450.0,0.65,terminal_NH2_F3_HF,surface,3.734375,0.003734375
450.0,0.65,Si_H_rich_F0,surface,95.2734375,0.0952734375
450.0,0.65,Si_H_rich_F1,surface,0.0,0.0
450.0,0.65,Si_H_rich_F2,surface,0.0,0.0
450.0,0.65,Si_H_rich_F3,surface,0.0,0.0
450.0,0.65,Si_H_rich_residual,surface,0.0,0.0
450.0,0.65,Si_H_rich_F0_HF,surface,4.7265625,0.0047265625
450.0,0.65,Si_H_rich_F1_HF,surface,0.0,0.0
450.0,0.65,Si_H_rich_F2_HF,surface,0.0,0.0
450.0,0.65,Si_H_rich_F3_HF,surface,0.0,0.0
450.0,0.65,bridge_N_F0,surface,5.8046875,0.0058046875
450.0,0.65,bridge_N_F1,surface,19.1953125,0.0191953125
450.0,0.65,bridge_N_F2,surface,61.15625,0.06115625
450.0,0.65,bridge_N_F3,surface,59.34375,0.05934375
450.0,0.65,bridge_N_residual,surface,0.0,0.0
450.0,0.65,bridge_N_F0_HF,surface,0.0078125,7.8125e-06
450.0,0.65,bridge_N_F1_HF,surface,0.03125,3.125e-05
450.0,0.65,bridge_N_F2_HF,surface,1.6953125,0.0016953125
450.0,0.65,bridge_N_F3_HF,surface,2.765625,0.002765625
450.0,0.65,pre_SiH2F,surface,5.5859375,0.0055859375
450.0,0.65,pre_SiH2F_HF,surface,0.0234375,2.34375e-05
450.0,0.65,pre_SiH2F_residual,surface,94.390625,0.094390625
450.0,0.65,pre_SiHF2,surface,60.390625,0.060390625
450.0,0.65,pre_SiHF2_HF,surface,2.2578125,0.0022578125
450.0,0.65,pre_SiHF2_residual,surface,37.3515625,0.0373515625
450.0,0.65,Si_Si_F1,surface,4.8671875,0.0048671875
450.0,0.65,Si_Si_F1_HF,surface,0.0,0.0
450.0,0.65,Si_Si_cleaved_F2_H,surface,95.1328125,0.0951328125
450.0,0.65,HF,reservoir_net,-1754.5546875,-1.7545546875
450.0,0.65,H2,gas_product,0.0,0.0
450.0,0.65,NH3,gas_product,343.1875,0.3431875
450.0,0.65,SiF4,gas_product,118.1328125,0.1181328125
450.0,0.65,SiH2F2,gas_product,94.390625,0.094390625
450.0,0.65,SiHF3,gas_product,37.3515625,0.0373515625
450.0,0.7000000000000001,bridge_NH_F0,surface,8.765625,0.008765625
450.0,0.7000000000000001,bridge_NH_F1,surface,36.1171875,0.0361171875
450.0,0.7000000000000001,bridge_NH_F2,surface,56.5,0.0565
450.0,0.7000000000000001,bridge_NH_F3,surface,63.8984375,0.0638984375
450.0,0.7000000000000001,bridge_NH_residual,surface,134.546875,0.134546875
450.0,0.7000000000000001,bridge_NH_F0_HF,surface,0.0,0.0
450.0,0.7000000000000001,bridge_NH_F1_HF,surface,0.140625,0.000140625
450.0,0.7000000000000001,bridge_NH_F2_HF,surface,0.03125,3.125e-05
450.0,0.7000000000000001,bridge_NH_F3_HF,surface,0.0,0.0
450.0,0.7000000000000001,terminal_NH2_F0,surface,4.609375,0.004609375
450.0,0.7000000000000001,terminal_NH2_F1,surface,16.015625,0.016015625
450.0,0.7000000000000001,terminal_NH2_F2,surface,47.5234375,0.0475234375
450.0,0.7000000000000001,terminal_NH2_F3,surface,76.609375,0.076609375
450.0,0.7000000000000001,terminal_NH2_residual,surface,0.0,0.0
450.0,0.7000000000000001,terminal_NH2_F0_HF,surface,0.0,0.0
450.0,0.7000000000000001,terminal_NH2_F1_HF,surface,0.0078125,7.8125e-06
450.0,0.7000000000000001,terminal_NH2_F2_HF,surface,0.984375,0.000984375
450.0,0.7000000000000001,terminal_NH2_F3_HF,surface,4.25,0.00425
450.0,0.7000000000000001,Si_H_rich_F0,surface,95.0625,0.0950625
450.0,0.7000000000000001,Si_H_rich_F1,surface,0.0,0.0
450.0,0.7000000000000001,Si_H_rich_F2,surface,0.0,0.0
450.0,0.7000000000000001,Si_H_rich_F3,surface,0.0,0.0
450.0,0.7000000000000001,Si_H_rich_residual,surface,0.0,0.0
450.0,0.7000000000000001,Si_H_rich_F0_HF,surface,4.9375,0.0049375
450.0,0.7000000000000001,Si_H_rich_F1_HF,surface,0.0,0.0
450.0,0.7000000000000001,Si_H_rich_F2_HF,surface,0.0,0.0
450.0,0.7000000000000001,Si_H_rich_F3_HF,surface,0.0,0.0
450.0,0.7000000000000001,bridge_N_F0,surface,4.4375,0.0044375
450.0,0.7000000000000001,bridge_N_F1,surface,16.3828125,0.0163828125
450.0,0.7000000000000001,bridge_N_F2,surface,58.421875,0.058421875
450.0,0.7000000000000001,bridge_N_F3,surface,65.796875,0.065796875
450.0,0.7000000000000001,bridge_N_residual,surface,0.0,0.0
450.0,0.7000000000000001,bridge_N_F0_HF,surface,0.0,0.0
450.0,0.7000000000000001,bridge_N_F1_HF,surface,0.0234375,2.34375e-05
450.0,0.7000000000000001,bridge_N_F2_HF,surface,1.828125,0.001828125
450.0,0.7000000000000001,bridge_N_F3_HF,surface,3.109375,0.003109375
450.0,0.7000000000000001,pre_SiH2F,surface,4.7109375,0.0047109375
450.0,0.7000000000000001,pre_SiH2F_HF,surface,0.0,0.0
450.0,0.7000000000000001,pre_SiH2F_residual,surface,95.2890625,0.0952890625
450.0,0.7000000000000001,pre_SiHF2,surface,57.9609375,0.0579609375
450.0,0.7000000000000001,pre_SiHF2_HF,surface,2.5703125,0.0025703125
450.0,0.7000000000000001,pre_SiHF2_residual,surface,39.46875,0.03946875
450.0,0.7000000000000001,Si_Si_F1,surface,3.859375,0.003859375
450.0,0.7000000000000001,Si_Si_F1_HF,surface,0.0234375,2.34375e-05
450.0,0.7000000000000001,Si_Si_cleaved_F2_H,surface,96.1171875,0.0961171875
450.0,0.7000000000000001,HF,reservoir_net,-1827.2265625,-1.8272265625
450.0,0.7000000000000001,H2,gas_product,0.0,0.0
450.0,0.7000000000000001,NH3,gas_product,355.6171875,0.3556171875
450.0,0.7000000000000001,SiF4,gas_product,134.546875,0.134546875
450.0,0.7000000000000001,SiH2F2,gas_product,95.2890625,0.0952890625
450.0,0.7000000000000001,SiHF3,gas_product,39.46875,0.03946875
450.0,0.75,bridge_NH_F0,surface,6.8125,0.0068125
450.0,0.75,bridge_NH_F1,surface,30.0390625,0.0300390625
450.0,0.75,bridge_NH_F2,surface,51.0703125,0.0510703125
450.0,0.75,bridge_NH_F3,surface,61.6171875,0.0616171875
450.0,0.75,bridge_NH_residual,surface,150.328125,0.150328125
450.0,0.75,bridge_NH_F0_HF,surface,0.0,0.0
450.0,0.75,bridge_NH_F1_HF,surface,0.1015625,0.0001015625
450.0,0.75,bridge_NH_F2_HF,surface,0.03125,3.125e-05
450.0,0.75,bridge_NH_F3_HF,surface,0.0,0.0
450.0,0.75,terminal_NH2_F0,surface,3.625,0.003625
450.0,0.75,terminal_NH2_F1,surface,13.4296875,0.0134296875
450.0,0.75,terminal_NH2_F2,surface,44.28125,0.04428125
450.0,0.75,terminal_NH2_F3,surface,83.71875,0.08371875
450.0,0.75,terminal_NH2_residual,surface,0.0,0.0
450.0,0.75,terminal_NH2_F0_HF,surface,0.0,0.0
450.0,0.75,terminal_NH2_F1_HF,surface,0.0,0.0
450.0,0.75,terminal_NH2_F2_HF,surface,1.1015625,0.0011015625
450.0,0.75,terminal_NH2_F3_HF,surface,3.84375,0.00384375
450.0,0.75,Si_H_rich_F0,surface,95.25,0.09525
450.0,0.75,Si_H_rich_F1,surface,0.0,0.0
450.0,0.75,Si_H_rich_F2,surface,0.0,0.0
450.0,0.75,Si_H_rich_F3,surface,0.0,0.0
450.0,0.75,Si_H_rich_residual,surface,0.0,0.0
450.0,0.75,Si_H_rich_F0_HF,surface,4.75,0.00475
450.0,0.75,Si_H_rich_F1_HF,surface,0.0,0.0
450.0,0.75,Si_H_rich_F2_HF,surface,0.0,0.0
450.0,0.75,Si_H_rich_F3_HF,surface,0.0,0.0
450.0,0.75,bridge_N_F0,surface,3.375,0.003375
450.0,0.75,bridge_N_F1,surface,13.5390625,0.0135390625
450.0,0.75,bridge_N_F2,surface,56.0546875,0.0560546875
450.0,0.75,bridge_N_F3,surface,71.6640625,0.0716640625
450.0,0.75,bridge_N_residual,surface,0.0,0.0
450.0,0.75,bridge_N_F0_HF,surface,0.0,0.0
450.0,0.75,bridge_N_F1_HF,surface,0.0234375,2.34375e-05
450.0,0.75,bridge_N_F2_HF,surface,1.7109375,0.0017109375
450.0,0.75,bridge_N_F3_HF,surface,3.6328125,0.0036328125
450.0,0.75,pre_SiH2F,surface,3.671875,0.003671875
450.0,0.75,pre_SiH2F_HF,surface,0.0234375,2.34375e-05
450.0,0.75,pre_SiH2F_residual,surface,96.3046875,0.0963046875
450.0,0.75,pre_SiHF2,surface,55.7890625,0.0557890625
450.0,0.75,pre_SiHF2_HF,surface,2.5,0.0025
450.0,0.75,pre_SiHF2_residual,surface,41.7109375,0.0417109375
450.0,0.75,Si_Si_F1,surface,2.96875,0.00296875
450.0,0.75,Si_Si_F1_HF,surface,0.0078125,7.8125e-06
450.0,0.75,Si_Si_cleaved_F2_H,surface,97.0234375,0.0970234375
450.0,0.75,HF,reservoir_net,-1893.140625,-1.893140625
450.0,0.75,H2,gas_product,0.0,0.0
450.0,0.75,NH3,gas_product,366.8828125,0.3668828125
450.0,0.75,SiF4,gas_product,150.328125,0.150328125
450.0,0.75,SiH2F2,gas_product,96.3046875,0.0963046875
450.0,0.75,SiHF3,gas_product,41.7109375,0.0417109375
450.0,0.8,bridge_NH_F0,surface,5.3984375,0.0053984375
450.0,0.8,bridge_NH_F1,surface,24.9765625,0.0249765625
450.0,0.8,bridge_NH_F2,surface,45.7578125,0.0457578125
450.0,0.8,bridge_NH_F3,surface,58.4453125,0.0584453125
450.0,0.8,bridge_NH_residual,surface,165.2734375,0.1652734375
450.0,0.8,bridge_NH_F0_HF,surface,0.0,0.0
450.0,0.8,bridge_NH_F1_HF,surface,0.078125,7.8125e-05
450.0,0.8,bridge_NH_F2_HF,surface,0.0703125,7.03125e-05
450.0,0.8,bridge_NH_F3_HF,surface,0.0,0.0
450.0,0.8,terminal_NH2_F0,surface,2.8359375,0.0028359375
450.0,0.8,terminal_NH2_F1,surface,11.234375,0.011234375
450.0,0.8,terminal_NH2_F2,surface,41.6328125,0.0416328125
450.0,0.8,terminal_NH2_F3,surface,88.9375,0.0889375
450.0,0.8,terminal_NH2_residual,surface,0.0,0.0
450.0,0.8,terminal_NH2_F0_HF,surface,0.0,0.0
450.0,0.8,terminal_NH2_F1_HF,surface,0.0078125,7.8125e-06
450.0,0.8,terminal_NH2_F2_HF,surface,0.859375,0.000859375
450.0,0.8,terminal_NH2_F3_HF,surface,4.4921875,0.0044921875
450.0,0.8,Si_H_rich_F0,surface,94.9140625,0.0949140625
450.0,0.8,Si_H_rich_F1,surface,0.0,0.0
450.0,0.8,Si_H_rich_F2,surface,0.0,0.0
450.0,0.8,Si_H_rich_F3,surface,0.0,0.0
450.0,0.8,Si_H_rich_residual,surface,0.0,0.0
450.0,0.8,Si_H_rich_F0_HF,surface,5.0859375,0.0050859375
450.0,0.8,Si_H_rich_F1_HF,surface,0.0,0.0
450.0,0.8,Si_H_rich_F2_HF,surface,0.0,0.0
450.0,0.8,Si_H_rich_F3_HF,surface,0.0,0.0
450.0,0.8,bridge_N_F0,surface,2.75,0.00275
450.0,0.8,bridge_N_F1,surface,11.1640625,0.0111640625
450.0,0.8,bridge_N_F2,surface,53.2578125,0.0532578125
450.0,0.8,bridge_N_F3,surface,77.390625,0.077390625
450.0,0.8,bridge_N_residual,surface,0.0,0.0
450.0,0.8,bridge_N_F0_HF,surface,0.0,0.0
450.0,0.8,bridge_N_F1_HF,surface,0.0,0.0
450.0,0.8,bridge_N_F2_HF,surface,1.4453125,0.0014453125
450.0,0.8,bridge_N_F3_HF,surface,3.9921875,0.0039921875
450.0,0.8,pre_SiH2F,surface,2.9375,0.0029375
450.0,0.8,pre_SiH2F_HF,surface,0.0,0.0
450.0,0.8,pre_SiH2F_residual,surface,97.0625,0.0970625
450.0,0.8,pre_SiHF2,surface,53.734375,0.053734375
450.0,0.8,pre_SiHF2_HF,surface,2.4140625,0.0024140625
450.0,0.8,pre_SiHF2_residual,surface,43.8515625,0.0438515625
450.0,0.8,Si_Si_F1,surface,2.453125,0.002453125
450.0,0.8,Si_Si_F1_HF,surface,0.03125,3.125e-05
450.0,0.8,Si_Si_cleaved_F2_H,surface,97.515625,0.097515625
450.0,0.8,HF,reservoir_net,-1951.28125,-1.95128125
450.0,0.8,H2,gas_product,0.0,0.0
450.0,0.8,NH3,gas_product,376.515625,0.376515625
450.0,0.8,SiF4,gas_product,165.2734375,0.1652734375
450.0,0.8,SiH2F2,gas_product,97.0625,0.0970625
450.0,0.8,SiHF3,gas_product,43.8515625,0.0438515625
450.0,0.8500000000000001,bridge_NH_F0,surface,4.2421875,0.0042421875
450.0,0.8500000000000001,bridge_NH_F1,surface,20.875,0.020875
450.0,0.8500000000000001,bridge_NH_F2,surface,40.234375,0.040234375
450.0,0.8500000000000001,bridge_NH_F3,surface,55.6796875,0.0556796875
450.0,0.8500000000000001,bridge_NH_residual,surface,178.8984375,0.1788984375
450.0,0.8500000000000001,bridge_NH_F0_HF,surface,0.0,0.0
450.0,0.8500000000000001,bridge_NH_F1_HF,surface,0.0546875,5.46875e-05
450.0,0.8500000000000001,bridge_NH_F2_HF,surface,0.015625,1.5625e-05
450.0,0.8500000000000001,bridge_NH_F3_HF,surface,0.0,0.0
450.0,0.8500000000000001,terminal_NH2_F0,surface,2.296875,0.002296875
450.0,0.8500000000000001,terminal_NH2_F1,surface,9.5078125,0.0095078125
450.0,0.8500000000000001,terminal_NH2_F2,surface,37.9296875,0.0379296875
450.0,0.8500000000000001,terminal_NH2_F3,surface,94.7578125,0.0947578125
450.0,0.8500000000000001,terminal_NH2_residual,surface,0.0,0.0
450.0,0.8500000000000001,terminal_NH2_F0_HF,surface,0.0,0.0
450.0,0.8500000000000001,terminal_NH2_F1_HF,surface,0.0,0.0
450.0,0.8500000000000001,terminal_NH2_F2_HF,surface,0.953125,0.000953125
450.0,0.8500000000000001,terminal_NH2_F3_HF,surface,4.5546875,0.0045546875
450.0,0.8500000000000001,Si_H_rich_F0,surface,95.359375,0.095359375
450.0,0.8500000000000001,Si_H_rich_F1,surface,0.0,0.0
450.0,0.8500000000000001,Si_H_rich_F2,surface,0.0,0.0
450.0,0.8500000000000001,Si_H_rich_F3,surface,0.0,0.0
450.0,0.8500000000000001,Si_H_rich_residual,surface,0.0,0.0
450.0,0.8500000000000001,Si_H_rich_F0_HF,surface,4.640625,0.004640625
450.0,0.8500000000000001,Si_H_rich_F1_HF,surface,0.0,0.0
450.0,0.8500000000000001,Si_H_rich_F2_HF,surface,0.0,0.0
450.0,0.8500000000000001,Si_H_rich_F3_HF,surface,0.0,0.0
450.0,0.8500000000000001,bridge_N_F0,surface,2.046875,0.002046875
450.0,0.8500000000000001,bridge_N_F1,surface,9.546875,0.009546875
450.0,0.8500000000000001,bridge_N_F2,surface,49.6640625,0.0496640625
450.0,0.8500000000000001,bridge_N_F3,surface,83.3359375,0.0833359375
450.0,0.8500000000000001,bridge_N_residual,surface,0.0,0.0
450.0,0.8500000000000001,bridge_N_F0_HF,surface,0.0078125,7.8125e-06
450.0,0.8500000000000001,bridge_N_F1_HF,surface,0.015625,1.5625e-05
450.0,0.8500000000000001,bridge_N_F2_HF,surface,1.1875,0.0011875
450.0,0.8500000000000001,bridge_N_F3_HF,surface,4.1953125,0.0041953125
450.0,0.8500000000000001,pre_SiH2F,surface,2.453125,0.002453125
450.0,0.8500000000000001,pre_SiH2F_HF,surface,0.015625,1.5625e-05
450.0,0.8500000000000001,pre_SiH2F_residual,surface,97.53125,0.09753125
450.0,0.8500000000000001,pre_SiHF2,surface,51.984375,0.051984375
450.0,0.8500000000000001,pre_SiHF2_HF,surface,2.15625,0.00215625
450.0,0.8500000000000001,pre_SiHF2_residual,surface,45.859375,0.045859375
450.0,0.8500000000000001,Si_Si_F1,surface,1.9609375,0.0019609375
450.0,0.8500000000000001,Si_Si_F1_HF,surface,0.0,0.0
450.0,0.8500000000000001,Si_Si_cleaved_F2_H,surface,98.0390625,0.0980390625
450.0,0.8500000000000001,HF,reservoir_net,-2002.359375,-2.002359375
450.0,0.8500000000000001,H2,gas_product,0.0,0.0
450.0,0.8500000000000001,NH3,gas_product,385.2109375,0.3852109375
450.0,0.8500000000000001,SiF4,gas_product,178.8984375,0.1788984375
450.0,0.8500000000000001,SiH2F2,gas_product,97.53125,0.09753125
450.0,0.8500000000000001,SiHF3,gas_product,45.859375,0.045859375
450.0,0.9,bridge_NH_F0,surface,3.2578125,0.0032578125
450.0,0.9,bridge_NH_F1,surface,17.40625,0.01740625
450.0,0.9,bridge_NH_F2,surface,35.4921875,0.0354921875
450.0,0.9,bridge_NH_F3,surface,51.375,0.051375
450.0,0.9,bridge_NH_residual,surface,192.34375,0.19234375
450.0,0.9,bridge_NH_F0_HF,surface,0.0,0.0
450.0,0.9,bridge_NH_F1_HF,surface,0.078125,7.8125e-05
450.0,0.9,bridge_NH_F2_HF,surface,0.046875,4.6875e-05
450.0,0.9,bridge_NH_F3_HF,surface,0.0,0.0
450.0,0.9,terminal_NH2_F0,surface,1.828125,0.001828125
450.0,0.9,terminal_NH2_F1,surface,7.7734375,0.0077734375
450.0,0.9,terminal_NH2_F2,surface,34.6953125,0.0346953125
450.0,0.9,terminal_NH2_F3,surface,100.03125,0.10003125
450.0,0.9,terminal_NH2_residual,surface,0.0,0.0
450.0,0.9,terminal_NH2_F0_HF,surface,0.0,0.0
450.0,0.9,terminal_NH2_F1_HF,surface,0.0,0.0
450.0,0.9,terminal_NH2_F2_HF,surface,0.7421875,0.0007421875
450.0,0.9,terminal_NH2_F3_HF,surface,4.9296875,0.0049296875
450.0,0.9,Si_H_rich_F0,surface,95.359375,0.095359375
450.0,0.9,Si_H_rich_F1,surface,0.0,0.0
450.0,0.9,Si_H_rich_F2,surface,0.0,0.0
450.0,0.9,Si_H_rich_F3,surface,0.0,0.0
450.0,0.9,Si_H_rich_residual,surface,0.0,0.0
450.0,0.9,Si_H_rich_F0_HF,surface,4.640625,0.004640625
450.0,0.9,Si_H_rich_F1_HF,surface,0.0,0.0
450.0,0.9,Si_H_rich_F2_HF,surface,0.0,0.0
450.0,0.9,Si_H_rich_F3_HF,surface,0.0,0.0
450.0,0.9,bridge_N_F0,surface,1.5390625,0.0015390625
450.0,0.9,bridge_N_F1,surface,8.3515625,0.0083515625
450.0,0.9,bridge_N_F2,surface,45.9765625,0.0459765625
450.0,0.9,bridge_N_F3,surface,88.5,0.0885
450.0,0.9,bridge_N_residual,surface,0.0,0.0
450.0,0.9,bridge_N_F0_HF,surface,0.0,0.0
450.0,0.9,bridge_N_F1_HF,surface,0.015625,1.5625e-05
450.0,0.9,bridge_N_F2_HF,surface,1.3125,0.0013125
450.0,0.9,bridge_N_F3_HF,surface,4.3046875,0.0043046875
450.0,0.9,pre_SiH2F,surface,1.921875,0.001921875
450.0,0.9,pre_SiH2F_HF,surface,0.0234375,2.34375e-05
450.0,0.9,pre_SiH2F_residual,surface,98.0546875,0.0980546875
450.0,0.9,pre_SiHF2,surface,49.984375,0.049984375
450.0,0.9,pre_SiHF2_HF,surface,1.96875,0.00196875
450.0,0.9,pre_SiHF2_residual,surface,48.046875,0.048046875
450.0,0.9,Si_Si_F1,surface,1.6015625,0.0016015625
450.0,0.9,Si_Si_F1_HF,surface,0.0078125,7.8125e-06
450.0,0.9,Si_Si_cleaved_F2_H,surface,98.390625,0.098390625
450.0,0.9,HF,reservoir_net,-2049.515625,-2.049515625
450.0,0.9,H2,gas_product,0.0,0.0
450.0,0.9,NH3,gas_product,393.53125,0.39353125
450.0,0.9,SiF4,gas_product,192.34375,0.19234375
450.0,0.9,SiH2F2,gas_product,98.0546875,0.0980546875
450.0,0.9,SiHF3,gas_product,48.046875,0.048046875
450.0,0.9500000000000001,bridge_NH_F0,surface,2.53125,0.00253125
450.0,0.9500000000000001,bridge_NH_F1,surface,14.671875,0.014671875
450.0,0.9500000000000001,bridge_NH_F2,surface,31.296875,0.031296875
450.0,0.9500000000000001,bridge_NH_F3,surface,47.1328125,0.0471328125
450.0,0.9500000000000001,bridge_NH_residual,surface,204.3125,0.2043125
450.0,0.9500000000000001,bridge_NH_F0_HF,surface,0.0,0.0
450.0,0.9500000000000001,bridge_NH_F1_HF,surface,0.015625,1.5625e-05
450.0,0.9500000000000001,bridge_NH_F2_HF,surface,0.0390625,3.90625e-05
450.0,0.9500000000000001,bridge_NH_F3_HF,surface,0.0,0.0
450.0,0.9500000000000001,terminal_NH2_F0,surface,1.3984375,0.0013984375
450.0,0.9500000000000001,terminal_NH2_F1,surface,6.4609375,0.0064609375
450.0,0.9500000000000001,terminal_NH2_F2,surface,31.875,0.031875
450.0,0.9500000000000001,terminal_NH2_F3,surface,104.453125,0.104453125
450.0,0.9500000000000001,terminal_NH2_residual,surface,0.0,0.0
450.0,0.9500000000000001,terminal_NH2_F0_HF,surface,0.0,0.0
450.0,0.9500000000000001,terminal_NH2_F1_HF,surface,0.0078125,7.8125e-06
450.0,0.9500000000000001,terminal_NH2_F2_HF,surface,0.59375,0.00059375
450.0,0.9500000000000001,terminal_NH2_F3_HF,surface,5.2109375,0.0052109375
450.0,0.9500000000000001,Si_H_rich_F0,surface,94.8828125,0.0948828125
450.0,0.9500000000000001,Si_H_rich_F1,surface,0.0,0.0
450.0,0.9500000000000001,Si_H_rich_F2,surface,0.0,0.0
450.0,0.9500000000000001,Si_H_rich_F3,surface,0.0,0.0
450.0,0.9500000000000001,Si_H_rich_residual,surface,0.0,0.0
450.0,0.9500000000000001,Si_H_rich_F0_HF,surface,5.1171875,0.0051171875
450.0,0.9500000000000001,Si_H_rich_F1_HF,surface,0.0,0.0
450.0,0.9500000000000001,Si_H_rich_F2_HF,surface,0.0,0.0
450.0,0.9500000000000001,Si_H_rich_F3_HF,surface,0.0,0.0
450.0,0.9500000000000001,bridge_N_F0,surface,1.21875,0.00121875
450.0,0.9500000000000001,bridge_N_F1,surface,6.9296875,0.0069296875
450.0,0.9500000000000001,bridge_N_F2,surface,42.65625,0.04265625
450.0,0.9500000000000001,bridge_N_F3,surface,93.0234375,0.0930234375
450.0,0.9500000000000001,bridge_N_residual,surface,0.0,0.0
450.0,0.9500000000000001,bridge_N_F0_HF,surface,0.0,0.0
450.0,0.9500000000000001,bridge_N_F1_HF,surface,0.0,0.0
450.0,0.9500000000000001,bridge_N_F2_HF,surface,1.3359375,0.0013359375
450.0,0.9500000000000001,bridge_N_F3_HF,surface,4.8359375,0.0048359375
450.0,0.9500000000000001,pre_SiH2F,surface,1.53125,0.00153125
450.0,0.9500000000000001,pre_SiH2F_HF,surface,0.0,0.0
450.0,0.9500000000000001,pre_SiH2F_residual,surface,98.46875,0.09846875
450.0,0.9500000000000001,pre_SiHF2,surface,48.1015625,0.0481015625
450.0,0.9500000000000001,pre_SiHF2_HF,surface,1.9765625,0.0019765625
450.0,0.9500000000000001,pre_SiHF2_residual,surface,49.921875,0.049921875
450.0,0.9500000000000001,Si_Si_F1,surface,1.25,0.00125
450.0,0.9500000000000001,Si_Si_F1_HF,surface,0.0078125,7.8125e-06
450.0,0.9500000000000001,Si_Si_cleaved_F2_H,surface,98.7421875,0.0987421875
450.0,0.9500000000000001,HF,reservoir_net,-2091.171875,-2.091171875
450.0,0.9500000000000001,H2,gas_product,0.0,0.0
450.0,0.9500000000000001,NH3,gas_product,400.3984375,0.4003984375
450.0,0.9500000000000001,SiF4,gas_product,204.3125,0.2043125
450.0,0.9500000000000001,SiH2F2,gas_product,98.46875,0.09846875
450.0,0.9500000000000001,SiHF3,gas_product,49.921875,0.049921875
450.0,1.0,bridge_NH_F0,surface,1.9921875,0.0019921875
450.0,1.0,bridge_NH_F1,surface,12.0703125,0.0120703125
450.0,1.0,bridge_NH_F2,surface,27.078125,0.027078125
450.0,1.0,bridge_NH_F3,surface,43.2890625,0.0432890625
450.0,1.0,bridge_NH_residual,surface,215.484375,0.215484375
450.0,1.0,bridge_NH_F0_HF,surface,0.0,0.0
450.0,1.0,bridge_NH_F1_HF,surface,0.0390625,3.90625e-05
450.0,1.0,bridge_NH_F2_HF,surface,0.046875,4.6875e-05
450.0,1.0,bridge_NH_F3_HF,surface,0.0,0.0
450.0,1.0,terminal_NH2_F0,surface,1.09375,0.00109375
450.0,1.0,terminal_NH2_F1,surface,5.453125,0.005453125
450.0,1.0,terminal_NH2_F2,surface,28.625,0.028625
450.0,1.0,terminal_NH2_F3,surface,108.59375,0.10859375
450.0,1.0,terminal_NH2_residual,surface,0.0,0.0
450.0,1.0,terminal_NH2_F0_HF,surface,0.0,0.0
450.0,1.0,terminal_NH2_F1_HF,surface,0.0,0.0
450.0,1.0,terminal_NH2_F2_HF,surface,0.703125,0.000703125
450.0,1.0,terminal_NH2_F3_HF,surface,5.53125,0.00553125
450.0,1.0,Si_H_rich_F0,surface,95.3984375,0.0953984375
450.0,1.0,Si_H_rich_F1,surface,0.0,0.0
450.0,1.0,Si_H_rich_F2,surface,0.0,0.0
450.0,1.0,Si_H_rich_F3,surface,0.0,0.0
450.0,1.0,Si_H_rich_residual,surface,0.0,0.0
450.0,1.0,Si_H_rich_F0_HF,surface,4.6015625,0.0046015625
450.0,1.0,Si_H_rich_F1_HF,surface,0.0,0.0
450.0,1.0,Si_H_rich_F2_HF,surface,0.0,0.0
450.0,1.0,Si_H_rich_F3_HF,surface,0.0,0.0
450.0,1.0,bridge_N_F0,surface,0.9453125,0.0009453125
450.0,1.0,bridge_N_F1,surface,5.6015625,0.0056015625
450.0,1.0,bridge_N_F2,surface,39.5546875,0.0395546875
450.0,1.0,bridge_N_F3,surface,98.0859375,0.0980859375
450.0,1.0,bridge_N_residual,surface,0.0,0.0
450.0,1.0,bridge_N_F0_HF,surface,0.0,0.0
450.0,1.0,bridge_N_F1_HF,surface,0.0078125,7.8125e-06
450.0,1.0,bridge_N_F2_HF,surface,1.0703125,0.0010703125
450.0,1.0,bridge_N_F3_HF,surface,4.734375,0.004734375
450.0,1.0,pre_SiH2F,surface,1.2109375,0.0012109375
450.0,1.0,pre_SiH2F_HF,surface,0.015625,1.5625e-05
450.0,1.0,pre_SiH2F_residual,surface,98.7734375,0.0987734375
450.0,1.0,pre_SiHF2,surface,46.328125,0.046328125
450.0,1.0,pre_SiHF2_HF,surface,1.9140625,0.0019140625
450.0,1.0,pre_SiHF2_residual,surface,51.7578125,0.0517578125
450.0,1.0,Si_Si_F1,surface,1.0546875,0.0010546875
450.0,1.0,Si_Si_F1_HF,surface,0.0,0.0
450.0,1.0,Si_Si_cleaved_F2_H,surface,98.9453125,0.0989453125
450.0,1.0,HF,reservoir_net,-2128.109375,-2.128109375
450.0,1.0,H2,gas_product,0.0,0.0
450.0,1.0,NH3,gas_product,406.484375,0.406484375
450.0,1.0,SiF4,gas_product,215.484375,0.215484375
450.0,1.0,SiH2F2,gas_product,98.7734375,0.0987734375
450.0,1.0,SiHF3,gas_product,51.7578125,0.0517578125
450.0,1.05,bridge_NH_F0,surface,1.5390625,0.0015390625
450.0,1.05,bridge_NH_F1,surface,10.0390625,0.0100390625
450.0,1.05,bridge_NH_F2,surface,23.7265625,0.0237265625
450.0,1.05,bridge_NH_F3,surface,38.5546875,0.0385546875
450.0,1.05,bridge_NH_residual,surface,226.09375,0.22609375
450.0,1.05,bridge_NH_F0_HF,surface,0.0,0.0
450.0,1.05,bridge_NH_F1_HF,surface,0.03125,3.125e-05
450.0,1.05,bridge_NH_F2_HF,surface,0.015625,1.5625e-05
450.0,1.05,bridge_NH_F3_HF,surface,0.0,0.0
450.0,1.05,terminal_NH2_F0,surface,0.8203125,0.0008203125
450.0,1.05,terminal_NH2_F1,surface,4.515625,0.004515625
450.0,1.05,terminal_NH2_F2,surface,25.8984375,0.0258984375
450.0,1.05,terminal_NH2_F3,surface,112.609375,0.112609375
450.0,1.05,terminal_NH2_residual,surface,0.0,0.0
450.0,1.05,terminal_NH2_F0_HF,surface,0.0,0.0
450.0,1.05,terminal_NH2_F1_HF,surface,0.0,0.0
450.0,1.05,terminal_NH2_F2_HF,surface,0.453125,0.000453125
450.0,1.05,terminal_NH2_F3_HF,surface,5.703125,0.005703125
450.0,1.05,Si_H_rich_F0,surface,95.4375,0.0954375
450.0,1.05,Si_H_rich_F1,surface,0.0,0.0
450.0,1.05,Si_H_rich_F2,surface,0.0,0.0
450.0,1.05,Si_H_rich_F3,surface,0.0,0.0
450.0,1.05,Si_H_rich_residual,surface,0.0,0.0
450.0,1.05,Si_H_rich_F0_HF,surface,4.5625,0.0045625
450.0,1.05,Si_H_rich_F1_HF,surface,0.0,0.0
450.0,1.05,Si_H_rich_F2_HF,surface,0.0,0.0
450.0,1.05,Si_H_rich_F3_HF,surface,0.0,0.0
450.0,1.05,bridge_N_F0,surface,0.6640625,0.0006640625
450.0,1.05,bridge_N_F1,surface,4.5859375,0.0045859375
450.0,1.05,bridge_N_F2,surface,36.5234375,0.0365234375
450.0,1.05,bridge_N_F3,surface,101.7890625,0.1017890625
450.0,1.05,bridge_N_residual,surface,0.0,0.0
450.0,1.05,bridge_N_F0_HF,surface,0.0,0.0
450.0,1.05,bridge_N_F1_HF,surface,0.0,0.0
450.0,1.05,bridge_N_F2_HF,surface,1.09375,0.00109375
450.0,1.05,bridge_N_F3_HF,surface,5.34375,0.00534375
450.0,1.05,pre_SiH2F,surface,0.953125,0.000953125
450.0,1.05,pre_SiH2F_HF,surface,0.0,0.0
450.0,1.05,pre_SiH2F_residual,surface,99.046875,0.099046875
450.0,1.05,pre_SiHF2,surface,44.625,0.044625
450.0,1.05,pre_SiHF2_HF,surface,1.9765625,0.0019765625
450.0,1.05,pre_SiHF2_residual,surface,53.3984375,0.0533984375
450.0,1.05,Si_Si_F1,surface,0.875,0.000875
450.0,1.05,Si_Si_F1_HF,surface,0.0,0.0
450.0,1.05,Si_Si_cleaved_F2_H,surface,99.125,0.099125
450.0,1.05,HF,reservoir_net,-2161.71875,-2.16171875
450.0,1.05,H2,gas_product,0.0,0.0
450.0,1.05,NH3,gas_product,412.15625,0.41215625
450.0,1.05,SiF4,gas_product,226.09375,0.22609375
450.0,1.05,SiH2F2,gas_product,99.046875,0.099046875
450.0,1.05,SiHF3,gas_product,53.3984375,0.0533984375
450.0,1.1,bridge_NH_F0,surface,1.2421875,0.0012421875
450.0,1.1,bridge_NH_F1,surface,8.3125,0.0083125
450.0,1.1,bridge_NH_F2,surface,20.40625,0.02040625
450.0,1.1,bridge_NH_F3,surface,34.859375,0.034859375
450.0,1.1,bridge_NH_residual,surface,235.1484375,0.2351484375
450.0,1.1,bridge_NH_F0_HF,surface,0.0,0.0
450.0,1.1,bridge_NH_F1_HF,surface,0.0234375,2.34375e-05
450.0,1.1,bridge_NH_F2_HF,surface,0.0078125,7.8125e-06
450.0,1.1,bridge_NH_F3_HF,surface,0.0,0.0
450.0,1.1,terminal_NH2_F0,surface,0.6640625,0.0006640625
450.0,1.1,terminal_NH2_F1,surface,3.6875,0.0036875
450.0,1.1,terminal_NH2_F2,surface,23.140625,0.023140625
450.0,1.1,terminal_NH2_F3,surface,116.09375,0.11609375
450.0,1.1,terminal_NH2_residual,surface,0.0,0.0
450.0,1.1,terminal_NH2_F0_HF,surface,0.0,0.0
450.0,1.1,terminal_NH2_F1_HF,surface,0.0,0.0
450.0,1.1,terminal_NH2_F2_HF,surface,0.5703125,0.0005703125
450.0,1.1,terminal_NH2_F3_HF,surface,5.84375,0.00584375
450.0,1.1,Si_H_rich_F0,surface,95.421875,0.095421875
450.0,1.1,Si_H_rich_F1,surface,0.0,0.0
450.0,1.1,Si_H_rich_F2,surface,0.0,0.0
450.0,1.1,Si_H_rich_F3,surface,0.0,0.0
450.0,1.1,Si_H_rich_residual,surface,0.0,0.0
450.0,1.1,Si_H_rich_F0_HF,surface,4.578125,0.004578125
450.0,1.1,Si_H_rich_F1_HF,surface,0.0,0.0
450.0,1.1,Si_H_rich_F2_HF,surface,0.0,0.0
450.0,1.1,Si_H_rich_F3_HF,surface,0.0,0.0
450.0,1.1,bridge_N_F0,surface,0.4921875,0.0004921875
450.0,1.1,bridge_N_F1,surface,3.8125,0.0038125
450.0,1.1,bridge_N_F2,surface,33.5234375,0.0335234375
450.0,1.1,bridge_N_F3,surface,106.0546875,0.1060546875
450.0,1.1,bridge_N_residual,surface,0.0,0.0
450.0,1.1,bridge_N_F0_HF,surface,0.0,0.0
450.0,1.1,bridge_N_F1_HF,surface,0.0078125,7.8125e-06
450.0,1.1,bridge_N_F2_HF,surface,1.0078125,0.0010078125
450.0,1.1,bridge_N_F3_HF,surface,5.1015625,0.0051015625
450.0,1.1,pre_SiH2F,surface,0.7578125,0.0007578125
450.0,1.1,pre_SiH2F_HF,surface,0.0,0.0
450.0,1.1,pre_SiH2F_residual,surface,99.2421875,0.0992421875
450.0,1.1,pre_SiHF2,surface,43.234375,0.043234375
450.0,1.1,pre_SiHF2_HF,surface,1.7734375,0.0017734375
450.0,1.1,pre_SiHF2_residual,surface,54.9921875,0.0549921875
450.0,1.1,Si_Si_F1,surface,0.6875,0.0006875
450.0,1.1,Si_Si_F1_HF,surface,0.0078125,7.8125e-06
450.0,1.1,Si_Si_cleaved_F2_H,surface,99.3046875,0.0993046875
450.0,1.1,HF,reservoir_net,-2190.0703125,-2.1900703125
450.0,1.1,H2,gas_product,0.0,0.0
450.0,1.1,NH3,gas_product,416.921875,0.416921875
450.0,1.1,SiF4,gas_product,235.1484375,0.2351484375
450.0,1.1,SiH2F2,gas_product,99.2421875,0.0992421875
450.0,1.1,SiHF3,gas_product,54.9921875,0.0549921875
450.0,1.1500000000000001,bridge_NH_F0,surface,0.9453125,0.0009453125
450.0,1.1500000000000001,bridge_NH_F1,surface,6.7109375,0.0067109375
450.0,1.1500000000000001,bridge_NH_F2,surface,17.5859375,0.0175859375
450.0,1.1500000000000001,bridge_NH_F3,surface,31.140625,0.031140625
450.0,1.1500000000000001,bridge_NH_residual,surface,243.5703125,0.2435703125
450.0,1.1500000000000001,bridge_NH_F0_HF,surface,0.0,0.0
450.0,1.1500000000000001,bridge_NH_F1_HF,surface,0.03125,3.125e-05
450.0,1.1500000000000001,bridge_NH_F2_HF,surface,0.015625,1.5625e-05
450.0,1.1500000000000001,bridge_NH_F3_HF,surface,0.0,0.0
450.0,1.1500000000000001,terminal_NH2_F0,surface,0.484375,0.000484375
450.0,1.1500000000000001,terminal_NH2_F1,surface,3.125,0.003125
450.0,1.1500000000000001,terminal_NH2_F2,surface,20.75,0.02075
450.0,1.1500000000000001,terminal_NH2_F3,surface,119.5078125,0.1195078125
450.0,1.1500000000000001,terminal_NH2_residual,surface,0.0,0.0
450.0,1.1500000000000001,terminal_NH2_F0_HF,surface,0.0,0.0
450.0,1.1500000000000001,terminal_NH2_F1_HF,surface,0.0,0.0
450.0,1.1500000000000001,terminal_NH2_F2_HF,surface,0.3984375,0.0003984375
450.0,1.1500000000000001,terminal_NH2_F3_HF,surface,5.734375,0.005734375
450.0,1.1500000000000001,Si_H_rich_F0,surface,95.6328125,0.0956328125
450.0,1.1500000000000001,Si_H_rich_F1,surface,0.0,0.0
450.0,1.1500000000000001,Si_H_rich_F2,surface,0.0,0.0
450.0,1.1500000000000001,Si_H_rich_F3,surface,0.0,0.0
450.0,1.1500000000000001,Si_H_rich_residual,surface,0.0,0.0
450.0,1.1500000000000001,Si_H_rich_F0_HF,surface,4.3671875,0.0043671875
450.0,1.1500000000000001,Si_H_rich_F1_HF,surface,0.0,0.0
450.0,1.1500000000000001,Si_H_rich_F2_HF,surface,0.0,0.0
450.0,1.1500000000000001,Si_H_rich_F3_HF,surface,0.0,0.0
450.0,1.1500000000000001,bridge_N_F0,surface,0.390625,0.000390625
450.0,1.1500000000000001,bridge_N_F1,surface,2.953125,0.002953125
450.0,1.1500000000000001,bridge_N_F2,surface,30.6171875,0.0306171875
450.0,1.1500000000000001,bridge_N_F3,surface,109.6875,0.1096875
450.0,1.1500000000000001,bridge_N_residual,surface,0.0,0.0
450.0,1.1500000000000001,bridge_N_F0_HF,surface,0.0,0.0
450.0,1.1500000000000001,bridge_N_F1_HF,surface,0.015625,1.5625e-05
450.0,1.1500000000000001,bridge_N_F2_HF,surface,0.9140625,0.0009140625
450.0,1.1500000000000001,bridge_N_F3_HF,surface,5.421875,0.005421875
450.0,1.1500000000000001,pre_SiH2F,surface,0.6328125,0.0006328125
450.0,1.1500000000000001,pre_SiH2F_HF,surface,0.0078125,7.8125e-06
450.0,1.1500000000000001,pre_SiH2F_residual,surface,99.359375,0.099359375
450.0,1.1500000000000001,pre_SiHF2,surface,41.6640625,0.0416640625
450.0,1.1500000000000001,pre_SiHF2_HF,surface,1.734375,0.001734375
450.0,1.1500000000000001,pre_SiHF2_residual,surface,56.6015625,0.0566015625
450.0,1.1500000000000001,Si_Si_F1,surface,0.5625,0.0005625
450.0,1.1500000000000001,Si_Si_F1_HF,surface,0.0,0.0
450.0,1.1500000000000001,Si_Si_cleaved_F2_H,surface,99.4375,0.0994375
450.0,1.1500000000000001,HF,reservoir_net,-2216.1953125,-2.2161953125
450.0,1.1500000000000001,H2,gas_product,0.0,0.0
450.0,1.1500000000000001,NH3,gas_product,421.1484375,0.4211484375
450.0,1.1500000000000001,SiF4,gas_product,243.5703125,0.2435703125
450.0,1.1500000000000001,SiH2F2,gas_product,99.359375,0.099359375
450.0,1.1500000000000001,SiHF3,gas_product,56.6015625,0.0566015625
450.0,1.2000000000000002,bridge_NH_F0,surface,0.6875,0.0006875
450.0,1.2000000000000002,bridge_NH_F1,surface,5.6796875,0.0056796875
450.0,1.2000000000000002,bridge_NH_F2,surface,15.09375,0.01509375
450.0,1.2000000000000002,bridge_NH_F3,surface,27.9453125,0.0279453125
450.0,1.2000000000000002,bridge_NH_residual,surface,250.5703125,0.2505703125
450.0,1.2000000000000002,bridge_NH_F0_HF,surface,0.0,0.0
450.0,1.2000000000000002,bridge_NH_F1_HF,surface,0.0078125,7.8125e-06
450.0,1.2000000000000002,bridge_NH_F2_HF,surface,0.015625,1.5625e-05
450.0,1.2000000000000002,bridge_NH_F3_HF,surface,0.0,0.0
450.0,1.2000000000000002,terminal_NH2_F0,surface,0.4140625,0.0004140625
450.0,1.2000000000000002,terminal_NH2_F1,surface,2.5,0.0025
450.0,1.2000000000000002,terminal_NH2_F2,surface,18.6015625,0.0186015625
450.0,1.2000000000000002,terminal_NH2_F3,surface,121.7890625,0.1217890625
450.0,1.2000000000000002,terminal_NH2_residual,surface,0.0,0.0
450.0,1.2000000000000002,terminal_NH2_F0_HF,surface,0.0,0.0
450.0,1.2000000000000002,terminal_NH2_F1_HF,surface,0.0,0.0
450.0,1.2000000000000002,terminal_NH2_F2_HF,surface,0.4609375,0.0004609375
450.0,1.2000000000000002,terminal_NH2_F3_HF,surface,6.234375,0.006234375
450.0,1.2000000000000002,Si_H_rich_F0,surface,94.890625,0.094890625
450.0,1.2000000000000002,Si_H_rich_F1,surface,0.0,0.0
450.0,1.2000000000000002,Si_H_rich_F2,surface,0.0,0.0
450.0,1.2000000000000002,Si_H_rich_F3,surface,0.0,0.0
450.0,1.2000000000000002,Si_H_rich_residual,surface,0.0,0.0
450.0,1.2000000000000002,Si_H_rich_F0_HF,surface,5.109375,0.005109375
450.0,1.2000000000000002,Si_H_rich_F1_HF,surface,0.0,0.0
450.0,1.2000000000000002,Si_H_rich_F2_HF,surface,0.0,0.0
450.0,1.2000000000000002,Si_H_rich_F3_HF,surface,0.0,0.0
450.0,1.2000000000000002,bridge_N_F0,surface,0.3203125,0.0003203125
450.0,1.2000000000000002,bridge_N_F1,surface,2.4765625,0.0024765625
450.0,1.2000000000000002,bridge_N_F2,surface,28.171875,0.028171875
450.0,1.2000000000000002,bridge_N_F3,surface,112.65625,0.11265625
450.0,1.2000000000000002,bridge_N_residual,surface,0.0,0.0
450.0,1.2000000000000002,bridge_N_F0_HF,surface,0.0,0.0
450.0,1.2000000000000002,bridge_N_F1_HF,surface,0.0,0.0
450.0,1.2000000000000002,bridge_N_F2_HF,surface,0.78125,0.00078125
450.0,1.2000000000000002,bridge_N_F3_HF,surface,5.59375,0.00559375
450.0,1.2000000000000002,pre_SiH2F,surface,0.484375,0.000484375
450.0,1.2000000000000002,pre_SiH2F_HF,surface,0.0078125,7.8125e-06
450.0,1.2000000000000002,pre_SiH2F_residual,surface,99.5078125,0.0995078125
450.0,1.2000000000000002,pre_SiHF2,surface,40.015625,0.040015625
450.0,1.2000000000000002,pre_SiHF2_HF,surface,1.7109375,0.0017109375
450.0,1.2000000000000002,pre_SiHF2_residual,surface,58.2734375,0.0582734375
450.0,1.2000000000000002,Si_Si_F1,surface,0.4296875,0.0004296875
450.0,1.2000000000000002,Si_Si_F1_HF,surface,0.0,0.0
450.0,1.2000000000000002,Si_Si_cleaved_F2_H,surface,99.5703125,0.0995703125
450.0,1.2000000000000002,HF,reservoir_net,-2239.125,-2.239125
450.0,1.2000000000000002,H2,gas_product,0.0,0.0
450.0,1.2000000000000002,NH3,gas_product,424.6953125,0.4246953125
450.0,1.2000000000000002,SiF4,gas_product,250.5703125,0.2505703125
450.0,1.2000000000000002,SiH2F2,gas_product,99.5078125,0.0995078125
450.0,1.2000000000000002,SiHF3,gas_product,58.2734375,0.0582734375
450.0,1.25,bridge_NH_F0,surface,0.5078125,0.0005078125
450.0,1.25,bridge_NH_F1,surface,4.671875,0.004671875
450.0,1.25,bridge_NH_F2,surface,12.7578125,0.0127578125
450.0,1.25,bridge_NH_F3,surface,25.0078125,0.0250078125
450.0,1.25,bridge_NH_residual,surface,257.0390625,0.2570390625
450.0,1.25,bridge_NH_F0_HF,surface,0.0,0.0
450.0,1.25,bridge_NH_F1_HF,surface,0.0078125,7.8125e-06
450.0,1.25,bridge_NH_F2_HF,surface,0.0078125,7.8125e-06
450.0,1.25,bridge_NH_F3_HF,surface,0.0,0.0
450.0,1.25,terminal_NH2_F0,surface,0.3125,0.0003125
450.0,1.25,terminal_NH2_F1,surface,2.015625,0.002015625
450.0,1.25,terminal_NH2_F2,surface,16.9609375,0.0169609375
450.0,1.25,terminal_NH2_F3,surface,124.671875,0.124671875
450.0,1.25,terminal_NH2_residual,surface,0.0,0.0
450.0,1.25,terminal_NH2_F0_HF,surface,0.0,0.0
450.0,1.25,terminal_NH2_F1_HF,surface,0.0,0.0
450.0,1.25,terminal_NH2_F2_HF,surface,0.2890625,0.0002890625
450.0,1.25,terminal_NH2_F3_HF,surface,5.75,0.00575
450.0,1.25,Si_H_rich_F0,surface,95.2578125,0.0952578125
450.0,1.25,Si_H_rich_F1,surface,0.0,0.0
450.0,1.25,Si_H_rich_F2,surface,0.0,0.0
450.0,1.25,Si_H_rich_F3,surface,0.0,0.0
450.0,1.25,Si_H_rich_residual,surface,0.0,0.0
450.0,1.25,Si_H_rich_F0_HF,surface,4.7421875,0.0047421875
450.0,1.25,Si_H_rich_F1_HF,surface,0.0,0.0
450.0,1.25,Si_H_rich_F2_HF,surface,0.0,0.0
450.0,1.25,Si_H_rich_F3_HF,surface,0.0,0.0
450.0,1.25,bridge_N_F0,surface,0.2578125,0.0002578125
450.0,1.25,bridge_N_F1,surface,2.0859375,0.0020859375
450.0,1.25,bridge_N_F2,surface,25.5390625,0.0255390625
450.0,1.25,bridge_N_F3,surface,115.6953125,0.1156953125
450.0,1.25,bridge_N_residual,surface,0.0,0.0
450.0,1.25,bridge_N_F0_HF,surface,0.0,0.0
450.0,1.25,bridge_N_F1_HF,surface,0.0078125,7.8125e-06
450.0,1.25,bridge_N_F2_HF,surface,0.734375,0.000734375
450.0,1.25,bridge_N_F3_HF,surface,5.6796875,0.0056796875
450.0,1.25,pre_SiH2F,surface,0.4140625,0.0004140625
450.0,1.25,pre_SiH2F_HF,surface,0.0078125,7.8125e-06
450.0,1.25,pre_SiH2F_residual,surface,99.578125,0.099578125
450.0,1.25,pre_SiHF2,surface,38.7109375,0.0387109375
450.0,1.25,pre_SiHF2_HF,surface,1.671875,0.001671875
450.0,1.25,pre_SiHF2_residual,surface,59.6171875,0.0596171875
450.0,1.25,Si_Si_F1,surface,0.3359375,0.0003359375
450.0,1.25,Si_Si_F1_HF,surface,0.0,0.0
450.0,1.25,Si_Si_cleaved_F2_H,surface,99.6640625,0.0996640625
450.0,1.25,HF,reservoir_net,-2257.6953125,-2.2576953125
450.0,1.25,H2,gas_product,0.0,0.0
450.0,1.25,NH3,gas_product,427.78125,0.42778125
450.0,1.25,SiF4,gas_product,257.0390625,0.2570390625
450.0,1.25,SiH2F2,gas_product,99.578125,0.099578125
450.0,1.25,SiHF3,gas_product,59.6171875,0.0596171875
450.0,1.3,bridge_NH_F0,surface,0.4140625,0.0004140625
450.0,1.3,bridge_NH_F1,surface,3.7265625,0.0037265625
450.0,1.3,bridge_NH_F2,surface,10.5859375,0.0105859375
450.0,1.3,bridge_NH_F3,surface,22.09375,0.02209375
450.0,1.3,bridge_NH_residual,surface,263.15625,0.26315625
450.0,1.3,bridge_NH_F0_HF,surface,0.0,0.0
450.0,1.3,bridge_NH_F1_HF,surface,0.015625,1.5625e-05
450.0,1.3,bridge_NH_F2_HF,surface,0.0078125,7.8125e-06
450.0,1.3,bridge_NH_F3_HF,surface,0.0,0.0
450.0,1.3,terminal_NH2_F0,surface,0.2734375,0.0002734375
450.0,1.3,terminal_NH2_F1,surface,1.6484375,0.0016484375
450.0,1.3,terminal_NH2_F2,surface,14.7890625,0.0147890625
450.0,1.3,terminal_NH2_F3,surface,126.3828125,0.1263828125
450.0,1.3,terminal_NH2_residual,surface,0.0,0.0
450.0,1.3,terminal_NH2_F0_HF,surface,0.0,0.0
450.0,1.3,terminal_NH2_F1_HF,surface,0.0,0.0
450.0,1.3,terminal_NH2_F2_HF,surface,0.296875,0.000296875
450.0,1.3,terminal_NH2_F3_HF,surface,6.609375,0.006609375
450.0,1.3,Si_H_rich_F0,surface,95.265625,0.095265625
450.0,1.3,Si_H_rich_F1,surface,0.0,0.0
450.0,1.3,Si_H_rich_F2,surface,0.0,0.0
450.0,1.3,Si_H_rich_F3,surface,0.0,0.0
450.0,1.3,Si_H_rich_residual,surface,0.0,0.0
450.0,1.3,Si_H_rich_F0_HF,surface,4.734375,0.004734375
450.0,1.3,Si_H_rich_F1_HF,surface,0.0,0.0
450.0,1.3,Si_H_rich_F2_HF,surface,0.0,0.0
450.0,1.3,Si_H_rich_F3_HF,surface,0.0,0.0
450.0,1.3,bridge_N_F0,surface,0.21875,0.00021875
450.0,1.3,bridge_N_F1,surface,1.6796875,0.0016796875
450.0,1.3,bridge_N_F2,surface,23.65625,0.02365625
450.0,1.3,bridge_N_F3,surface,117.84375,0.11784375
450.0,1.3,bridge_N_residual,surface,0.0,0.0
450.0,1.3,bridge_N_F0_HF,surface,0.0,0.0
450.0,1.3,bridge_N_F1_HF,surface,0.0,0.0
450.0,1.3,bridge_N_F2_HF,surface,0.625,0.000625
450.0,1.3,bridge_N_F3_HF,surface,5.9765625,0.0059765625
450.0,1.3,pre_SiH2F,surface,0.2890625,0.0002890625
450.0,1.3,pre_SiH2F_HF,surface,0.0,0.0
450.0,1.3,pre_SiH2F_residual,surface,99.7109375,0.0997109375
450.0,1.3,pre_SiHF2,surface,37.203125,0.037203125
450.0,1.3,pre_SiHF2_HF,surface,1.7890625,0.0017890625
450.0,1.3,pre_SiHF2_residual,surface,61.0078125,0.0610078125
450.0,1.3,Si_Si_F1,surface,0.265625,0.000265625
450.0,1.3,Si_Si_F1_HF,surface,0.0,0.0
450.0,1.3,Si_Si_cleaved_F2_H,surface,99.734375,0.099734375
450.0,1.3,HF,reservoir_net,-2276.84375,-2.27684375
450.0,1.3,H2,gas_product,0.0,0.0
450.0,1.3,NH3,gas_product,430.796875,0.430796875
450.0,1.3,SiF4,gas_product,263.15625,0.26315625
450.0,1.3,SiH2F2,gas_product,99.7109375,0.0997109375
450.0,1.3,SiHF3,gas_product,61.0078125,0.0610078125
450.0,1.35,bridge_NH_F0,surface,0.3203125,0.0003203125
450.0,1.35,bridge_NH_F1,surface,3.15625,0.00315625
450.0,1.35,bridge_NH_F2,surface,8.9921875,0.0089921875
450.0,1.35,bridge_NH_F3,surface,19.28125,0.01928125
450.0,1.35,bridge_NH_residual,surface,268.2265625,0.2682265625
450.0,1.35,bridge_NH_F0_HF,surface,0.0,0.0
450.0,1.35,bridge_NH_F1_HF,surface,0.0078125,7.8125e-06
450.0,1.35,bridge_NH_F2_HF,surface,0.015625,1.5625e-05
450.0,1.35,bridge_NH_F3_HF,surface,0.0,0.0
450.0,1.35,terminal_NH2_F0,surface,0.2109375,0.0002109375
450.0,1.35,terminal_NH2_F1,surface,1.3828125,0.0013828125
450.0,1.35,terminal_NH2_F2,surface,13.265625,0.013265625
450.0,1.35,terminal_NH2_F3,surface,128.703125,0.128703125
450.0,1.35,terminal_NH2_residual,surface,0.0,0.0
450.0,1.35,terminal_NH2_F0_HF,surface,0.0,0.0
450.0,1.35,terminal_NH2_F1_HF,surface,0.0,0.0
450.0,1.35,terminal_NH2_F2_HF,surface,0.265625,0.000265625
450.0,1.35,terminal_NH2_F3_HF,surface,6.171875,0.006171875
450.0,1.35,Si_H_rich_F0,surface,94.7734375,0.0947734375
450.0,1.35,Si_H_rich_F1,surface,0.0,0.0
450.0,1.35,Si_H_rich_F2,surface,0.0,0.0
450.0,1.35,Si_H_rich_F3,surface,0.0,0.0
450.0,1.35,Si_H_rich_residual,surface,0.0,0.0
450.0,1.35,Si_H_rich_F0_HF,surface,5.2265625,0.0052265625
450.0,1.35,Si_H_rich_F1_HF,surface,0.0,0.0
450.0,1.35,Si_H_rich_F2_HF,surface,0.0,0.0
450.0,1.35,Si_H_rich_F3_HF,surface,0.0,0.0
450.0,1.35,bridge_N_F0,surface,0.1796875,0.0001796875
450.0,1.35,bridge_N_F1,surface,1.3046875,0.0013046875
450.0,1.35,bridge_N_F2,surface,21.6875,0.0216875
450.0,1.35,bridge_N_F3,surface,120.15625,0.12015625
450.0,1.35,bridge_N_residual,surface,0.0,0.0
450.0,1.35,bridge_N_F0_HF,surface,0.0,0.0
450.0,1.35,bridge_N_F1_HF,surface,0.0,0.0
450.0,1.35,bridge_N_F2_HF,surface,0.671875,0.000671875
450.0,1.35,bridge_N_F3_HF,surface,6.0,0.006
450.0,1.35,pre_SiH2F,surface,0.2421875,0.0002421875
450.0,1.35,pre_SiH2F_HF,surface,0.0,0.0
450.0,1.35,pre_SiH2F_residual,surface,99.7578125,0.0997578125
450.0,1.35,pre_SiHF2,surface,36.015625,0.036015625
450.0,1.35,pre_SiHF2_HF,surface,1.4609375,0.0014609375
450.0,1.35,pre_SiHF2_residual,surface,62.5234375,0.0625234375
450.0,1.35,Si_Si_F1,surface,0.203125,0.000203125
450.0,1.35,Si_Si_F1_HF,surface,0.0,0.0
450.0,1.35,Si_Si_cleaved_F2_H,surface,99.796875,0.099796875
450.0,1.35,HF,reservoir_net,-2291.390625,-2.291390625
450.0,1.35,H2,gas_product,0.0,0.0
450.0,1.35,NH3,gas_product,433.0703125,0.4330703125
450.0,1.35,SiF4,gas_product,268.2265625,0.2682265625
450.0,1.35,SiH2F2,gas_product,99.7578125,0.0997578125
450.0,1.35,SiHF3,gas_product,62.5234375,0.0625234375
450.0,1.4000000000000001,bridge_NH_F0,surface,0.234375,0.000234375
450.0,1.4000000000000001,bridge_NH_F1,surface,2.5625,0.0025625
450.0,1.4000000000000001,bridge_NH_F2,surface,7.484375,0.007484375
450.0,1.4000000000000001,bridge_NH_F3,surface,17.359375,0.017359375
450.0,1.4000000000000001,bridge_NH_residual,surface,272.3359375,0.2723359375
450.0,1.4000000000000001,bridge_NH_F0_HF,surface,0.0,0.0
450.0,1.4000000000000001,bridge_NH_F1_HF,surface,0.0234375,2.34375e-05
450.0,1.4000000000000001,bridge_NH_F2_HF,surface,0.0,0.0
450.0,1.4000000000000001,bridge_NH_F3_HF,surface,0.0,0.0
450.0,1.4000000000000001,terminal_NH2_F0,surface,0.1640625,0.0001640625
450.0,1.4000000000000001,terminal_NH2_F1,surface,1.0859375,0.0010859375
450.0,1.4000000000000001,terminal_NH2_F2,surface,11.6640625,0.0116640625
450.0,1.4000000000000001,terminal_NH2_F3,surface,130.1015625,0.1301015625
450.0,1.4000000000000001,terminal_NH2_residual,surface,0.0,0.0
450.0,1.4000000000000001,terminal_NH2_F0_HF,surface,0.0,0.0
450.0,1.4000000000000001,terminal_NH2_F1_HF,surface,0.0,0.0
450.0,1.4000000000000001,terminal_NH2_F2_HF,surface,0.34375,0.00034375
450.0,1.4000000000000001,terminal_NH2_F3_HF,surface,6.640625,0.006640625
450.0,1.4000000000000001,Si_H_rich_F0,surface,95.2265625,0.0952265625
450.0,1.4000000000000001,Si_H_rich_F1,surface,0.0,0.0
450.0,1.4000000000000001,Si_H_rich_F2,surface,0.0,0.0
450.0,1.4000000000000001,Si_H_rich_F3,surface,0.0,0.0
450.0,1.4000000000000001,Si_H_rich_residual,surface,0.0,0.0
450.0,1.4000000000000001,Si_H_rich_F0_HF,surface,4.7734375,0.0047734375
450.0,1.4000000000000001,Si_H_rich_F1_HF,surface,0.0,0.0
450.0,1.4000000000000001,Si_H_rich_F2_HF,surface,0.0,0.0
450.0,1.4000000000000001,Si_H_rich_F3_HF,surface,0.0,0.0
450.0,1.4000000000000001,bridge_N_F0,surface,0.171875,0.000171875
450.0,1.4000000000000001,bridge_N_F1,surface,1.0234375,0.0010234375
450.0,1.4000000000000001,bridge_N_F2,surface,19.453125,0.019453125
450.0,1.4000000000000001,bridge_N_F3,surface,122.3671875,0.1223671875
450.0,1.4000000000000001,bridge_N_residual,surface,0.0,0.0
450.0,1.4000000000000001,bridge_N_F0_HF,surface,0.0,0.0
450.0,1.4000000000000001,bridge_N_F1_HF,surface,0.0,0.0
450.0,1.4000000000000001,bridge_N_F2_HF,surface,0.6015625,0.0006015625
450.0,1.4000000000000001,bridge_N_F3_HF,surface,6.3828125,0.0063828125
450.0,1.4000000000000001,pre_SiH2F,surface,0.1796875,0.0001796875
450.0,1.4000000000000001,pre_SiH2F_HF,surface,0.0,0.0
450.0,1.4000000000000001,pre_SiH2F_residual,surface,99.8203125,0.0998203125
450.0,1.4000000000000001,pre_SiHF2,surface,34.875,0.034875
450.0,1.4000000000000001,pre_SiHF2_HF,surface,1.40625,0.00140625
450.0,1.4000000000000001,pre_SiHF2_residual,surface,63.71875,0.06371875
450.0,1.4000000000000001,Si_Si_F1,surface,0.171875,0.000171875
450.0,1.4000000000000001,Si_Si_F1_HF,surface,0.0,0.0
450.0,1.4000000000000001,Si_Si_cleaved_F2_H,surface,99.828125,0.099828125
450.0,1.4000000000000001,HF,reservoir_net,-2305.2265625,-2.3052265625
450.0,1.4000000000000001,H2,gas_product,0.0,0.0
450.0,1.4000000000000001,NH3,gas_product,435.328125,0.435328125
450.0,1.4000000000000001,SiF4,gas_product,272.3359375,0.2723359375
450.0,1.4000000000000001,SiH2F2,gas_product,99.8203125,0.0998203125
450.0,1.4000000000000001,SiHF3,gas_product,63.71875,0.06371875
450.0,1.4500000000000002,bridge_NH_F0,surface,0.2109375,0.0002109375
450.0,1.4500000000000002,bridge_NH_F1,surface,2.046875,0.002046875
450.0,1.4500000000000002,bridge_NH_F2,surface,6.3203125,0.0063203125
450.0,1.4500000000000002,bridge_NH_F3,surface,14.890625,0.014890625
450.0,1.4500000000000002,bridge_NH_residual,surface,276.53125,0.27653125
450.0,1.4500000000000002,bridge_NH_F0_HF,surface,0.0,0.0
450.0,1.4500000000000002,bridge_NH_F1_HF,surface,0.0,0.0
450.0,1.4500000000000002,bridge_NH_F2_HF,surface,0.0,0.0
450.0,1.4500000000000002,bridge_NH_F3_HF,surface,0.0,0.0
450.0,1.4500000000000002,terminal_NH2_F0,surface,0.1171875,0.0001171875
450.0,1.4500000000000002,terminal_NH2_F1,surface,0.953125,0.000953125
450.0,1.4500000000000002,terminal_NH2_F2,surface,10.15625,0.01015625
450.0,1.4500000000000002,terminal_NH2_F3,surface,132.015625,0.132015625
450.0,1.4500000000000002,terminal_NH2_residual,surface,0.0,0.0
450.0,1.4500000000000002,terminal_NH2_F0_HF,surface,0.0,0.0
450.0,1.4500000000000002,terminal_NH2_F1_HF,surface,0.0,0.0
450.0,1.4500000000000002,terminal_NH2_F2_HF,surface,0.234375,0.000234375
450.0,1.4500000000000002,terminal_NH2_F3_HF,surface,6.5234375,0.0065234375
450.0,1.4500000000000002,Si_H_rich_F0,surface,95.1640625,0.0951640625
450.0,1.4500000000000002,Si_H_rich_F1,surface,0.0,0.0
450.0,1.4500000000000002,Si_H_rich_F2,surface,0.0,0.0
450.0,1.4500000000000002,Si_H_rich_F3,surface,0.0,0.0
450.0,1.4500000000000002,Si_H_rich_residual,surface,0.0,0.0
450.0,1.4500000000000002,Si_H_rich_F0_HF,surface,4.8359375,0.0048359375
450.0,1.4500000000000002,Si_H_rich_F1_HF,surface,0.0,0.0
450.0,1.4500000000000002,Si_H_rich_F2_HF,surface,0.0,0.0
450.0,1.4500000000000002,Si_H_rich_F3_HF,surface,0.0,0.0
450.0,1.4500000000000002,bridge_N_F0,surface,0.1328125,0.0001328125
450.0,1.4500000000000002,bridge_N_F1,surface,0.875,0.000875
450.0,1.4500000000000002,bridge_N_F2,surface,17.59375,0.01759375
450.0,1.4500000000000002,bridge_N_F3,surface,124.6171875,0.1246171875
450.0,1.4500000000000002,bridge_N_residual,surface,0.0,0.0
450.0,1.4500000000000002,bridge_N_F0_HF,surface,0.0,0.0
450.0,1.4500000000000002,bridge_N_F1_HF,surface,0.0,0.0
450.0,1.4500000000000002,bridge_N_F2_HF,surface,0.46875,0.00046875
450.0,1.4500000000000002,bridge_N_F3_HF,surface,6.3125,0.0063125
450.0,1.4500000000000002,pre_SiH2F,surface,0.109375,0.000109375
450.0,1.4500000000000002,pre_SiH2F_HF,surface,0.0,0.0
450.0,1.4500000000000002,pre_SiH2F_residual,surface,99.890625,0.099890625
450.0,1.4500000000000002,pre_SiHF2,surface,33.5546875,0.0335546875
450.0,1.4500000000000002,pre_SiHF2_HF,surface,1.546875,0.001546875
450.0,1.4500000000000002,pre_SiHF2_residual,surface,64.8984375,0.0648984375
450.0,1.4500000000000002,Si_Si_F1,surface,0.1328125,0.0001328125
450.0,1.4500000000000002,Si_Si_F1_HF,surface,0.0078125,7.8125e-06
450.0,1.4500000000000002,Si_Si_cleaved_F2_H,surface,99.859375,0.099859375
450.0,1.4500000000000002,HF,reservoir_net,-2317.203125,-2.317203125
450.0,1.4500000000000002,H2,gas_product,0.0,0.0
450.0,1.4500000000000002,NH3,gas_product,437.3515625,0.4373515625
450.0,1.4500000000000002,SiF4,gas_product,276.53125,0.27653125
450.0,1.4500000000000002,SiH2F2,gas_product,99.890625,0.099890625
450.0,1.4500000000000002,SiHF3,gas_product,64.8984375,0.0648984375
450.0,1.5,bridge_NH_F0,surface,0.1171875,0.0001171875
450.0,1.5,bridge_NH_F1,surface,1.6953125,0.0016953125
450.0,1.5,bridge_NH_F2,surface,5.2421875,0.0052421875
450.0,1.5,bridge_NH_F3,surface,13.125,0.013125
450.0,1.5,bridge_NH_residual,surface,279.8125,0.2798125
450.0,1.5,bridge_NH_F0_HF,surface,0.0,0.0
450.0,1.5,bridge_NH_F1_HF,surface,0.0,0.0
450.0,1.5,bridge_NH_F2_HF,surface,0.0078125,7.8125e-06
450.0,1.5,bridge_NH_F3_HF,surface,0.0,0.0
450.0,1.5,terminal_NH2_F0,surface,0.09375,9.375e-05
450.0,1.5,terminal_NH2_F1,surface,0.7578125,0.0007578125
450.0,1.5,terminal_NH2_F2,surface,9.0859375,0.0090859375
450.0,1.5,terminal_NH2_F3,surface,133.3203125,0.1333203125
450.0,1.5,terminal_NH2_residual,surface,0.0,0.0
450.0,1.5,terminal_NH2_F0_HF,surface,0.0,0.0
450.0,1.5,terminal_NH2_F1_HF,surface,0.0,0.0
450.0,1.5,terminal_NH2_F2_HF,surface,0.171875,0.000171875
450.0,1.5,terminal_NH2_F3_HF,surface,6.5703125,0.0065703125
450.0,1.5,Si_H_rich_F0,surface,95.515625,0.095515625
450.0,1.5,Si_H_rich_F1,surface,0.0,0.0
450.0,1.5,Si_H_rich_F2,surface,0.0,0.0
450.0,1.5,Si_H_rich_F3,surface,0.0,0.0
450.0,1.5,Si_H_rich_residual,surface,0.0,0.0
450.0,1.5,Si_H_rich_F0_HF,surface,4.484375,0.004484375
450.0,1.5,Si_H_rich_F1_HF,surface,0.0,0.0
450.0,1.5,Si_H_rich_F2_HF,surface,0.0,0.0
450.0,1.5,Si_H_rich_F3_HF,surface,0.0,0.0
450.0,1.5,bridge_N_F0,surface,0.0859375,8.59375e-05
450.0,1.5,bridge_N_F1,surface,0.703125,0.000703125
450.0,1.5,bridge_N_F2,surface,16.078125,0.016078125
450.0,1.5,bridge_N_F3,surface,126.3515625,0.1263515625
450.0,1.5,bridge_N_residual,surface,0.0,0.0
450.0,1.5,bridge_N_F0_HF,surface,0.0,0.0
450.0,1.5,bridge_N_F1_HF,surface,0.0,0.0
450.0,1.5,bridge_N_F2_HF,surface,0.3984375,0.0003984375
450.0,1.5,bridge_N_F3_HF,surface,6.3828125,0.0063828125
450.0,1.5,pre_SiH2F,surface,0.078125,7.8125e-05
450.0,1.5,pre_SiH2F_HF,surface,0.0,0.0
450.0,1.5,pre_SiH2F_residual,surface,99.921875,0.099921875
450.0,1.5,pre_SiHF2,surface,32.4609375,0.0324609375
450.0,1.5,pre_SiHF2_HF,surface,1.390625,0.001390625
450.0,1.5,pre_SiHF2_residual,surface,66.1484375,0.0661484375
450.0,1.5,Si_Si_F1,surface,0.1015625,0.0001015625
450.0,1.5,Si_Si_F1_HF,surface,0.0,0.0
450.0,1.5,Si_Si_cleaved_F2_H,surface,99.8984375,0.0998984375
450.0,1.5,HF,reservoir_net,-2327.0,-2.327
450.0,1.5,H2,gas_product,0.0,0.0
450.0,1.5,NH3,gas_product,438.9453125,0.4389453125
450.0,1.5,SiF4,gas_product,279.8125,0.2798125
450.0,1.5,SiH2F2,gas_product,99.921875,0.099921875
450.0,1.5,SiHF3,gas_product,66.1484375,0.0661484375
450.0,1.55,bridge_NH_F0,surface,0.109375,0.000109375
450.0,1.55,bridge_NH_F1,surface,1.3203125,0.0013203125
450.0,1.55,bridge_NH_F2,surface,4.3359375,0.0043359375
450.0,1.55,bridge_NH_F3,surface,11.4296875,0.0114296875
450.0,1.55,bridge_NH_residual,surface,282.78125,0.28278125
450.0,1.55,bridge_NH_F0_HF,surface,0.0,0.0
450.0,1.55,bridge_NH_F1_HF,surface,0.0234375,2.34375e-05
450.0,1.55,bridge_NH_F2_HF,surface,0.0,0.0
450.0,1.55,bridge_NH_F3_HF,surface,0.0,0.0
450.0,1.55,terminal_NH2_F0,surface,0.078125,7.8125e-05
450.0,1.55,terminal_NH2_F1,surface,0.609375,0.000609375
450.0,1.55,terminal_NH2_F2,surface,8.1796875,0.0081796875
450.0,1.55,terminal_NH2_F3,surface,134.609375,0.134609375
450.0,1.55,terminal_NH2_residual,surface,0.0,0.0
450.0,1.55,terminal_NH2_F0_HF,surface,0.0,0.0
450.0,1.55,terminal_NH2_F1_HF,surface,0.0,0.0
450.0,1.55,terminal_NH2_F2_HF,surface,0.1640625,0.0001640625
450.0,1.55,terminal_NH2_F3_HF,surface,6.359375,0.006359375
450.0,1.55,Si_H_rich_F0,surface,94.8984375,0.0948984375
450.0,1.55,Si_H_rich_F1,surface,0.0,0.0
450.0,1.55,Si_H_rich_F2,surface,0.0,0.0
450.0,1.55,Si_H_rich_F3,surface,0.0,0.0
450.0,1.55,Si_H_rich_residual,surface,0.0,0.0
450.0,1.55,Si_H_rich_F0_HF,surface,5.1015625,0.0051015625
450.0,1.55,Si_H_rich_F1_HF,surface,0.0,0.0
450.0,1.55,Si_H_rich_F2_HF,surface,0.0,0.0
450.0,1.55,Si_H_rich_F3_HF,surface,0.0,0.0
450.0,1.55,bridge_N_F0,surface,0.0859375,8.59375e-05
450.0,1.55,bridge_N_F1,surface,0.5625,0.0005625
450.0,1.55,bridge_N_F2,surface,14.484375,0.014484375
450.0,1.55,bridge_N_F3,surface,127.8828125,0.1278828125
450.0,1.55,bridge_N_residual,surface,0.0,0.0
450.0,1.55,bridge_N_F0_HF,surface,0.0,0.0
450.0,1.55,bridge_N_F1_HF,surface,0.0,0.0
450.0,1.55,bridge_N_F2_HF,surface,0.4765625,0.0004765625
450.0,1.55,bridge_N_F3_HF,surface,6.5078125,0.0065078125
450.0,1.55,pre_SiH2F,surface,0.0546875,5.46875e-05
450.0,1.55,pre_SiH2F_HF,surface,0.0,0.0
450.0,1.55,pre_SiH2F_residual,surface,99.9453125,0.0999453125
450.0,1.55,pre_SiHF2,surface,31.3203125,0.0313203125
450.0,1.55,pre_SiHF2_HF,surface,1.28125,0.00128125
450.0,1.55,pre_SiHF2_residual,surface,67.3984375,0.0673984375
450.0,1.55,Si_Si_F1,surface,0.0859375,8.59375e-05
450.0,1.55,Si_Si_F1_HF,surface,0.0,0.0
450.0,1.55,Si_Si_cleaved_F2_H,surface,99.9140625,0.0999140625
450.0,1.55,HF,reservoir_net,-2336.4609375,-2.3364609375
450.0,1.55,H2,gas_product,0.0,0.0
450.0,1.55,NH3,gas_product,440.203125,0.440203125
450.0,1.55,SiF4,gas_product,282.78125,0.28278125
450.0,1.55,SiH2F2,gas_product,99.9453125,0.0999453125
450.0,1.55,SiHF3,gas_product,67.3984375,0.0673984375
450.0,1.6,bridge_NH_F0,surface,0.078125,7.8125e-05
450.0,1.6,bridge_NH_F1,surface,1.0546875,0.0010546875
450.0,1.6,bridge_NH_F2,surface,3.6875,0.0036875
450.0,1.6,bridge_NH_F3,surface,9.859375,0.009859375
450.0,1.6,bridge_NH_residual,surface,285.3203125,0.2853203125
450.0,1.6,bridge_NH_F0_HF,surface,0.0,0.0
450.0,1.6,bridge_NH_F1_HF,surface,0.0,0.0
450.0,1.6,bridge_NH_F2_HF,surface,0.0,0.0
450.0,1.6,bridge_NH_F3_HF,surface,0.0,0.0
450.0,1.6,terminal_NH2_F0,surface,0.0546875,5.46875e-05
450.0,1.6,terminal_NH2_F1,surface,0.53125,0.00053125
450.0,1.6,terminal_NH2_F2,surface,7.1875,0.0071875
450.0,1.6,terminal_NH2_F3,surface,135.609375,0.135609375
450.0,1.6,terminal_NH2_residual,surface,0.0,0.0
450.0,1.6,terminal_NH2_F0_HF,surface,0.0,0.0
450.0,1.6,terminal_NH2_F1_HF,surface,0.0,0.0
450.0,1.6,terminal_NH2_F2_HF,surface,0.09375,9.375e-05
450.0,1.6,terminal_NH2_F3_HF,surface,6.5234375,0.0065234375
450.0,1.6,Si_H_rich_F0,surface,95.1328125,0.0951328125
450.0,1.6,Si_H_rich_F1,surface,0.0,0.0
450.0,1.6,Si_H_rich_F2,surface,0.0,0.0
450.0,1.6,Si_H_rich_F3,surface,0.0,0.0
450.0,1.6,Si_H_rich_residual,surface,0.0,0.0
450.0,1.6,Si_H_rich_F0_HF,surface,4.8671875,0.0048671875
450.0,1.6,Si_H_rich_F1_HF,surface,0.0,0.0
450.0,1.6,Si_H_rich_F2_HF,surface,0.0,0.0
450.0,1.6,Si_H_rich_F3_HF,surface,0.0,0.0
450.0,1.6,bridge_N_F0,surface,0.0625,6.25e-05
450.0,1.6,bridge_N_F1,surface,0.4609375,0.0004609375
450.0,1.6,bridge_N_F2,surface,12.953125,0.012953125
450.0,1.6,bridge_N_F3,surface,129.8671875,0.1298671875
450.0,1.6,bridge_N_residual,surface,0.0,0.0
450.0,1.6,bridge_N_F0_HF,surface,0.0,0.0
450.0,1.6,bridge_N_F1_HF,surface,0.0,0.0
450.0,1.6,bridge_N_F2_HF,surface,0.3203125,0.0003203125
450.0,1.6,bridge_N_F3_HF,surface,6.3359375,0.0063359375
450.0,1.6,pre_SiH2F,surface,0.046875,4.6875e-05
450.0,1.6,pre_SiH2F_HF,surface,0.0,0.0
450.0,1.6,pre_SiH2F_residual,surface,99.953125,0.099953125
450.0,1.6,pre_SiHF2,surface,30.1484375,0.0301484375
450.0,1.6,pre_SiHF2_HF,surface,1.2109375,0.0012109375
450.0,1.6,pre_SiHF2_residual,surface,68.640625,0.068640625
450.0,1.6,Si_Si_F1,surface,0.0703125,7.03125e-05
450.0,1.6,Si_Si_F1_HF,surface,0.0,0.0
450.0,1.6,Si_Si_cleaved_F2_H,surface,99.9296875,0.0999296875
450.0,1.6,HF,reservoir_net,-2344.2734375,-2.3442734375
450.0,1.6,H2,gas_product,0.0,0.0
450.0,1.6,NH3,gas_product,441.4921875,0.4414921875
450.0,1.6,SiF4,gas_product,285.3203125,0.2853203125
450.0,1.6,SiH2F2,gas_product,99.953125,0.099953125
450.0,1.6,SiHF3,gas_product,68.640625,0.068640625
450.0,1.6500000000000001,bridge_NH_F0,surface,0.0546875,5.46875e-05
450.0,1.6500000000000001,bridge_NH_F1,surface,0.8515625,0.0008515625
450.0,1.6500000000000001,bridge_NH_F2,surface,3.1953125,0.0031953125
450.0,1.6500000000000001,bridge_NH_F3,surface,8.53125,0.00853125
450.0,1.6500000000000001,bridge_NH_residual,surface,287.3671875,0.2873671875
450.0,1.6500000000000001,bridge_NH_F0_HF,surface,0.0,0.0
450.0,1.6500000000000001,bridge_NH_F1_HF,surface,0.0,0.0
450.0,1.6500000000000001,bridge_NH_F2_HF,surface,0.0,0.0
450.0,1.6500000000000001,bridge_NH_F3_HF,surface,0.0,0.0
450.0,1.6500000000000001,terminal_NH2_F0,surface,0.046875,4.6875e-05
450.0,1.6500000000000001,terminal_NH2_F1,surface,0.4296875,0.0004296875
450.0,1.6500000000000001,terminal_NH2_F2,surface,6.2578125,0.0062578125
450.0,1.6500000000000001,terminal_NH2_F3,surface,136.265625,0.136265625
450.0,1.6500000000000001,terminal_NH2_residual,surface,0.0,0.0
450.0,1.6500000000000001,terminal_NH2_F0_HF,surface,0.0,0.0
450.0,1.6500000000000001,terminal_NH2_F1_HF,surface,0.0,0.0
450.0,1.6500000000000001,terminal_NH2_F2_HF,surface,0.078125,7.8125e-05
450.0,1.6500000000000001,terminal_NH2_F3_HF,surface,6.921875,0.006921875
450.0,1.6500000000000001,Si_H_rich_F0,surface,94.8359375,0.0948359375
450.0,1.6500000000000001,Si_H_rich_F1,surface,0.0,0.0
450.0,1.6500000000000001,Si_H_rich_F2,surface,0.0,0.0
450.0,1.6500000000000001,Si_H_rich_F3,surface,0.0,0.0
450.0,1.6500000000000001,Si_H_rich_residual,surface,0.0,0.0
450.0,1.6500000000000001,Si_H_rich_F0_HF,surface,5.1640625,0.0051640625
450.0,1.6500000000000001,Si_H_rich_F1_HF,surface,0.0,0.0
450.0,1.6500000000000001,Si_H_rich_F2_HF,surface,0.0,0.0
450.0,1.6500000000000001,Si_H_rich_F3_HF,surface,0.0,0.0
450.0,1.6500000000000001,bridge_N_F0,surface,0.0546875,5.46875e-05
450.0,1.6500000000000001,bridge_N_F1,surface,0.390625,0.000390625
450.0,1.6500000000000001,bridge_N_F2,surface,11.4140625,0.0114140625
450.0,1.6500000000000001,bridge_N_F3,surface,131.40625,0.13140625
450.0,1.6500000000000001,bridge_N_residual,surface,0.0,0.0
450.0,1.6500000000000001,bridge_N_F0_HF,surface,0.0,0.0
450.0,1.6500000000000001,bridge_N_F1_HF,surface,0.0,0.0
450.0,1.6500000000000001,bridge_N_F2_HF,surface,0.21875,0.00021875
450.0,1.6500000000000001,bridge_N_F3_HF,surface,6.515625,0.006515625
450.0,1.6500000000000001,pre_SiH2F,surface,0.0234375,2.34375e-05
450.0,1.6500000000000001,pre_SiH2F_HF,surface,0.0,0.0
450.0,1.6500000000000001,pre_SiH2F_residual,surface,99.9765625,0.0999765625
450.0,1.6500000000000001,pre_SiHF2,surface,29.0546875,0.0290546875
450.0,1.6500000000000001,pre_SiHF2_HF,surface,1.2421875,0.0012421875
450.0,1.6500000000000001,pre_SiHF2_residual,surface,69.703125,0.069703125
450.0,1.6500000000000001,Si_Si_F1,surface,0.0546875,5.46875e-05
450.0,1.6500000000000001,Si_Si_F1_HF,surface,0.0,0.0
450.0,1.6500000000000001,Si_Si_cleaved_F2_H,surface,99.9453125,0.0999453125
450.0,1.6500000000000001,HF,reservoir_net,-2352.15625,-2.35215625
450.0,1.6500000000000001,H2,gas_product,0.0,0.0
450.0,1.6500000000000001,NH3,gas_product,442.6640625,0.4426640625
450.0,1.6500000000000001,SiF4,gas_product,287.3671875,0.2873671875
450.0,1.6500000000000001,SiH2F2,gas_product,99.9765625,0.0999765625
450.0,1.6500000000000001,SiHF3,gas_product,69.703125,0.069703125
450.0,1.7000000000000002,bridge_NH_F0,surface,0.046875,4.6875e-05
450.0,1.7000000000000002,bridge_NH_F1,surface,0.6484375,0.0006484375
450.0,1.7000000000000002,bridge_NH_F2,surface,2.578125,0.002578125
450.0,1.7000000000000002,bridge_NH_F3,surface,7.4375,0.0074375
450.0,1.7000000000000002,bridge_NH_residual,surface,289.28125,0.28928125
450.0,1.7000000000000002,bridge_NH_F0_HF,surface,0.0,0.0
450.0,1.7000000000000002,bridge_NH_F1_HF,surface,0.0078125,7.8125e-06
450.0,1.7000000000000002,bridge_NH_F2_HF,surface,0.0,0.0
450.0,1.7000000000000002,bridge_NH_F3_HF,surface,0.0,0.0
450.0,1.7000000000000002,terminal_NH2_F0,surface,0.0390625,3.90625e-05
450.0,1.7000000000000002,terminal_NH2_F1,surface,0.3515625,0.0003515625
450.0,1.7000000000000002,terminal_NH2_F2,surface,5.640625,0.005640625
450.0,1.7000000000000002,terminal_NH2_F3,surface,137.25,0.13725
450.0,1.7000000000000002,terminal_NH2_residual,surface,0.0,0.0
450.0,1.7000000000000002,terminal_NH2_F0_HF,surface,0.0,0.0
450.0,1.7000000000000002,terminal_NH2_F1_HF,surface,0.0,0.0
450.0,1.7000000000000002,terminal_NH2_F2_HF,surface,0.078125,7.8125e-05
450.0,1.7000000000000002,terminal_NH2_F3_HF,surface,6.640625,0.006640625
450.0,1.7000000000000002,Si_H_rich_F0,surface,95.40625,0.09540625
450.0,1.7000000000000002,Si_H_rich_F1,surface,0.0,0.0
450.0,1.7000000000000002,Si_H_rich_F2,surface,0.0,0.0
450.0,1.7000000000000002,Si_H_rich_F3,surface,0.0,0.0
450.0,1.7000000000000002,Si_H_rich_residual,surface,0.0,0.0
450.0,1.7000000000000002,Si_H_rich_F0_HF,surface,4.59375,0.00459375
450.0,1.7000000000000002,Si_H_rich_F1_HF,surface,0.0,0.0
450.0,1.7000000000000002,Si_H_rich_F2_HF,surface,0.0,0.0
450.0,1.7000000000000002,Si_H_rich_F3_HF,surface,0.0,0.0
450.0,1.7000000000000002,bridge_N_F0,surface,0.03125,3.125e-05
450.0,1.7000000000000002,bridge_N_F1,surface,0.3515625,0.0003515625
450.0,1.7000000000000002,bridge_N_F2,surface,10.234375,0.010234375
450.0,1.7000000000000002,bridge_N_F3,surface,132.9921875,0.1329921875
450.0,1.7000000000000002,bridge_N_residual,surface,0.0,0.0
450.0,1.7000000000000002,bridge_N_F0_HF,surface,0.0,0.0
450.0,1.7000000000000002,bridge_N_F1_HF,surface,0.0,0.0
450.0,1.7000000000000002,bridge_N_F2_HF,surface,0.1484375,0.0001484375
450.0,1.7000000000000002,bridge_N_F3_HF,surface,6.2421875,0.0062421875
450.0,1.7000000000000002,pre_SiH2F,surface,0.015625,1.5625e-05
450.0,1.7000000000000002,pre_SiH2F_HF,surface,0.0,0.0
450.0,1.7000000000000002,pre_SiH2F_residual,surface,99.984375,0.099984375
450.0,1.7000000000000002,pre_SiHF2,surface,28.2265625,0.0282265625
450.0,1.7000000000000002,pre_SiHF2_HF,surface,1.109375,0.001109375
450.0,1.7000000000000002,pre_SiHF2_residual,surface,70.6640625,0.0706640625
450.0,1.7000000000000002,Si_Si_F1,surface,0.0546875,5.46875e-05
450.0,1.7000000000000002,Si_Si_F1_HF,surface,0.0,0.0
450.0,1.7000000000000002,Si_Si_cleaved_F2_H,surface,99.9453125,0.0999453125
450.0,1.7000000000000002,HF,reservoir_net,-2356.9453125,-2.3569453125
450.0,1.7000000000000002,H2,gas_product,0.0,0.0
450.0,1.7000000000000002,NH3,gas_product,443.4609375,0.4434609375
450.0,1.7000000000000002,SiF4,gas_product,289.28125,0.28928125
450.0,1.7000000000000002,SiH2F2,gas_product,99.984375,0.099984375
450.0,1.7000000000000002,SiHF3,gas_product,70.6640625,0.0706640625
450.0,1.75,bridge_NH_F0,surface,0.0390625,3.90625e-05
450.0,1.75,bridge_NH_F1,surface,0.546875,0.000546875
450.0,1.75,bridge_NH_F2,surface,2.109375,0.002109375
450.0,1.75,bridge_NH_F3,surface,6.4296875,0.0064296875
450.0,1.75,bridge_NH_residual,surface,290.859375,0.290859375
450.0,1.75,bridge_NH_F0_HF,surface,0.0,0.0
450.0,1.75,bridge_NH_F1_HF,surface,0.0078125,7.8125e-06
450.0,1.75,bridge_NH_F2_HF,surface,0.0078125,7.8125e-06
450.0,1.75,bridge_NH_F3_HF,surface,0.0,0.0
450.0,1.75,terminal_NH2_F0,surface,0.0390625,3.90625e-05
450.0,1.75,terminal_NH2_F1,surface,0.265625,0.000265625
450.0,1.75,terminal_NH2_F2,surface,4.921875,0.004921875
450.0,1.75,terminal_NH2_F3,surface,137.703125,0.137703125
450.0,1.75,terminal_NH2_residual,surface,0.0,0.0
450.0,1.75,terminal_NH2_F0_HF,surface,0.0,0.0
450.0,1.75,terminal_NH2_F1_HF,surface,0.0,0.0
450.0,1.75,terminal_NH2_F2_HF,surface,0.0859375,8.59375e-05
450.0,1.75,terminal_NH2_F3_HF,surface,6.984375,0.006984375
450.0,1.75,Si_H_rich_F0,surface,94.828125,0.094828125
450.0,1.75,Si_H_rich_F1,surface,0.0,0.0
450.0,1.75,Si_H_rich_F2,surface,0.0,0.0
450.0,1.75,Si_H_rich_F3,surface,0.0,0.0
450.0,1.75,Si_H_rich_residual,surface,0.0,0.0
450.0,1.75,Si_H_rich_F0_HF,surface,5.171875,0.005171875
450.0,1.75,Si_H_rich_F1_HF,surface,0.0,0.0
450.0,1.75,Si_H_rich_F2_HF,surface,0.0,0.0
450.0,1.75,Si_H_rich_F3_HF,surface,0.0,0.0
450.0,1.75,bridge_N_F0,surface,0.015625,1.5625e-05
450.0,1.75,bridge_N_F1,surface,0.296875,0.000296875
450.0,1.75,bridge_N_F2,surface,9.171875,0.009171875
450.0,1.75,bridge_N_F3,surface,133.1484375,0.1331484375
450.0,1.75,bridge_N_residual,surface,0.0,0.0
450.0,1.75,bridge_N_F0_HF,surface,0.0,0.0
450.0,1.75,bridge_N_F1_HF,surface,0.0,0.0
450.0,1.75,bridge_N_F2_HF,surface,0.2890625,0.0002890625
450.0,1.75,bridge_N_F3_HF,surface,7.078125,0.007078125
450.0,1.75,pre_SiH2F,surface,0.0,0.0
450.0,1.75,pre_SiH2F_HF,surface,0.0,0.0
450.0,1.75,pre_SiH2F_residual,surface,100.0,0.1
450.0,1.75,pre_SiHF2,surface,27.125,0.027125
450.0,1.75,pre_SiHF2_HF,surface,1.328125,0.001328125
450.0,1.75,pre_SiHF2_residual,surface,71.546875,0.071546875
450.0,1.75,Si_Si_F1,surface,0.046875,4.6875e-05
450.0,1.75,Si_Si_F1_HF,surface,0.0,0.0
450.0,1.75,Si_Si_cleaved_F2_H,surface,99.953125,0.099953125
450.0,1.75,HF,reservoir_net,-2364.2109375,-2.3642109375
450.0,1.75,H2,gas_product,0.0,0.0
450.0,1.75,NH3,gas_product,444.34375,0.44434375
450.0,1.75,SiF4,gas_product,290.859375,0.290859375
450.0,1.75,SiH2F2,gas_product,100.0,0.1
450.0,1.75,SiHF3,gas_product,71.546875,0.071546875
450.0,1.8,bridge_NH_F0,surface,0.03125,3.125e-05
450.0,1.8,bridge_NH_F1,surface,0.40625,0.00040625
450.0,1.8,bridge_NH_F2,surface,1.828125,0.001828125
450.0,1.8,bridge_NH_F3,surface,5.5078125,0.0055078125
450.0,1.8,bridge_NH_residual,surface,292.2265625,0.2922265625
450.0,1.8,bridge_NH_F0_HF,surface,0.0,0.0
450.0,1.8,bridge_NH_F1_HF,surface,0.0,0.0
450.0,1.8,bridge_NH_F2_HF,surface,0.0,0.0
450.0,1.8,bridge_NH_F3_HF,surface,0.0,0.0
450.0,1.8,terminal_NH2_F0,surface,0.03125,3.125e-05
450.0,1.8,terminal_NH2_F1,surface,0.21875,0.00021875
450.0,1.8,terminal_NH2_F2,surface,4.1953125,0.0041953125
450.0,1.8,terminal_NH2_F3,surface,138.1875,0.1381875
450.0,1.8,terminal_NH2_residual,surface,0.0,0.0
450.0,1.8,terminal_NH2_F0_HF,surface,0.0,0.0
450.0,1.8,terminal_NH2_F1_HF,surface,0.0,0.0
450.0,1.8,terminal_NH2_F2_HF,surface,0.078125,7.8125e-05
450.0,1.8,terminal_NH2_F3_HF,surface,7.2890625,0.0072890625
450.0,1.8,Si_H_rich_F0,surface,94.9375,0.0949375
450.0,1.8,Si_H_rich_F1,surface,0.0,0.0
450.0,1.8,Si_H_rich_F2,surface,0.0,0.0
450.0,1.8,Si_H_rich_F3,surface,0.0,0.0
450.0,1.8,Si_H_rich_residual,surface,0.0,0.0
450.0,1.8,Si_H_rich_F0_HF,surface,5.0625,0.0050625
450.0,1.8,Si_H_rich_F1_HF,surface,0.0,0.0
450.0,1.8,Si_H_rich_F2_HF,surface,0.0,0.0
450.0,1.8,Si_H_rich_F3_HF,surface,0.0,0.0
450.0,1.8,bridge_N_F0,surface,0.015625,1.5625e-05
450.0,1.8,bridge_N_F1,surface,0.2265625,0.0002265625
450.0,1.8,bridge_N_F2,surface,8.3125,0.0083125
450.0,1.8,bridge_N_F3,surface,134.140625,0.134140625
450.0,1.8,bridge_N_residual,surface,0.0,0.0
450.0,1.8,bridge_N_F0_HF,surface,0.0,0.0
450.0,1.8,bridge_N_F1_HF,surface,0.0,0.0
450.0,1.8,bridge_N_F2_HF,surface,0.2578125,0.0002578125
450.0,1.8,bridge_N_F3_HF,surface,7.046875,0.007046875
450.0,1.8,pre_SiH2F,surface,0.0,0.0
450.0,1.8,pre_SiH2F_HF,surface,0.0,0.0
450.0,1.8,pre_SiH2F_residual,surface,100.0,0.1
450.0,1.8,pre_SiHF2,surface,26.4375,0.0264375
450.0,1.8,pre_SiHF2_HF,surface,1.0703125,0.0010703125
450.0,1.8,pre_SiHF2_residual,surface,72.4921875,0.0724921875
450.0,1.8,Si_Si_F1,surface,0.03125,3.125e-05
450.0,1.8,Si_Si_F1_HF,surface,0.0,0.0
450.0,1.8,Si_Si_cleaved_F2_H,surface,99.96875,0.09996875
450.0,1.8,HF,reservoir_net,-2368.8828125,-2.3688828125
450.0,1.8,H2,gas_product,0.0,0.0
450.0,1.8,NH3,gas_product,445.1953125,0.4451953125
450.0,1.8,SiF4,gas_product,292.2265625,0.2922265625
450.0,1.8,SiH2F2,gas_product,100.0,0.1
450.0,1.8,SiHF3,gas_product,72.4921875,0.0724921875
450.0,1.85,bridge_NH_F0,surface,0.03125,3.125e-05
450.0,1.85,bridge_NH_F1,surface,0.3125,0.0003125
450.0,1.85,bridge_NH_F2,surface,1.5546875,0.0015546875
450.0,1.85,bridge_NH_F3,surface,4.5546875,0.0045546875
450.0,1.85,bridge_NH_residual,surface,293.546875,0.293546875
450.0,1.85,bridge_NH_F0_HF,surface,0.0,0.0
450.0,1.85,bridge_NH_F1_HF,surface,0.0,0.0
450.0,1.85,bridge_NH_F2_HF,surface,0.0,0.0
450.0,1.85,bridge_NH_F3_HF,surface,0.0,0.0
450.0,1.85,terminal_NH2_F0,surface,0.0234375,2.34375e-05
450.0,1.85,terminal_NH2_F1,surface,0.15625,0.00015625
450.0,1.85,terminal_NH2_F2,surface,3.6171875,0.0036171875
450.0,1.85,terminal_NH2_F3,surface,139.1640625,0.1391640625
450.0,1.85,terminal_NH2_residual,surface,0.0,0.0
450.0,1.85,terminal_NH2_F0_HF,surface,0.0,0.0
450.0,1.85,terminal_NH2_F1_HF,surface,0.0,0.0
450.0,1.85,terminal_NH2_F2_HF,surface,0.09375,9.375e-05
450.0,1.85,terminal_NH2_F3_HF,surface,6.9453125,0.0069453125
450.0,1.85,Si_H_rich_F0,surface,95.0625,0.0950625
450.0,1.85,Si_H_rich_F1,surface,0.0,0.0
450.0,1.85,Si_H_rich_F2,surface,0.0,0.0
450.0,1.85,Si_H_rich_F3,surface,0.0,0.0
450.0,1.85,Si_H_rich_residual,surface,0.0,0.0
450.0,1.85,Si_H_rich_F0_HF,surface,4.9375,0.0049375
450.0,1.85,Si_H_rich_F1_HF,surface,0.0,0.0
450.0,1.85,Si_H_rich_F2_HF,surface,0.0,0.0
450.0,1.85,Si_H_rich_F3_HF,surface,0.0,0.0
450.0,1.85,bridge_N_F0,surface,0.015625,1.5625e-05
450.0,1.85,bridge_N_F1,surface,0.1640625,0.0001640625
450.0,1.85,bridge_N_F2,surface,7.28125,0.00728125
450.0,1.85,bridge_N_F3,surface,135.515625,0.135515625
450.0,1.85,bridge_N_residual,surface,0.0,0.0
450.0,1.85,bridge_N_F0_HF,surface,0.0,0.0
450.0,1.85,bridge_N_F1_HF,surface,0.0,0.0
450.0,1.85,bridge_N_F2_HF,surface,0.2578125,0.0002578125
450.0,1.85,bridge_N_F3_HF,surface,6.765625,0.006765625
450.0,1.85,pre_SiH2F,surface,0.0,0.0
450.0,1.85,pre_SiH2F_HF,surface,0.0,0.0
450.0,1.85,pre_SiH2F_residual,surface,100.0,0.1
450.0,1.85,pre_SiHF2,surface,25.390625,0.025390625
450.0,1.85,pre_SiHF2_HF,surface,1.15625,0.00115625
450.0,1.85,pre_SiHF2_residual,surface,73.453125,0.073453125
450.0,1.85,Si_Si_F1,surface,0.0234375,2.34375e-05
450.0,1.85,Si_Si_F1_HF,surface,0.0,0.0
450.0,1.85,Si_Si_cleaved_F2_H,surface,99.9765625,0.0999765625
450.0,1.85,HF,reservoir_net,-2372.8515625,-2.3728515625
450.0,1.85,H2,gas_product,0.0,0.0
450.0,1.85,NH3,gas_product,445.90625,0.44590625
450.0,1.85,SiF4,gas_product,293.546875,0.293546875
450.0,1.85,SiH2F2,gas_product,100.0,0.1
450.0,1.85,SiHF3,gas_product,73.453125,0.073453125
450.0,1.9000000000000001,bridge_NH_F0,surface,0.0234375,2.34375e-05
450.0,1.9000000000000001,bridge_NH_F1,surface,0.203125,0.000203125
450.0,1.9000000000000001,bridge_NH_F2,surface,1.3359375,0.0013359375
450.0,1.9000000000000001,bridge_NH_F3,surface,3.8125,0.0038125
450.0,1.9000000000000001,bridge_NH_residual,surface,294.625,0.294625
450.0,1.9000000000000001,bridge_NH_F0_HF,surface,0.0,0.0
450.0,1.9000000000000001,bridge_NH_F1_HF,surface,0.0,0.0
450.0,1.9000000000000001,bridge_NH_F2_HF,surface,0.0,0.0
450.0,1.9000000000000001,bridge_NH_F3_HF,surface,0.0,0.0
450.0,1.9000000000000001,terminal_NH2_F0,surface,0.0234375,2.34375e-05
450.0,1.9000000000000001,terminal_NH2_F1,surface,0.125,0.000125
450.0,1.9000000000000001,terminal_NH2_F2,surface,3.1875,0.0031875
450.0,1.9000000000000001,terminal_NH2_F3,surface,139.78125,0.13978125
450.0,1.9000000000000001,terminal_NH2_residual,surface,0.0,0.0
450.0,1.9000000000000001,terminal_NH2_F0_HF,surface,0.0,0.0
450.0,1.9000000000000001,terminal_NH2_F1_HF,surface,0.0,0.0
450.0,1.9000000000000001,terminal_NH2_F2_HF,surface,0.0859375,8.59375e-05
450.0,1.9000000000000001,terminal_NH2_F3_HF,surface,6.796875,0.006796875
450.0,1.9000000000000001,Si_H_rich_F0,surface,95.1015625,0.0951015625
450.0,1.9000000000000001,Si_H_rich_F1,surface,0.0,0.0
450.0,1.9000000000000001,Si_H_rich_F2,surface,0.0,0.0
450.0,1.9000000000000001,Si_H_rich_F3,surface,0.0,0.0
450.0,1.9000000000000001,Si_H_rich_residual,surface,0.0,0.0
450.0,1.9000000000000001,Si_H_rich_F0_HF,surface,4.8984375,0.0048984375
450.0,1.9000000000000001,Si_H_rich_F1_HF,surface,0.0,0.0
450.0,1.9000000000000001,Si_H_rich_F2_HF,surface,0.0,0.0
450.0,1.9000000000000001,Si_H_rich_F3_HF,surface,0.0,0.0
450.0,1.9000000000000001,bridge_N_F0,surface,0.0078125,7.8125e-06
450.0,1.9000000000000001,bridge_N_F1,surface,0.1484375,0.0001484375
450.0,1.9000000000000001,bridge_N_F2,surface,6.4296875,0.0064296875
450.0,1.9000000000000001,bridge_N_F3,surface,136.328125,0.136328125
450.0,1.9000000000000001,bridge_N_residual,surface,0.0,0.0
450.0,1.9000000000000001,bridge_N_F0_HF,surface,0.0,0.0
450.0,1.9000000000000001,bridge_N_F1_HF,surface,0.0,0.0
450.0,1.9000000000000001,bridge_N_F2_HF,surface,0.203125,0.000203125
450.0,1.9000000000000001,bridge_N_F3_HF,surface,6.8828125,0.0068828125
450.0,1.9000000000000001,pre_SiH2F,surface,0.0,0.0
450.0,1.9000000000000001,pre_SiH2F_HF,surface,0.0,0.0
450.0,1.9000000000000001,pre_SiH2F_residual,surface,100.0,0.1
450.0,1.9000000000000001,pre_SiHF2,surface,24.6328125,0.0246328125
450.0,1.9000000000000001,pre_SiHF2_HF,surface,0.96875,0.00096875
450.0,1.9000000000000001,pre_SiHF2_residual,surface,74.3984375,0.0743984375
450.0,1.9000000000000001,Si_Si_F1,surface,0.015625,1.5625e-05
450.0,1.9000000000000001,Si_Si_F1_HF,surface,0.0,0.0
450.0,1.9000000000000001,Si_Si_cleaved_F2_H,surface,99.984375,0.099984375
450.0,1.9000000000000001,HF,reservoir_net,-2376.484375,-2.376484375
450.0,1.9000000000000001,H2,gas_product,0.0,0.0
450.0,1.9000000000000001,NH3,gas_product,446.40625,0.44640625
450.0,1.9000000000000001,SiF4,gas_product,294.625,0.294625
450.0,1.9000000000000001,SiH2F2,gas_product,100.0,0.1
450.0,1.9000000000000001,SiHF3,gas_product,74.3984375,0.0743984375
450.0,1.9500000000000002,bridge_NH_F0,surface,0.0234375,2.34375e-05
450.0,1.9500000000000002,bridge_NH_F1,surface,0.1484375,0.0001484375
450.0,1.9500000000000002,bridge_NH_F2,surface,1.203125,0.001203125
450.0,1.9500000000000002,bridge_NH_F3,surface,3.09375,0.00309375
450.0,1.9500000000000002,bridge_NH_residual,surface,295.53125,0.29553125
450.0,1.9500000000000002,bridge_NH_F0_HF,surface,0.0,0.0
450.0,1.9500000000000002,bridge_NH_F1_HF,surface,0.0,0.0
450.0,1.9500000000000002,bridge_NH_F2_HF,surface,0.0,0.0
450.0,1.9500000000000002,bridge_NH_F3_HF,surface,0.0,0.0
450.0,1.9500000000000002,terminal_NH2_F0,surface,0.015625,1.5625e-05
450.0,1.9500000000000002,terminal_NH2_F1,surface,0.109375,0.000109375
450.0,1.9500000000000002,terminal_NH2_F2,surface,2.875,0.002875
450.0,1.9500000000000002,terminal_NH2_F3,surface,140.125,0.140125
450.0,1.9500000000000002,terminal_NH2_residual,surface,0.0,0.0
450.0,1.9500000000000002,terminal_NH2_F0_HF,surface,0.0,0.0
450.0,1.9500000000000002,terminal_NH2_F1_HF,surface,0.0,0.0
450.0,1.9500000000000002,terminal_NH2_F2_HF,surface,0.0703125,7.03125e-05
450.0,1.9500000000000002,terminal_NH2_F3_HF,surface,6.8046875,0.0068046875
450.0,1.9500000000000002,Si_H_rich_F0,surface,94.9921875,0.0949921875
450.0,1.9500000000000002,Si_H_rich_F1,surface,0.0,0.0
450.0,1.9500000000000002,Si_H_rich_F2,surface,0.0,0.0
450.0,1.9500000000000002,Si_H_rich_F3,surface,0.0,0.0
450.0,1.9500000000000002,Si_H_rich_residual,surface,0.0,0.0
450.0,1.9500000000000002,Si_H_rich_F0_HF,surface,5.0078125,0.0050078125
450.0,1.9500000000000002,Si_H_rich_F1_HF,surface,0.0,0.0
450.0,1.9500000000000002,Si_H_rich_F2_HF,surface,0.0,0.0
450.0,1.9500000000000002,Si_H_rich_F3_HF,surface,0.0,0.0
450.0,1.9500000000000002,bridge_N_F0,surface,0.0,0.0
450.0,1.9500000000000002,bridge_N_F1,surface,0.1484375,0.0001484375
450.0,1.9500000000000002,bridge_N_F2,surface,5.7265625,0.0057265625
450.0,1.9500000000000002,bridge_N_F3,surface,137.3203125,0.1373203125
450.0,1.9500000000000002,bridge_N_residual,surface,0.0,0.0
450.0,1.9500000000000002,bridge_N_F0_HF,surface,0.0,0.0
450.0,1.9500000000000002,bridge_N_F1_HF,surface,0.0,0.0
450.0,1.9500000000000002,bridge_N_F2_HF,surface,0.1875,0.0001875
450.0,1.9500000000000002,bridge_N_F3_HF,surface,6.6171875,0.0066171875
450.0,1.9500000000000002,pre_SiH2F,surface,0.0,0.0
450.0,1.9500000000000002,pre_SiH2F_HF,surface,0.0,0.0
450.0,1.9500000000000002,pre_SiH2F_residual,surface,100.0,0.1
450.0,1.9500000000000002,pre_SiHF2,surface,23.6796875,0.0236796875
450.0,1.9500000000000002,pre_SiHF2_HF,surface,1.0625,0.0010625
450.0,1.9500000000000002,pre_SiHF2_residual,surface,75.2578125,0.0752578125
450.0,1.9500000000000002,Si_Si_F1,surface,0.015625,1.5625e-05
450.0,1.9500000000000002,Si_Si_F1_HF,surface,0.0,0.0
450.0,1.9500000000000002,Si_Si_cleaved_F2_H,surface,99.984375,0.099984375
450.0,1.9500000000000002,HF,reservoir_net,-2379.53125,-2.37953125
450.0,1.9500000000000002,H2,gas_product,0.0,0.0
450.0,1.9500000000000002,NH3,gas_product,446.7890625,0.4467890625
450.0,1.9500000000000002,SiF4,gas_product,295.53125,0.29553125
450.0,1.9500000000000002,SiH2F2,gas_product,100.0,0.1
450.0,1.9500000000000002,SiHF3,gas_product,75.2578125,0.0752578125
450.0,2.0,bridge_NH_F0,surface,0.015625,1.5625e-05
450.0,2.0,bridge_NH_F1,surface,0.1015625,0.0001015625
450.0,2.0,bridge_NH_F2,surface,0.9765625,0.0009765625
450.0,2.0,bridge_NH_F3,surface,2.765625,0.002765625
450.0,2.0,bridge_NH_residual,surface,296.140625,0.296140625
450.0,2.0,bridge_NH_F0_HF,surface,0.0,0.0
450.0,2.0,bridge_NH_F1_HF,surface,0.0,0.0
450.0,2.0,bridge_NH_F2_HF,surface,0.0,0.0
450.0,2.0,bridge_NH_F3_HF,surface,0.0,0.0
450.0,2.0,terminal_NH2_F0,surface,0.015625,1.5625e-05
450.0,2.0,terminal_NH2_F1,surface,0.0859375,8.59375e-05
450.0,2.0,terminal_NH2_F2,surface,2.5078125,0.0025078125
450.0,2.0,terminal_NH2_F3,surface,140.609375,0.140609375
450.0,2.0,terminal_NH2_residual,surface,0.0,0.0
450.0,2.0,terminal_NH2_F0_HF,surface,0.0,0.0
450.0,2.0,terminal_NH2_F1_HF,surface,0.0,0.0
450.0,2.0,terminal_NH2_F2_HF,surface,0.0390625,3.90625e-05
450.0,2.0,terminal_NH2_F3_HF,surface,6.7421875,0.0067421875
450.0,2.0,Si_H_rich_F0,surface,95.34375,0.09534375
450.0,2.0,Si_H_rich_F1,surface,0.0,0.0
450.0,2.0,Si_H_rich_F2,surface,0.0,0.0
450.0,2.0,Si_H_rich_F3,surface,0.0,0.0
450.0,2.0,Si_H_rich_residual,surface,0.0,0.0
450.0,2.0,Si_H_rich_F0_HF,surface,4.65625,0.00465625
450.0,2.0,Si_H_rich_F1_HF,surface,0.0,0.0
450.0,2.0,Si_H_rich_F2_HF,surface,0.0,0.0
450.0,2.0,Si_H_rich_F3_HF,surface,0.0,0.0
450.0,2.0,bridge_N_F0,surface,0.0,0.0
450.0,2.0,bridge_N_F1,surface,0.09375,9.375e-05
450.0,2.0,bridge_N_F2,surface,5.109375,0.005109375
450.0,2.0,bridge_N_F3,surface,137.921875,0.137921875
450.0,2.0,bridge_N_residual,surface,0.0,0.0
450.0,2.0,bridge_N_F0_HF,surface,0.0,0.0
450.0,2.0,bridge_N_F1_HF,surface,0.0,0.0
450.0,2.0,bridge_N_F2_HF,surface,0.21875,0.00021875
450.0,2.0,bridge_N_F3_HF,surface,6.65625,0.00665625
450.0,2.0,pre_SiH2F,surface,0.0,0.0
450.0,2.0,pre_SiH2F_HF,surface,0.0,0.0
450.0,2.0,pre_SiH2F_residual,surface,100.0,0.1
450.0,2.0,pre_SiHF2,surface,23.0078125,0.0230078125
450.0,2.0,pre_SiHF2_HF,surface,0.8671875,0.0008671875
450.0,2.0,pre_SiHF2_residual,surface,76.125,0.076125
450.0,2.0,Si_Si_F1,surface,0.0078125,7.8125e-06
450.0,2.0,Si_Si_F1_HF,surface,0.0,0.0
450.0,2.0,Si_Si_cleaved_F2_H,surface,99.9921875,0.0999921875
450.0,2.0,HF,reservoir_net,-2381.9296875,-2.3819296875
450.0,2.0,H2,gas_product,0.0,0.0
450.0,2.0,NH3,gas_product,447.234375,0.447234375
450.0,2.0,SiF4,gas_product,296.140625,0.296140625
450.0,2.0,SiH2F2,gas_product,100.0,0.1
450.0,2.0,SiHF3,gas_product,76.125,0.076125
450.0,2.0500000000000003,bridge_NH_F0,surface,0.015625,1.5625e-05
450.0,2.0500000000000003,bridge_NH_F1,surface,0.1015625,0.0001015625
450.0,2.0500000000000003,bridge_NH_F2,surface,0.9765625,0.0009765625
450.0,2.0500000000000003,bridge_NH_F3,surface,2.765625,0.002765625
450.0,2.0500000000000003,bridge_NH_residual,surface,296.140625,0.296140625
450.0,2.0500000000000003,bridge_NH_F0_HF,surface,0.0,0.0
450.0,2.0500000000000003,bridge_NH_F1_HF,surface,0.0,0.0
450.0,2.0500000000000003,bridge_NH_F2_HF,surface,0.0,0.0
450.0,2.0500000000000003,bridge_NH_F3_HF,surface,0.0,0.0
450.0,2.0500000000000003,terminal_NH2_F0,surface,0.015625,1.5625e-05
450.0,2.0500000000000003,terminal_NH2_F1,surface,0.0859375,8.59375e-05
450.0,2.0500000000000003,terminal_NH2_F2,surface,2.5234375,0.0025234375
450.0,2.0500000000000003,terminal_NH2_F3,surface,147.3515625,0.1473515625
450.0,2.0500000000000003,terminal_NH2_residual,surface,0.0,0.0
450.0,2.0500000000000003,terminal_NH2_F0_HF,surface,0.0,0.0
450.0,2.0500000000000003,terminal_NH2_F1_HF,surface,0.0,0.0
450.0,2.0500000000000003,terminal_NH2_F2_HF,surface,0.0,0.0
450.0,2.0500000000000003,terminal_NH2_F3_HF,surface,0.0234375,2.34375e-05
450.0,2.0500000000000003,Si_H_rich_F0,surface,99.9296875,0.0999296875
450.0,2.0500000000000003,Si_H_rich_F1,surface,0.0,0.0
450.0,2.0500000000000003,Si_H_rich_F2,surface,0.0,0.0
450.0,2.0500000000000003,Si_H_rich_F3,surface,0.0,0.0
450.0,2.0500000000000003,Si_H_rich_residual,surface,0.0,0.0
450.0,2.0500000000000003,Si_H_rich_F0_HF,surface,0.0703125,7.03125e-05
450.0,2.0500000000000003,Si_H_rich_F1_HF,surface,0.0,0.0
450.0,2.0500000000000003,Si_H_rich_F2_HF,surface,0.0,0.0
450.0,2.0500000000000003,Si_H_rich_F3_HF,surface,0.0,0.0
450.0,2.0500000000000003,bridge_N_F0,surface,0.0,0.0
450.0,2.0500000000000003,bridge_N_F1,surface,0.09375,9.375e-05
450.0,2.0500000000000003,bridge_N_F2,surface,5.21875,0.00521875
450.0,2.0500000000000003,bridge_N_F3,surface,144.6171875,0.1446171875
450.0,2.0500000000000003,bridge_N_residual,surface,0.0,0.0
450.0,2.0500000000000003,bridge_N_F0_HF,surface,0.0,0.0
450.0,2.0500000000000003,bridge_N_F1_HF,surface,0.0,0.0
450.0,2.0500000000000003,bridge_N_F2_HF,surface,0.0,0.0
450.0,2.0500000000000003,bridge_N_F3_HF,surface,0.0703125,7.03125e-05
450.0,2.0500000000000003,pre_SiH2F,surface,0.0,0.0
450.0,2.0500000000000003,pre_SiH2F_HF,surface,0.0,0.0
450.0,2.0500000000000003,pre_SiH2F_residual,surface,100.0,0.1
450.0,2.0500000000000003,pre_SiHF2,surface,23.734375,0.023734375
450.0,2.0500000000000003,pre_SiHF2_HF,surface,0.0,0.0
450.0,2.0500000000000003,pre_SiHF2_residual,surface,76.265625,0.076265625
450.0,2.0500000000000003,Si_Si_F1,surface,0.0078125,7.8125e-06
450.0,2.0500000000000003,Si_Si_F1_HF,surface,0.0,0.0
450.0,2.0500000000000003,Si_Si_cleaved_F2_H,surface,99.9921875,0.0999921875
450.0,2.0500000000000003,HF,reservoir_net,-2363.1875,-2.3631875
450.0,2.0500000000000003,H2,gas_product,0.0,0.0
450.0,2.0500000000000003,NH3,gas_product,447.2578125,0.4472578125
450.0,2.0500000000000003,SiF4,gas_product,296.140625,0.296140625
450.0,2.0500000000000003,SiH2F2,gas_product,100.0,0.1
450.0,2.0500000000000003,SiHF3,gas_product,76.265625,0.076265625
450.0,2.1,bridge_NH_F0,surface,0.015625,1.5625e-05
450.0,2.1,bridge_NH_F1,surface,0.1015625,0.0001015625
450.0,2.1,bridge_NH_F2,surface,0.9765625,0.0009765625
450.0,2.1,bridge_NH_F3,surface,2.765625,0.002765625
450.0,2.1,bridge_NH_residual,surface,296.140625,0.296140625
450.0,2.1,bridge_NH_F0_HF,surface,0.0,0.0
450.0,2.1,bridge_NH_F1_HF,surface,0.0,0.0
450.0,2.1,bridge_NH_F2_HF,surface,0.0,0.0
450.0,2.1,bridge_NH_F3_HF,surface,0.0,0.0
450.0,2.1,terminal_NH2_F0,surface,0.015625,1.5625e-05
450.0,2.1,terminal_NH2_F1,surface,0.0859375,8.59375e-05
450.0,2.1,terminal_NH2_F2,surface,2.5234375,0.0025234375
450.0,2.1,terminal_NH2_F3,surface,147.375,0.147375
450.0,2.1,terminal_NH2_residual,surface,0.0,0.0
450.0,2.1,terminal_NH2_F0_HF,surface,0.0,0.0
450.0,2.1,terminal_NH2_F1_HF,surface,0.0,0.0
450.0,2.1,terminal_NH2_F2_HF,surface,0.0,0.0
450.0,2.1,terminal_NH2_F3_HF,surface,0.0,0.0
450.0,2.1,Si_H_rich_F0,surface,100.0,0.1
450.0,2.1,Si_H_rich_F1,surface,0.0,0.0
450.0,2.1,Si_H_rich_F2,surface,0.0,0.0
450.0,2.1,Si_H_rich_F3,surface,0.0,0.0
450.0,2.1,Si_H_rich_residual,surface,0.0,0.0
450.0,2.1,Si_H_rich_F0_HF,surface,0.0,0.0
450.0,2.1,Si_H_rich_F1_HF,surface,0.0,0.0
450.0,2.1,Si_H_rich_F2_HF,surface,0.0,0.0
450.0,2.1,Si_H_rich_F3_HF,surface,0.0,0.0
450.0,2.1,bridge_N_F0,surface,0.0,0.0
450.0,2.1,bridge_N_F1,surface,0.09375,9.375e-05
450.0,2.1,bridge_N_F2,surface,5.21875,0.00521875
450.0,2.1,bridge_N_F3,surface,144.6875,0.1446875
450.0,2.1,bridge_N_residual,surface,0.0,0.0
450.0,2.1,bridge_N_F0_HF,surface,0.0,0.0
450.0,2.1,bridge_N_F1_HF,surface,0.0,0.0
450.0,2.1,bridge_N_F2_HF,surface,0.0,0.0
450.0,2.1,bridge_N_F3_HF,surface,0.0,0.0
450.0,2.1,pre_SiH2F,surface,0.0,0.0
450.0,2.1,pre_SiH2F_HF,surface,0.0,0.0
450.0,2.1,pre_SiH2F_residual,surface,100.0,0.1
450.0,2.1,pre_SiHF2,surface,23.734375,0.023734375
450.0,2.1,pre_SiHF2_HF,surface,0.0,0.0
450.0,2.1,pre_SiHF2_residual,surface,76.265625,0.076265625
450.0,2.1,Si_Si_F1,surface,0.0078125,7.8125e-06
450.0,2.1,Si_Si_F1_HF,surface,0.0,0.0
450.0,2.1,Si_Si_cleaved_F2_H,surface,99.9921875,0.0999921875
450.0,2.1,HF,reservoir_net,-2363.0234375,-2.3630234375
450.0,2.1,H2,gas_product,0.0,0.0
450.0,2.1,NH3,gas_product,447.2578125,0.4472578125
450.0,2.1,SiF4,gas_product,296.140625,0.296140625
450.0,2.1,SiH2F2,gas_product,100.0,0.1
450.0,2.1,SiHF3,gas_product,76.265625,0.076265625
450.0,2.15,bridge_NH_F0,surface,0.015625,1.5625e-05
450.0,2.15,bridge_NH_F1,surface,0.1015625,0.0001015625
450.0,2.15,bridge_NH_F2,surface,0.9765625,0.0009765625
450.0,2.15,bridge_NH_F3,surface,2.765625,0.002765625
450.0,2.15,bridge_NH_residual,surface,296.140625,0.296140625
450.0,2.15,bridge_NH_F0_HF,surface,0.0,0.0
450.0,2.15,bridge_NH_F1_HF,surface,0.0,0.0
450.0,2.15,bridge_NH_F2_HF,surface,0.0,0.0
450.0,2.15,bridge_NH_F3_HF,surface,0.0,0.0
450.0,2.15,terminal_NH2_F0,surface,0.015625,1.5625e-05
450.0,2.15,terminal_NH2_F1,surface,0.0859375,8.59375e-05
450.0,2.15,terminal_NH2_F2,surface,2.5234375,0.0025234375
450.0,2.15,terminal_NH2_F3,surface,147.375,0.147375
450.0,2.15,terminal_NH2_residual,surface,0.0,0.0
450.0,2.15,terminal_NH2_F0_HF,surface,0.0,0.0
450.0,2.15,terminal_NH2_F1_HF,surface,0.0,0.0
450.0,2.15,terminal_NH2_F2_HF,surface,0.0,0.0
450.0,2.15,terminal_NH2_F3_HF,surface,0.0,0.0
450.0,2.15,Si_H_rich_F0,surface,100.0,0.1
450.0,2.15,Si_H_rich_F1,surface,0.0,0.0
450.0,2.15,Si_H_rich_F2,surface,0.0,0.0
450.0,2.15,Si_H_rich_F3,surface,0.0,0.0
450.0,2.15,Si_H_rich_residual,surface,0.0,0.0
450.0,2.15,Si_H_rich_F0_HF,surface,0.0,0.0
450.0,2.15,Si_H_rich_F1_HF,surface,0.0,0.0
450.0,2.15,Si_H_rich_F2_HF,surface,0.0,0.0
450.0,2.15,Si_H_rich_F3_HF,surface,0.0,0.0
450.0,2.15,bridge_N_F0,surface,0.0,0.0
450.0,2.15,bridge_N_F1,surface,0.09375,9.375e-05
450.0,2.15,bridge_N_F2,surface,5.21875,0.00521875
450.0,2.15,bridge_N_F3,surface,144.6875,0.1446875
450.0,2.15,bridge_N_residual,surface,0.0,0.0
450.0,2.15,bridge_N_F0_HF,surface,0.0,0.0
450.0,2.15,bridge_N_F1_HF,surface,0.0,0.0
450.0,2.15,bridge_N_F2_HF,surface,0.0,0.0
450.0,2.15,bridge_N_F3_HF,surface,0.0,0.0
450.0,2.15,pre_SiH2F,surface,0.0,0.0
450.0,2.15,pre_SiH2F_HF,surface,0.0,0.0
450.0,2.15,pre_SiH2F_residual,surface,100.0,0.1
450.0,2.15,pre_SiHF2,surface,23.734375,0.023734375
450.0,2.15,pre_SiHF2_HF,surface,0.0,0.0
450.0,2.15,pre_SiHF2_residual,surface,76.265625,0.076265625
450.0,2.15,Si_Si_F1,surface,0.0078125,7.8125e-06
450.0,2.15,Si_Si_F1_HF,surface,0.0,0.0
450.0,2.15,Si_Si_cleaved_F2_H,surface,99.9921875,0.0999921875
450.0,2.15,HF,reservoir_net,-2363.0234375,-2.3630234375
450.0,2.15,H2,gas_product,0.0,0.0
450.0,2.15,NH3,gas_product,447.2578125,0.4472578125
450.0,2.15,SiF4,gas_product,296.140625,0.296140625
450.0,2.15,SiH2F2,gas_product,100.0,0.1
450.0,2.15,SiHF3,gas_product,76.265625,0.076265625
450.0,2.2,bridge_NH_F0,surface,0.015625,1.5625e-05
450.0,2.2,bridge_NH_F1,surface,0.1015625,0.0001015625
450.0,2.2,bridge_NH_F2,surface,0.9765625,0.0009765625
450.0,2.2,bridge_NH_F3,surface,2.765625,0.002765625
450.0,2.2,bridge_NH_residual,surface,296.140625,0.296140625
450.0,2.2,bridge_NH_F0_HF,surface,0.0,0.0
450.0,2.2,bridge_NH_F1_HF,surface,0.0,0.0
450.0,2.2,bridge_NH_F2_HF,surface,0.0,0.0
450.0,2.2,bridge_NH_F3_HF,surface,0.0,0.0
450.0,2.2,terminal_NH2_F0,surface,0.015625,1.5625e-05
450.0,2.2,terminal_NH2_F1,surface,0.0859375,8.59375e-05
450.0,2.2,terminal_NH2_F2,surface,2.5234375,0.0025234375
450.0,2.2,terminal_NH2_F3,surface,147.375,0.147375
450.0,2.2,terminal_NH2_residual,surface,0.0,0.0
450.0,2.2,terminal_NH2_F0_HF,surface,0.0,0.0
450.0,2.2,terminal_NH2_F1_HF,surface,0.0,0.0
450.0,2.2,terminal_NH2_F2_HF,surface,0.0,0.0
450.0,2.2,terminal_NH2_F3_HF,surface,0.0,0.0
450.0,2.2,Si_H_rich_F0,surface,100.0,0.1
450.0,2.2,Si_H_rich_F1,surface,0.0,0.0
450.0,2.2,Si_H_rich_F2,surface,0.0,0.0
450.0,2.2,Si_H_rich_F3,surface,0.0,0.0
450.0,2.2,Si_H_rich_residual,surface,0.0,0.0
450.0,2.2,Si_H_rich_F0_HF,surface,0.0,0.0
450.0,2.2,Si_H_rich_F1_HF,surface,0.0,0.0
450.0,2.2,Si_H_rich_F2_HF,surface,0.0,0.0
450.0,2.2,Si_H_rich_F3_HF,surface,0.0,0.0
450.0,2.2,bridge_N_F0,surface,0.0,0.0
450.0,2.2,bridge_N_F1,surface,0.09375,9.375e-05
450.0,2.2,bridge_N_F2,surface,5.21875,0.00521875
450.0,2.2,bridge_N_F3,surface,144.6875,0.1446875
450.0,2.2,bridge_N_residual,surface,0.0,0.0
450.0,2.2,bridge_N_F0_HF,surface,0.0,0.0
450.0,2.2,bridge_N_F1_HF,surface,0.0,0.0
450.0,2.2,bridge_N_F2_HF,surface,0.0,0.0
450.0,2.2,bridge_N_F3_HF,surface,0.0,0.0
450.0,2.2,pre_SiH2F,surface,0.0,0.0
450.0,2.2,pre_SiH2F_HF,surface,0.0,0.0
450.0,2.2,pre_SiH2F_residual,surface,100.0,0.1
450.0,2.2,pre_SiHF2,surface,23.734375,0.023734375
450.0,2.2,pre_SiHF2_HF,surface,0.0,0.0
450.0,2.2,pre_SiHF2_residual,surface,76.265625,0.076265625
450.0,2.2,Si_Si_F1,surface,0.0078125,7.8125e-06
450.0,2.2,Si_Si_F1_HF,surface,0.0,0.0
450.0,2.2,Si_Si_cleaved_F2_H,surface,99.9921875,0.0999921875
450.0,2.2,HF,reservoir_net,-2363.0234375,-2.3630234375
450.0,2.2,H2,gas_product,0.0,0.0
450.0,2.2,NH3,gas_product,447.2578125,0.4472578125
450.0,2.2,SiF4,gas_product,296.140625,0.296140625
450.0,2.2,SiH2F2,gas_product,100.0,0.1
450.0,2.2,SiHF3,gas_product,76.265625,0.076265625
450.0,2.25,bridge_NH_F0,surface,0.015625,1.5625e-05
450.0,2.25,bridge_NH_F1,surface,0.1015625,0.0001015625
450.0,2.25,bridge_NH_F2,surface,0.9765625,0.0009765625
450.0,2.25,bridge_NH_F3,surface,2.765625,0.002765625
450.0,2.25,bridge_NH_residual,surface,296.140625,0.296140625
450.0,2.25,bridge_NH_F0_HF,surface,0.0,0.0
450.0,2.25,bridge_NH_F1_HF,surface,0.0,0.0
450.0,2.25,bridge_NH_F2_HF,surface,0.0,0.0
450.0,2.25,bridge_NH_F3_HF,surface,0.0,0.0
450.0,2.25,terminal_NH2_F0,surface,0.015625,1.5625e-05
450.0,2.25,terminal_NH2_F1,surface,0.0859375,8.59375e-05
450.0,2.25,terminal_NH2_F2,surface,2.5234375,0.0025234375
450.0,2.25,terminal_NH2_F3,surface,147.375,0.147375
450.0,2.25,terminal_NH2_residual,surface,0.0,0.0
450.0,2.25,terminal_NH2_F0_HF,surface,0.0,0.0
450.0,2.25,terminal_NH2_F1_HF,surface,0.0,0.0
450.0,2.25,terminal_NH2_F2_HF,surface,0.0,0.0
450.0,2.25,terminal_NH2_F3_HF,surface,0.0,0.0
450.0,2.25,Si_H_rich_F0,surface,100.0,0.1
450.0,2.25,Si_H_rich_F1,surface,0.0,0.0
450.0,2.25,Si_H_rich_F2,surface,0.0,0.0
450.0,2.25,Si_H_rich_F3,surface,0.0,0.0
450.0,2.25,Si_H_rich_residual,surface,0.0,0.0
450.0,2.25,Si_H_rich_F0_HF,surface,0.0,0.0
450.0,2.25,Si_H_rich_F1_HF,surface,0.0,0.0
450.0,2.25,Si_H_rich_F2_HF,surface,0.0,0.0
450.0,2.25,Si_H_rich_F3_HF,surface,0.0,0.0
450.0,2.25,bridge_N_F0,surface,0.0,0.0
450.0,2.25,bridge_N_F1,surface,0.09375,9.375e-05
450.0,2.25,bridge_N_F2,surface,5.21875,0.00521875
450.0,2.25,bridge_N_F3,surface,144.6875,0.1446875
450.0,2.25,bridge_N_residual,surface,0.0,0.0
450.0,2.25,bridge_N_F0_HF,surface,0.0,0.0
450.0,2.25,bridge_N_F1_HF,surface,0.0,0.0
450.0,2.25,bridge_N_F2_HF,surface,0.0,0.0
450.0,2.25,bridge_N_F3_HF,surface,0.0,0.0
450.0,2.25,pre_SiH2F,surface,0.0,0.0
450.0,2.25,pre_SiH2F_HF,surface,0.0,0.0
450.0,2.25,pre_SiH2F_residual,surface,100.0,0.1
450.0,2.25,pre_SiHF2,surface,23.734375,0.023734375
450.0,2.25,pre_SiHF2_HF,surface,0.0,0.0
450.0,2.25,pre_SiHF2_residual,surface,76.265625,0.076265625
450.0,2.25,Si_Si_F1,surface,0.0078125,7.8125e-06
450.0,2.25,Si_Si_F1_HF,surface,0.0,0.0
450.0,2.25,Si_Si_cleaved_F2_H,surface,99.9921875,0.0999921875
450.0,2.25,HF,reservoir_net,-2363.0234375,-2.3630234375
450.0,2.25,H2,gas_product,0.0,0.0
450.0,2.25,NH3,gas_product,447.2578125,0.4472578125
450.0,2.25,SiF4,gas_product,296.140625,0.296140625
450.0,2.25,SiH2F2,gas_product,100.0,0.1
450.0,2.25,SiHF3,gas_product,76.265625,0.076265625
450.0,2.3000000000000003,bridge_NH_F0,surface,0.015625,1.5625e-05
450.0,2.3000000000000003,bridge_NH_F1,surface,0.1015625,0.0001015625
450.0,2.3000000000000003,bridge_NH_F2,surface,0.9765625,0.0009765625
450.0,2.3000000000000003,bridge_NH_F3,surface,2.765625,0.002765625
450.0,2.3000000000000003,bridge_NH_residual,surface,296.140625,0.296140625
450.0,2.3000000000000003,bridge_NH_F0_HF,surface,0.0,0.0
450.0,2.3000000000000003,bridge_NH_F1_HF,surface,0.0,0.0
450.0,2.3000000000000003,bridge_NH_F2_HF,surface,0.0,0.0
450.0,2.3000000000000003,bridge_NH_F3_HF,surface,0.0,0.0
450.0,2.3000000000000003,terminal_NH2_F0,surface,0.015625,1.5625e-05
450.0,2.3000000000000003,terminal_NH2_F1,surface,0.0859375,8.59375e-05
450.0,2.3000000000000003,terminal_NH2_F2,surface,2.5234375,0.0025234375
450.0,2.3000000000000003,terminal_NH2_F3,surface,147.375,0.147375
450.0,2.3000000000000003,terminal_NH2_residual,surface,0.0,0.0
450.0,2.3000000000000003,terminal_NH2_F0_HF,surface,0.0,0.0
450.0,2.3000000000000003,terminal_NH2_F1_HF,surface,0.0,0.0
450.0,2.3000000000000003,terminal_NH2_F2_HF,surface,0.0,0.0
450.0,2.3000000000000003,terminal_NH2_F3_HF,surface,0.0,0.0
450.0,2.3000000000000003,Si_H_rich_F0,surface,100.0,0.1
450.0,2.3000000000000003,Si_H_rich_F1,surface,0.0,0.0
450.0,2.3000000000000003,Si_H_rich_F2,surface,0.0,0.0
450.0,2.3000000000000003,Si_H_rich_F3,surface,0.0,0.0
450.0,2.3000000000000003,Si_H_rich_residual,surface,0.0,0.0
450.0,2.3000000000000003,Si_H_rich_F0_HF,surface,0.0,0.0
450.0,2.3000000000000003,Si_H_rich_F1_HF,surface,0.0,0.0
450.0,2.3000000000000003,Si_H_rich_F2_HF,surface,0.0,0.0
450.0,2.3000000000000003,Si_H_rich_F3_HF,surface,0.0,0.0
450.0,2.3000000000000003,bridge_N_F0,surface,0.0,0.0
450.0,2.3000000000000003,bridge_N_F1,surface,0.09375,9.375e-05
450.0,2.3000000000000003,bridge_N_F2,surface,5.21875,0.00521875
450.0,2.3000000000000003,bridge_N_F3,surface,144.6875,0.1446875
450.0,2.3000000000000003,bridge_N_residual,surface,0.0,0.0
450.0,2.3000000000000003,bridge_N_F0_HF,surface,0.0,0.0
450.0,2.3000000000000003,bridge_N_F1_HF,surface,0.0,0.0
450.0,2.3000000000000003,bridge_N_F2_HF,surface,0.0,0.0
450.0,2.3000000000000003,bridge_N_F3_HF,surface,0.0,0.0
450.0,2.3000000000000003,pre_SiH2F,surface,0.0,0.0
450.0,2.3000000000000003,pre_SiH2F_HF,surface,0.0,0.0
450.0,2.3000000000000003,pre_SiH2F_residual,surface,100.0,0.1
450.0,2.3000000000000003,pre_SiHF2,surface,23.734375,0.023734375
450.0,2.3000000000000003,pre_SiHF2_HF,surface,0.0,0.0
450.0,2.3000000000000003,pre_SiHF2_residual,surface,76.265625,0.076265625
450.0,2.3000000000000003,Si_Si_F1,surface,0.0078125,7.8125e-06
450.0,2.3000000000000003,Si_Si_F1_HF,surface,0.0,0.0
450.0,2.3000000000000003,Si_Si_cleaved_F2_H,surface,99.9921875,0.0999921875
450.0,2.3000000000000003,HF,reservoir_net,-2363.0234375,-2.3630234375
450.0,2.3000000000000003,H2,gas_product,0.0,0.0
450.0,2.3000000000000003,NH3,gas_product,447.2578125,0.4472578125
450.0,2.3000000000000003,SiF4,gas_product,296.140625,0.296140625
450.0,2.3000000000000003,SiH2F2,gas_product,100.0,0.1
450.0,2.3000000000000003,SiHF3,gas_product,76.265625,0.076265625
450.0,2.35,bridge_NH_F0,surface,0.015625,1.5625e-05
450.0,2.35,bridge_NH_F1,surface,0.1015625,0.0001015625
450.0,2.35,bridge_NH_F2,surface,0.9765625,0.0009765625
450.0,2.35,bridge_NH_F3,surface,2.765625,0.002765625
450.0,2.35,bridge_NH_residual,surface,296.140625,0.296140625
450.0,2.35,bridge_NH_F0_HF,surface,0.0,0.0
450.0,2.35,bridge_NH_F1_HF,surface,0.0,0.0
450.0,2.35,bridge_NH_F2_HF,surface,0.0,0.0
450.0,2.35,bridge_NH_F3_HF,surface,0.0,0.0
450.0,2.35,terminal_NH2_F0,surface,0.015625,1.5625e-05
450.0,2.35,terminal_NH2_F1,surface,0.0859375,8.59375e-05
450.0,2.35,terminal_NH2_F2,surface,2.5234375,0.0025234375
450.0,2.35,terminal_NH2_F3,surface,147.375,0.147375
450.0,2.35,terminal_NH2_residual,surface,0.0,0.0
450.0,2.35,terminal_NH2_F0_HF,surface,0.0,0.0
450.0,2.35,terminal_NH2_F1_HF,surface,0.0,0.0
450.0,2.35,terminal_NH2_F2_HF,surface,0.0,0.0
450.0,2.35,terminal_NH2_F3_HF,surface,0.0,0.0
450.0,2.35,Si_H_rich_F0,surface,100.0,0.1
450.0,2.35,Si_H_rich_F1,surface,0.0,0.0
450.0,2.35,Si_H_rich_F2,surface,0.0,0.0
450.0,2.35,Si_H_rich_F3,surface,0.0,0.0
450.0,2.35,Si_H_rich_residual,surface,0.0,0.0
450.0,2.35,Si_H_rich_F0_HF,surface,0.0,0.0
450.0,2.35,Si_H_rich_F1_HF,surface,0.0,0.0
450.0,2.35,Si_H_rich_F2_HF,surface,0.0,0.0
450.0,2.35,Si_H_rich_F3_HF,surface,0.0,0.0
450.0,2.35,bridge_N_F0,surface,0.0,0.0
450.0,2.35,bridge_N_F1,surface,0.09375,9.375e-05
450.0,2.35,bridge_N_F2,surface,5.21875,0.00521875
450.0,2.35,bridge_N_F3,surface,144.6875,0.1446875
450.0,2.35,bridge_N_residual,surface,0.0,0.0
450.0,2.35,bridge_N_F0_HF,surface,0.0,0.0
450.0,2.35,bridge_N_F1_HF,surface,0.0,0.0
450.0,2.35,bridge_N_F2_HF,surface,0.0,0.0
450.0,2.35,bridge_N_F3_HF,surface,0.0,0.0
450.0,2.35,pre_SiH2F,surface,0.0,0.0
450.0,2.35,pre_SiH2F_HF,surface,0.0,0.0
450.0,2.35,pre_SiH2F_residual,surface,100.0,0.1
450.0,2.35,pre_SiHF2,surface,23.734375,0.023734375
450.0,2.35,pre_SiHF2_HF,surface,0.0,0.0
450.0,2.35,pre_SiHF2_residual,surface,76.265625,0.076265625
450.0,2.35,Si_Si_F1,surface,0.0078125,7.8125e-06
450.0,2.35,Si_Si_F1_HF,surface,0.0,0.0
450.0,2.35,Si_Si_cleaved_F2_H,surface,99.9921875,0.0999921875
450.0,2.35,HF,reservoir_net,-2363.0234375,-2.3630234375
450.0,2.35,H2,gas_product,0.0,0.0
450.0,2.35,NH3,gas_product,447.2578125,0.4472578125
450.0,2.35,SiF4,gas_product,296.140625,0.296140625
450.0,2.35,SiH2F2,gas_product,100.0,0.1
450.0,2.35,SiHF3,gas_product,76.265625,0.076265625
450.0,2.4000000000000004,bridge_NH_F0,surface,0.015625,1.5625e-05
450.0,2.4000000000000004,bridge_NH_F1,surface,0.1015625,0.0001015625
450.0,2.4000000000000004,bridge_NH_F2,surface,0.9765625,0.0009765625
450.0,2.4000000000000004,bridge_NH_F3,surface,2.765625,0.002765625
450.0,2.4000000000000004,bridge_NH_residual,surface,296.140625,0.296140625
450.0,2.4000000000000004,bridge_NH_F0_HF,surface,0.0,0.0
450.0,2.4000000000000004,bridge_NH_F1_HF,surface,0.0,0.0
450.0,2.4000000000000004,bridge_NH_F2_HF,surface,0.0,0.0
450.0,2.4000000000000004,bridge_NH_F3_HF,surface,0.0,0.0
450.0,2.4000000000000004,terminal_NH2_F0,surface,0.015625,1.5625e-05
450.0,2.4000000000000004,terminal_NH2_F1,surface,0.0859375,8.59375e-05
450.0,2.4000000000000004,terminal_NH2_F2,surface,2.5234375,0.0025234375
450.0,2.4000000000000004,terminal_NH2_F3,surface,147.375,0.147375
450.0,2.4000000000000004,terminal_NH2_residual,surface,0.0,0.0
450.0,2.4000000000000004,terminal_NH2_F0_HF,surface,0.0,0.0
450.0,2.4000000000000004,terminal_NH2_F1_HF,surface,0.0,0.0
450.0,2.4000000000000004,terminal_NH2_F2_HF,surface,0.0,0.0
450.0,2.4000000000000004,terminal_NH2_F3_HF,surface,0.0,0.0
450.0,2.4000000000000004,Si_H_rich_F0,surface,100.0,0.1
450.0,2.4000000000000004,Si_H_rich_F1,surface,0.0,0.0
450.0,2.4000000000000004,Si_H_rich_F2,surface,0.0,0.0
450.0,2.4000000000000004,Si_H_rich_F3,surface,0.0,0.0
450.0,2.4000000000000004,Si_H_rich_residual,surface,0.0,0.0
450.0,2.4000000000000004,Si_H_rich_F0_HF,surface,0.0,0.0
450.0,2.4000000000000004,Si_H_rich_F1_HF,surface,0.0,0.0
450.0,2.4000000000000004,Si_H_rich_F2_HF,surface,0.0,0.0
450.0,2.4000000000000004,Si_H_rich_F3_HF,surface,0.0,0.0
450.0,2.4000000000000004,bridge_N_F0,surface,0.0,0.0
450.0,2.4000000000000004,bridge_N_F1,surface,0.09375,9.375e-05
450.0,2.4000000000000004,bridge_N_F2,surface,5.21875,0.00521875
450.0,2.4000000000000004,bridge_N_F3,surface,144.6875,0.1446875
450.0,2.4000000000000004,bridge_N_residual,surface,0.0,0.0
450.0,2.4000000000000004,bridge_N_F0_HF,surface,0.0,0.0
450.0,2.4000000000000004,bridge_N_F1_HF,surface,0.0,0.0
450.0,2.4000000000000004,bridge_N_F2_HF,surface,0.0,0.0
450.0,2.4000000000000004,bridge_N_F3_HF,surface,0.0,0.0
450.0,2.4000000000000004,pre_SiH2F,surface,0.0,0.0
450.0,2.4000000000000004,pre_SiH2F_HF,surface,0.0,0.0
450.0,2.4000000000000004,pre_SiH2F_residual,surface,100.0,0.1
450.0,2.4000000000000004,pre_SiHF2,surface,23.734375,0.023734375
450.0,2.4000000000000004,pre_SiHF2_HF,surface,0.0,0.0
450.0,2.4000000000000004,pre_SiHF2_residual,surface,76.265625,0.076265625
450.0,2.4000000000000004,Si_Si_F1,surface,0.0078125,7.8125e-06
450.0,2.4000000000000004,Si_Si_F1_HF,surface,0.0,0.0
450.0,2.4000000000000004,Si_Si_cleaved_F2_H,surface,99.9921875,0.0999921875
450.0,2.4000000000000004,HF,reservoir_net,-2363.0234375,-2.3630234375
450.0,2.4000000000000004,H2,gas_product,0.0,0.0
450.0,2.4000000000000004,NH3,gas_product,447.2578125,0.4472578125
450.0,2.4000000000000004,SiF4,gas_product,296.140625,0.296140625
450.0,2.4000000000000004,SiH2F2,gas_product,100.0,0.1
450.0,2.4000000000000004,SiHF3,gas_product,76.265625,0.076265625
450.0,2.45,bridge_NH_F0,surface,0.015625,1.5625e-05
450.0,2.45,bridge_NH_F1,surface,0.1015625,0.0001015625
450.0,2.45,bridge_NH_F2,surface,0.9765625,0.0009765625
450.0,2.45,bridge_NH_F3,surface,2.765625,0.002765625
450.0,2.45,bridge_NH_residual,surface,296.140625,0.296140625
450.0,2.45,bridge_NH_F0_HF,surface,0.0,0.0
450.0,2.45,bridge_NH_F1_HF,surface,0.0,0.0
450.0,2.45,bridge_NH_F2_HF,surface,0.0,0.0
450.0,2.45,bridge_NH_F3_HF,surface,0.0,0.0
450.0,2.45,terminal_NH2_F0,surface,0.015625,1.5625e-05
450.0,2.45,terminal_NH2_F1,surface,0.0859375,8.59375e-05
450.0,2.45,terminal_NH2_F2,surface,2.5234375,0.0025234375
450.0,2.45,terminal_NH2_F3,surface,147.375,0.147375
450.0,2.45,terminal_NH2_residual,surface,0.0,0.0
450.0,2.45,terminal_NH2_F0_HF,surface,0.0,0.0
450.0,2.45,terminal_NH2_F1_HF,surface,0.0,0.0
450.0,2.45,terminal_NH2_F2_HF,surface,0.0,0.0
450.0,2.45,terminal_NH2_F3_HF,surface,0.0,0.0
450.0,2.45,Si_H_rich_F0,surface,100.0,0.1
450.0,2.45,Si_H_rich_F1,surface,0.0,0.0
450.0,2.45,Si_H_rich_F2,surface,0.0,0.0
450.0,2.45,Si_H_rich_F3,surface,0.0,0.0
450.0,2.45,Si_H_rich_residual,surface,0.0,0.0
450.0,2.45,Si_H_rich_F0_HF,surface,0.0,0.0
450.0,2.45,Si_H_rich_F1_HF,surface,0.0,0.0
450.0,2.45,Si_H_rich_F2_HF,surface,0.0,0.0
450.0,2.45,Si_H_rich_F3_HF,surface,0.0,0.0
450.0,2.45,bridge_N_F0,surface,0.0,0.0
450.0,2.45,bridge_N_F1,surface,0.09375,9.375e-05
450.0,2.45,bridge_N_F2,surface,5.21875,0.00521875
450.0,2.45,bridge_N_F3,surface,144.6875,0.1446875
450.0,2.45,bridge_N_residual,surface,0.0,0.0
450.0,2.45,bridge_N_F0_HF,surface,0.0,0.0
450.0,2.45,bridge_N_F1_HF,surface,0.0,0.0
450.0,2.45,bridge_N_F2_HF,surface,0.0,0.0
450.0,2.45,bridge_N_F3_HF,surface,0.0,0.0
450.0,2.45,pre_SiH2F,surface,0.0,0.0
450.0,2.45,pre_SiH2F_HF,surface,0.0,0.0
450.0,2.45,pre_SiH2F_residual,surface,100.0,0.1
450.0,2.45,pre_SiHF2,surface,23.734375,0.023734375
450.0,2.45,pre_SiHF2_HF,surface,0.0,0.0
450.0,2.45,pre_SiHF2_residual,surface,76.265625,0.076265625
450.0,2.45,Si_Si_F1,surface,0.0078125,7.8125e-06
450.0,2.45,Si_Si_F1_HF,surface,0.0,0.0
450.0,2.45,Si_Si_cleaved_F2_H,surface,99.9921875,0.0999921875
450.0,2.45,HF,reservoir_net,-2363.0234375,-2.3630234375
450.0,2.45,H2,gas_product,0.0,0.0
450.0,2.45,NH3,gas_product,447.2578125,0.4472578125
450.0,2.45,SiF4,gas_product,296.140625,0.296140625
450.0,2.45,SiH2F2,gas_product,100.0,0.1
450.0,2.45,SiHF3,gas_product,76.265625,0.076265625
450.0,2.5,bridge_NH_F0,surface,0.015625,1.5625e-05
450.0,2.5,bridge_NH_F1,surface,0.1015625,0.0001015625
450.0,2.5,bridge_NH_F2,surface,0.9765625,0.0009765625
450.0,2.5,bridge_NH_F3,surface,2.765625,0.002765625
450.0,2.5,bridge_NH_residual,surface,296.140625,0.296140625
450.0,2.5,bridge_NH_F0_HF,surface,0.0,0.0
450.0,2.5,bridge_NH_F1_HF,surface,0.0,0.0
450.0,2.5,bridge_NH_F2_HF,surface,0.0,0.0
450.0,2.5,bridge_NH_F3_HF,surface,0.0,0.0
450.0,2.5,terminal_NH2_F0,surface,0.015625,1.5625e-05
450.0,2.5,terminal_NH2_F1,surface,0.0859375,8.59375e-05
450.0,2.5,terminal_NH2_F2,surface,2.5234375,0.0025234375
450.0,2.5,terminal_NH2_F3,surface,147.375,0.147375
450.0,2.5,terminal_NH2_residual,surface,0.0,0.0
450.0,2.5,terminal_NH2_F0_HF,surface,0.0,0.0
450.0,2.5,terminal_NH2_F1_HF,surface,0.0,0.0
450.0,2.5,terminal_NH2_F2_HF,surface,0.0,0.0
450.0,2.5,terminal_NH2_F3_HF,surface,0.0,0.0
450.0,2.5,Si_H_rich_F0,surface,100.0,0.1
450.0,2.5,Si_H_rich_F1,surface,0.0,0.0
450.0,2.5,Si_H_rich_F2,surface,0.0,0.0
450.0,2.5,Si_H_rich_F3,surface,0.0,0.0
450.0,2.5,Si_H_rich_residual,surface,0.0,0.0
450.0,2.5,Si_H_rich_F0_HF,surface,0.0,0.0
450.0,2.5,Si_H_rich_F1_HF,surface,0.0,0.0
450.0,2.5,Si_H_rich_F2_HF,surface,0.0,0.0
450.0,2.5,Si_H_rich_F3_HF,surface,0.0,0.0
450.0,2.5,bridge_N_F0,surface,0.0,0.0
450.0,2.5,bridge_N_F1,surface,0.09375,9.375e-05
450.0,2.5,bridge_N_F2,surface,5.21875,0.00521875
450.0,2.5,bridge_N_F3,surface,144.6875,0.1446875
450.0,2.5,bridge_N_residual,surface,0.0,0.0
450.0,2.5,bridge_N_F0_HF,surface,0.0,0.0
450.0,2.5,bridge_N_F1_HF,surface,0.0,0.0
450.0,2.5,bridge_N_F2_HF,surface,0.0,0.0
450.0,2.5,bridge_N_F3_HF,surface,0.0,0.0
450.0,2.5,pre_SiH2F,surface,0.0,0.0
450.0,2.5,pre_SiH2F_HF,surface,0.0,0.0
450.0,2.5,pre_SiH2F_residual,surface,100.0,0.1
450.0,2.5,pre_SiHF2,surface,23.734375,0.023734375
450.0,2.5,pre_SiHF2_HF,surface,0.0,0.0
450.0,2.5,pre_SiHF2_residual,surface,76.265625,0.076265625
450.0,2.5,Si_Si_F1,surface,0.0078125,7.8125e-06
450.0,2.5,Si_Si_F1_HF,surface,0.0,0.0
450.0,2.5,Si_Si_cleaved_F2_H,surface,99.9921875,0.0999921875
450.0,2.5,HF,reservoir_net,-2363.0234375,-2.3630234375
450.0,2.5,H2,gas_product,0.0,0.0
450.0,2.5,NH3,gas_product,447.2578125,0.4472578125
450.0,2.5,SiF4,gas_product,296.140625,0.296140625
450.0,2.5,SiH2F2,gas_product,100.0,0.1
450.0,2.5,SiHF3,gas_product,76.265625,0.076265625
450.0,2.5500000000000003,bridge_NH_F0,surface,0.015625,1.5625e-05
450.0,2.5500000000000003,bridge_NH_F1,surface,0.1015625,0.0001015625
450.0,2.5500000000000003,bridge_NH_F2,surface,0.9765625,0.0009765625
450.0,2.5500000000000003,bridge_NH_F3,surface,2.765625,0.002765625
450.0,2.5500000000000003,bridge_NH_residual,surface,296.140625,0.296140625
450.0,2.5500000000000003,bridge_NH_F0_HF,surface,0.0,0.0
450.0,2.5500000000000003,bridge_NH_F1_HF,surface,0.0,0.0
450.0,2.5500000000000003,bridge_NH_F2_HF,surface,0.0,0.0
450.0,2.5500000000000003,bridge_NH_F3_HF,surface,0.0,0.0
450.0,2.5500000000000003,terminal_NH2_F0,surface,0.015625,1.5625e-05
450.0,2.5500000000000003,terminal_NH2_F1,surface,0.0859375,8.59375e-05
450.0,2.5500000000000003,terminal_NH2_F2,surface,2.5234375,0.0025234375
450.0,2.5500000000000003,terminal_NH2_F3,surface,147.375,0.147375
450.0,2.5500000000000003,terminal_NH2_residual,surface,0.0,0.0
450.0,2.5500000000000003,terminal_NH2_F0_HF,surface,0.0,0.0
450.0,2.5500000000000003,terminal_NH2_F1_HF,surface,0.0,0.0
450.0,2.5500000000000003,terminal_NH2_F2_HF,surface,0.0,0.0
450.0,2.5500000000000003,terminal_NH2_F3_HF,surface,0.0,0.0
450.0,2.5500000000000003,Si_H_rich_F0,surface,100.0,0.1
450.0,2.5500000000000003,Si_H_rich_F1,surface,0.0,0.0
450.0,2.5500000000000003,Si_H_rich_F2,surface,0.0,0.0
450.0,2.5500000000000003,Si_H_rich_F3,surface,0.0,0.0
450.0,2.5500000000000003,Si_H_rich_residual,surface,0.0,0.0
450.0,2.5500000000000003,Si_H_rich_F0_HF,surface,0.0,0.0
450.0,2.5500000000000003,Si_H_rich_F1_HF,surface,0.0,0.0
450.0,2.5500000000000003,Si_H_rich_F2_HF,surface,0.0,0.0
450.0,2.5500000000000003,Si_H_rich_F3_HF,surface,0.0,0.0
450.0,2.5500000000000003,bridge_N_F0,surface,0.0,0.0
450.0,2.5500000000000003,bridge_N_F1,surface,0.09375,9.375e-05
450.0,2.5500000000000003,bridge_N_F2,surface,5.21875,0.00521875
450.0,2.5500000000000003,bridge_N_F3,surface,144.6875,0.1446875
450.0,2.5500000000000003,bridge_N_residual,surface,0.0,0.0
450.0,2.5500000000000003,bridge_N_F0_HF,surface,0.0,0.0
450.0,2.5500000000000003,bridge_N_F1_HF,surface,0.0,0.0
450.0,2.5500000000000003,bridge_N_F2_HF,surface,0.0,0.0
450.0,2.5500000000000003,bridge_N_F3_HF,surface,0.0,0.0
450.0,2.5500000000000003,pre_SiH2F,surface,0.0,0.0
450.0,2.5500000000000003,pre_SiH2F_HF,surface,0.0,0.0
450.0,2.5500000000000003,pre_SiH2F_residual,surface,100.0,0.1
450.0,2.5500000000000003,pre_SiHF2,surface,23.734375,0.023734375
450.0,2.5500000000000003,pre_SiHF2_HF,surface,0.0,0.0
450.0,2.5500000000000003,pre_SiHF2_residual,surface,76.265625,0.076265625
450.0,2.5500000000000003,Si_Si_F1,surface,0.0078125,7.8125e-06
450.0,2.5500000000000003,Si_Si_F1_HF,surface,0.0,0.0
450.0,2.5500000000000003,Si_Si_cleaved_F2_H,surface,99.9921875,0.0999921875
450.0,2.5500000000000003,HF,reservoir_net,-2363.0234375,-2.3630234375
450.0,2.5500000000000003,H2,gas_product,0.0,0.0
450.0,2.5500000000000003,NH3,gas_product,447.2578125,0.4472578125
450.0,2.5500000000000003,SiF4,gas_product,296.140625,0.296140625
450.0,2.5500000000000003,SiH2F2,gas_product,100.0,0.1
450.0,2.5500000000000003,SiHF3,gas_product,76.265625,0.076265625
450.0,2.6,bridge_NH_F0,surface,0.015625,1.5625e-05
450.0,2.6,bridge_NH_F1,surface,0.1015625,0.0001015625
450.0,2.6,bridge_NH_F2,surface,0.9765625,0.0009765625
450.0,2.6,bridge_NH_F3,surface,2.765625,0.002765625
450.0,2.6,bridge_NH_residual,surface,296.140625,0.296140625
450.0,2.6,bridge_NH_F0_HF,surface,0.0,0.0
450.0,2.6,bridge_NH_F1_HF,surface,0.0,0.0
450.0,2.6,bridge_NH_F2_HF,surface,0.0,0.0
450.0,2.6,bridge_NH_F3_HF,surface,0.0,0.0
450.0,2.6,terminal_NH2_F0,surface,0.015625,1.5625e-05
450.0,2.6,terminal_NH2_F1,surface,0.0859375,8.59375e-05
450.0,2.6,terminal_NH2_F2,surface,2.5234375,0.0025234375
450.0,2.6,terminal_NH2_F3,surface,147.375,0.147375
450.0,2.6,terminal_NH2_residual,surface,0.0,0.0
450.0,2.6,terminal_NH2_F0_HF,surface,0.0,0.0
450.0,2.6,terminal_NH2_F1_HF,surface,0.0,0.0
450.0,2.6,terminal_NH2_F2_HF,surface,0.0,0.0
450.0,2.6,terminal_NH2_F3_HF,surface,0.0,0.0
450.0,2.6,Si_H_rich_F0,surface,100.0,0.1
450.0,2.6,Si_H_rich_F1,surface,0.0,0.0
450.0,2.6,Si_H_rich_F2,surface,0.0,0.0
450.0,2.6,Si_H_rich_F3,surface,0.0,0.0
450.0,2.6,Si_H_rich_residual,surface,0.0,0.0
450.0,2.6,Si_H_rich_F0_HF,surface,0.0,0.0
450.0,2.6,Si_H_rich_F1_HF,surface,0.0,0.0
450.0,2.6,Si_H_rich_F2_HF,surface,0.0,0.0
450.0,2.6,Si_H_rich_F3_HF,surface,0.0,0.0
450.0,2.6,bridge_N_F0,surface,0.0,0.0
450.0,2.6,bridge_N_F1,surface,0.09375,9.375e-05
450.0,2.6,bridge_N_F2,surface,5.21875,0.00521875
450.0,2.6,bridge_N_F3,surface,144.6875,0.1446875
450.0,2.6,bridge_N_residual,surface,0.0,0.0
450.0,2.6,bridge_N_F0_HF,surface,0.0,0.0
450.0,2.6,bridge_N_F1_HF,surface,0.0,0.0
450.0,2.6,bridge_N_F2_HF,surface,0.0,0.0
450.0,2.6,bridge_N_F3_HF,surface,0.0,0.0
450.0,2.6,pre_SiH2F,surface,0.0,0.0
450.0,2.6,pre_SiH2F_HF,surface,0.0,0.0
450.0,2.6,pre_SiH2F_residual,surface,100.0,0.1
450.0,2.6,pre_SiHF2,surface,23.734375,0.023734375
450.0,2.6,pre_SiHF2_HF,surface,0.0,0.0
450.0,2.6,pre_SiHF2_residual,surface,76.265625,0.076265625
450.0,2.6,Si_Si_F1,surface,0.0078125,7.8125e-06
450.0,2.6,Si_Si_F1_HF,surface,0.0,0.0
450.0,2.6,Si_Si_cleaved_F2_H,surface,99.9921875,0.0999921875
450.0,2.6,HF,reservoir_net,-2363.0234375,-2.3630234375
450.0,2.6,H2,gas_product,0.0,0.0
450.0,2.6,NH3,gas_product,447.2578125,0.4472578125
450.0,2.6,SiF4,gas_product,296.140625,0.296140625
450.0,2.6,SiH2F2,gas_product,100.0,0.1
450.0,2.6,SiHF3,gas_product,76.265625,0.076265625
450.0,2.6500000000000004,bridge_NH_F0,surface,0.015625,1.5625e-05
450.0,2.6500000000000004,bridge_NH_F1,surface,0.1015625,0.0001015625
450.0,2.6500000000000004,bridge_NH_F2,surface,0.9765625,0.0009765625
450.0,2.6500000000000004,bridge_NH_F3,surface,2.765625,0.002765625
450.0,2.6500000000000004,bridge_NH_residual,surface,296.140625,0.296140625
450.0,2.6500000000000004,bridge_NH_F0_HF,surface,0.0,0.0
450.0,2.6500000000000004,bridge_NH_F1_HF,surface,0.0,0.0
450.0,2.6500000000000004,bridge_NH_F2_HF,surface,0.0,0.0
450.0,2.6500000000000004,bridge_NH_F3_HF,surface,0.0,0.0
450.0,2.6500000000000004,terminal_NH2_F0,surface,0.015625,1.5625e-05
450.0,2.6500000000000004,terminal_NH2_F1,surface,0.0859375,8.59375e-05
450.0,2.6500000000000004,terminal_NH2_F2,surface,2.5234375,0.0025234375
450.0,2.6500000000000004,terminal_NH2_F3,surface,147.375,0.147375
450.0,2.6500000000000004,terminal_NH2_residual,surface,0.0,0.0
450.0,2.6500000000000004,terminal_NH2_F0_HF,surface,0.0,0.0
450.0,2.6500000000000004,terminal_NH2_F1_HF,surface,0.0,0.0
450.0,2.6500000000000004,terminal_NH2_F2_HF,surface,0.0,0.0
450.0,2.6500000000000004,terminal_NH2_F3_HF,surface,0.0,0.0
450.0,2.6500000000000004,Si_H_rich_F0,surface,100.0,0.1
450.0,2.6500000000000004,Si_H_rich_F1,surface,0.0,0.0
450.0,2.6500000000000004,Si_H_rich_F2,surface,0.0,0.0
450.0,2.6500000000000004,Si_H_rich_F3,surface,0.0,0.0
450.0,2.6500000000000004,Si_H_rich_residual,surface,0.0,0.0
450.0,2.6500000000000004,Si_H_rich_F0_HF,surface,0.0,0.0
450.0,2.6500000000000004,Si_H_rich_F1_HF,surface,0.0,0.0
450.0,2.6500000000000004,Si_H_rich_F2_HF,surface,0.0,0.0
450.0,2.6500000000000004,Si_H_rich_F3_HF,surface,0.0,0.0
450.0,2.6500000000000004,bridge_N_F0,surface,0.0,0.0
450.0,2.6500000000000004,bridge_N_F1,surface,0.09375,9.375e-05
450.0,2.6500000000000004,bridge_N_F2,surface,5.21875,0.00521875
450.0,2.6500000000000004,bridge_N_F3,surface,144.6875,0.1446875
450.0,2.6500000000000004,bridge_N_residual,surface,0.0,0.0
450.0,2.6500000000000004,bridge_N_F0_HF,surface,0.0,0.0
450.0,2.6500000000000004,bridge_N_F1_HF,surface,0.0,0.0
450.0,2.6500000000000004,bridge_N_F2_HF,surface,0.0,0.0
450.0,2.6500000000000004,bridge_N_F3_HF,surface,0.0,0.0
450.0,2.6500000000000004,pre_SiH2F,surface,0.0,0.0
450.0,2.6500000000000004,pre_SiH2F_HF,surface,0.0,0.0
450.0,2.6500000000000004,pre_SiH2F_residual,surface,100.0,0.1
450.0,2.6500000000000004,pre_SiHF2,surface,23.734375,0.023734375
450.0,2.6500000000000004,pre_SiHF2_HF,surface,0.0,0.0
450.0,2.6500000000000004,pre_SiHF2_residual,surface,76.265625,0.076265625
450.0,2.6500000000000004,Si_Si_F1,surface,0.0078125,7.8125e-06
450.0,2.6500000000000004,Si_Si_F1_HF,surface,0.0,0.0
450.0,2.6500000000000004,Si_Si_cleaved_F2_H,surface,99.9921875,0.0999921875
450.0,2.6500000000000004,HF,reservoir_net,-2363.0234375,-2.3630234375
450.0,2.6500000000000004,H2,gas_product,0.0,0.0
450.0,2.6500000000000004,NH3,gas_product,447.2578125,0.4472578125
450.0,2.6500000000000004,SiF4,gas_product,296.140625,0.296140625
450.0,2.6500000000000004,SiH2F2,gas_product,100.0,0.1
450.0,2.6500000000000004,SiHF3,gas_product,76.265625,0.076265625
450.0,2.7,bridge_NH_F0,surface,0.015625,1.5625e-05
450.0,2.7,bridge_NH_F1,surface,0.1015625,0.0001015625
450.0,2.7,bridge_NH_F2,surface,0.9765625,0.0009765625
450.0,2.7,bridge_NH_F3,surface,2.765625,0.002765625
450.0,2.7,bridge_NH_residual,surface,296.140625,0.296140625
450.0,2.7,bridge_NH_F0_HF,surface,0.0,0.0
450.0,2.7,bridge_NH_F1_HF,surface,0.0,0.0
450.0,2.7,bridge_NH_F2_HF,surface,0.0,0.0
450.0,2.7,bridge_NH_F3_HF,surface,0.0,0.0
450.0,2.7,terminal_NH2_F0,surface,0.015625,1.5625e-05
450.0,2.7,terminal_NH2_F1,surface,0.0859375,8.59375e-05
450.0,2.7,terminal_NH2_F2,surface,2.5234375,0.0025234375
450.0,2.7,terminal_NH2_F3,surface,147.375,0.147375
450.0,2.7,terminal_NH2_residual,surface,0.0,0.0
450.0,2.7,terminal_NH2_F0_HF,surface,0.0,0.0
450.0,2.7,terminal_NH2_F1_HF,surface,0.0,0.0
450.0,2.7,terminal_NH2_F2_HF,surface,0.0,0.0
450.0,2.7,terminal_NH2_F3_HF,surface,0.0,0.0
450.0,2.7,Si_H_rich_F0,surface,100.0,0.1
450.0,2.7,Si_H_rich_F1,surface,0.0,0.0
450.0,2.7,Si_H_rich_F2,surface,0.0,0.0
450.0,2.7,Si_H_rich_F3,surface,0.0,0.0
450.0,2.7,Si_H_rich_residual,surface,0.0,0.0
450.0,2.7,Si_H_rich_F0_HF,surface,0.0,0.0
450.0,2.7,Si_H_rich_F1_HF,surface,0.0,0.0
450.0,2.7,Si_H_rich_F2_HF,surface,0.0,0.0
450.0,2.7,Si_H_rich_F3_HF,surface,0.0,0.0
450.0,2.7,bridge_N_F0,surface,0.0,0.0
450.0,2.7,bridge_N_F1,surface,0.09375,9.375e-05
450.0,2.7,bridge_N_F2,surface,5.21875,0.00521875
450.0,2.7,bridge_N_F3,surface,144.6875,0.1446875
450.0,2.7,bridge_N_residual,surface,0.0,0.0
450.0,2.7,bridge_N_F0_HF,surface,0.0,0.0
450.0,2.7,bridge_N_F1_HF,surface,0.0,0.0
450.0,2.7,bridge_N_F2_HF,surface,0.0,0.0
450.0,2.7,bridge_N_F3_HF,surface,0.0,0.0
450.0,2.7,pre_SiH2F,surface,0.0,0.0
450.0,2.7,pre_SiH2F_HF,surface,0.0,0.0
450.0,2.7,pre_SiH2F_residual,surface,100.0,0.1
450.0,2.7,pre_SiHF2,surface,23.734375,0.023734375
450.0,2.7,pre_SiHF2_HF,surface,0.0,0.0
450.0,2.7,pre_SiHF2_residual,surface,76.265625,0.076265625
450.0,2.7,Si_Si_F1,surface,0.0078125,7.8125e-06
450.0,2.7,Si_Si_F1_HF,surface,0.0,0.0
450.0,2.7,Si_Si_cleaved_F2_H,surface,99.9921875,0.0999921875
450.0,2.7,HF,reservoir_net,-2363.0234375,-2.3630234375
450.0,2.7,H2,gas_product,0.0,0.0
450.0,2.7,NH3,gas_product,447.2578125,0.4472578125
450.0,2.7,SiF4,gas_product,296.140625,0.296140625
450.0,2.7,SiH2F2,gas_product,100.0,0.1
450.0,2.7,SiHF3,gas_product,76.265625,0.076265625
450.0,2.75,bridge_NH_F0,surface,0.015625,1.5625e-05
450.0,2.75,bridge_NH_F1,surface,0.1015625,0.0001015625
450.0,2.75,bridge_NH_F2,surface,0.9765625,0.0009765625
450.0,2.75,bridge_NH_F3,surface,2.765625,0.002765625
450.0,2.75,bridge_NH_residual,surface,296.140625,0.296140625
450.0,2.75,bridge_NH_F0_HF,surface,0.0,0.0
450.0,2.75,bridge_NH_F1_HF,surface,0.0,0.0
450.0,2.75,bridge_NH_F2_HF,surface,0.0,0.0
450.0,2.75,bridge_NH_F3_HF,surface,0.0,0.0
450.0,2.75,terminal_NH2_F0,surface,0.015625,1.5625e-05
450.0,2.75,terminal_NH2_F1,surface,0.0859375,8.59375e-05
450.0,2.75,terminal_NH2_F2,surface,2.5234375,0.0025234375
450.0,2.75,terminal_NH2_F3,surface,147.375,0.147375
450.0,2.75,terminal_NH2_residual,surface,0.0,0.0
450.0,2.75,terminal_NH2_F0_HF,surface,0.0,0.0
450.0,2.75,terminal_NH2_F1_HF,surface,0.0,0.0
450.0,2.75,terminal_NH2_F2_HF,surface,0.0,0.0
450.0,2.75,terminal_NH2_F3_HF,surface,0.0,0.0
450.0,2.75,Si_H_rich_F0,surface,100.0,0.1
450.0,2.75,Si_H_rich_F1,surface,0.0,0.0
450.0,2.75,Si_H_rich_F2,surface,0.0,0.0
450.0,2.75,Si_H_rich_F3,surface,0.0,0.0
450.0,2.75,Si_H_rich_residual,surface,0.0,0.0
450.0,2.75,Si_H_rich_F0_HF,surface,0.0,0.0
450.0,2.75,Si_H_rich_F1_HF,surface,0.0,0.0
450.0,2.75,Si_H_rich_F2_HF,surface,0.0,0.0
450.0,2.75,Si_H_rich_F3_HF,surface,0.0,0.0
450.0,2.75,bridge_N_F0,surface,0.0,0.0
450.0,2.75,bridge_N_F1,surface,0.09375,9.375e-05
450.0,2.75,bridge_N_F2,surface,5.21875,0.00521875
450.0,2.75,bridge_N_F3,surface,144.6875,0.1446875
450.0,2.75,bridge_N_residual,surface,0.0,0.0
450.0,2.75,bridge_N_F0_HF,surface,0.0,0.0
450.0,2.75,bridge_N_F1_HF,surface,0.0,0.0
450.0,2.75,bridge_N_F2_HF,surface,0.0,0.0
450.0,2.75,bridge_N_F3_HF,surface,0.0,0.0
450.0,2.75,pre_SiH2F,surface,0.0,0.0
450.0,2.75,pre_SiH2F_HF,surface,0.0,0.0
450.0,2.75,pre_SiH2F_residual,surface,100.0,0.1
450.0,2.75,pre_SiHF2,surface,23.734375,0.023734375
450.0,2.75,pre_SiHF2_HF,surface,0.0,0.0
450.0,2.75,pre_SiHF2_residual,surface,76.265625,0.076265625
450.0,2.75,Si_Si_F1,surface,0.0078125,7.8125e-06
450.0,2.75,Si_Si_F1_HF,surface,0.0,0.0
450.0,2.75,Si_Si_cleaved_F2_H,surface,99.9921875,0.0999921875
450.0,2.75,HF,reservoir_net,-2363.0234375,-2.3630234375
450.0,2.75,H2,gas_product,0.0,0.0
450.0,2.75,NH3,gas_product,447.2578125,0.4472578125
450.0,2.75,SiF4,gas_product,296.140625,0.296140625
450.0,2.75,SiH2F2,gas_product,100.0,0.1
450.0,2.75,SiHF3,gas_product,76.265625,0.076265625
450.0,2.8000000000000003,bridge_NH_F0,surface,0.015625,1.5625e-05
450.0,2.8000000000000003,bridge_NH_F1,surface,0.1015625,0.0001015625
450.0,2.8000000000000003,bridge_NH_F2,surface,0.9765625,0.0009765625
450.0,2.8000000000000003,bridge_NH_F3,surface,2.765625,0.002765625
450.0,2.8000000000000003,bridge_NH_residual,surface,296.140625,0.296140625
450.0,2.8000000000000003,bridge_NH_F0_HF,surface,0.0,0.0
450.0,2.8000000000000003,bridge_NH_F1_HF,surface,0.0,0.0
450.0,2.8000000000000003,bridge_NH_F2_HF,surface,0.0,0.0
450.0,2.8000000000000003,bridge_NH_F3_HF,surface,0.0,0.0
450.0,2.8000000000000003,terminal_NH2_F0,surface,0.015625,1.5625e-05
450.0,2.8000000000000003,terminal_NH2_F1,surface,0.0859375,8.59375e-05
450.0,2.8000000000000003,terminal_NH2_F2,surface,2.5234375,0.0025234375
450.0,2.8000000000000003,terminal_NH2_F3,surface,147.375,0.147375
450.0,2.8000000000000003,terminal_NH2_residual,surface,0.0,0.0
450.0,2.8000000000000003,terminal_NH2_F0_HF,surface,0.0,0.0
450.0,2.8000000000000003,terminal_NH2_F1_HF,surface,0.0,0.0
450.0,2.8000000000000003,terminal_NH2_F2_HF,surface,0.0,0.0
450.0,2.8000000000000003,terminal_NH2_F3_HF,surface,0.0,0.0
450.0,2.8000000000000003,Si_H_rich_F0,surface,100.0,0.1
450.0,2.8000000000000003,Si_H_rich_F1,surface,0.0,0.0
450.0,2.8000000000000003,Si_H_rich_F2,surface,0.0,0.0
450.0,2.8000000000000003,Si_H_rich_F3,surface,0.0,0.0
450.0,2.8000000000000003,Si_H_rich_residual,surface,0.0,0.0
450.0,2.8000000000000003,Si_H_rich_F0_HF,surface,0.0,0.0
450.0,2.8000000000000003,Si_H_rich_F1_HF,surface,0.0,0.0
450.0,2.8000000000000003,Si_H_rich_F2_HF,surface,0.0,0.0
450.0,2.8000000000000003,Si_H_rich_F3_HF,surface,0.0,0.0
450.0,2.8000000000000003,bridge_N_F0,surface,0.0,0.0
450.0,2.8000000000000003,bridge_N_F1,surface,0.09375,9.375e-05
450.0,2.8000000000000003,bridge_N_F2,surface,5.21875,0.00521875
450.0,2.8000000000000003,bridge_N_F3,surface,144.6875,0.1446875
450.0,2.8000000000000003,bridge_N_residual,surface,0.0,0.0
450.0,2.8000000000000003,bridge_N_F0_HF,surface,0.0,0.0
450.0,2.8000000000000003,bridge_N_F1_HF,surface,0.0,0.0
450.0,2.8000000000000003,bridge_N_F2_HF,surface,0.0,0.0
450.0,2.8000000000000003,bridge_N_F3_HF,surface,0.0,0.0
450.0,2.8000000000000003,pre_SiH2F,surface,0.0,0.0
450.0,2.8000000000000003,pre_SiH2F_HF,surface,0.0,0.0
450.0,2.8000000000000003,pre_SiH2F_residual,surface,100.0,0.1
450.0,2.8000000000000003,pre_SiHF2,surface,23.734375,0.023734375
450.0,2.8000000000000003,pre_SiHF2_HF,surface,0.0,0.0
450.0,2.8000000000000003,pre_SiHF2_residual,surface,76.265625,0.076265625
450.0,2.8000000000000003,Si_Si_F1,surface,0.0078125,7.8125e-06
450.0,2.8000000000000003,Si_Si_F1_HF,surface,0.0,0.0
450.0,2.8000000000000003,Si_Si_cleaved_F2_H,surface,99.9921875,0.0999921875
450.0,2.8000000000000003,HF,reservoir_net,-2363.0234375,-2.3630234375
450.0,2.8000000000000003,H2,gas_product,0.0,0.0
450.0,2.8000000000000003,NH3,gas_product,447.2578125,0.4472578125
450.0,2.8000000000000003,SiF4,gas_product,296.140625,0.296140625
450.0,2.8000000000000003,SiH2F2,gas_product,100.0,0.1
450.0,2.8000000000000003,SiHF3,gas_product,76.265625,0.076265625
450.0,2.85,bridge_NH_F0,surface,0.015625,1.5625e-05
450.0,2.85,bridge_NH_F1,surface,0.1015625,0.0001015625
450.0,2.85,bridge_NH_F2,surface,0.9765625,0.0009765625
450.0,2.85,bridge_NH_F3,surface,2.765625,0.002765625
450.0,2.85,bridge_NH_residual,surface,296.140625,0.296140625
450.0,2.85,bridge_NH_F0_HF,surface,0.0,0.0
450.0,2.85,bridge_NH_F1_HF,surface,0.0,0.0
450.0,2.85,bridge_NH_F2_HF,surface,0.0,0.0
450.0,2.85,bridge_NH_F3_HF,surface,0.0,0.0
450.0,2.85,terminal_NH2_F0,surface,0.015625,1.5625e-05
450.0,2.85,terminal_NH2_F1,surface,0.0859375,8.59375e-05
450.0,2.85,terminal_NH2_F2,surface,2.5234375,0.0025234375
450.0,2.85,terminal_NH2_F3,surface,147.375,0.147375
450.0,2.85,terminal_NH2_residual,surface,0.0,0.0
450.0,2.85,terminal_NH2_F0_HF,surface,0.0,0.0
450.0,2.85,terminal_NH2_F1_HF,surface,0.0,0.0
450.0,2.85,terminal_NH2_F2_HF,surface,0.0,0.0
450.0,2.85,terminal_NH2_F3_HF,surface,0.0,0.0
450.0,2.85,Si_H_rich_F0,surface,100.0,0.1
450.0,2.85,Si_H_rich_F1,surface,0.0,0.0
450.0,2.85,Si_H_rich_F2,surface,0.0,0.0
450.0,2.85,Si_H_rich_F3,surface,0.0,0.0
450.0,2.85,Si_H_rich_residual,surface,0.0,0.0
450.0,2.85,Si_H_rich_F0_HF,surface,0.0,0.0
450.0,2.85,Si_H_rich_F1_HF,surface,0.0,0.0
450.0,2.85,Si_H_rich_F2_HF,surface,0.0,0.0
450.0,2.85,Si_H_rich_F3_HF,surface,0.0,0.0
450.0,2.85,bridge_N_F0,surface,0.0,0.0
450.0,2.85,bridge_N_F1,surface,0.09375,9.375e-05
450.0,2.85,bridge_N_F2,surface,5.21875,0.00521875
450.0,2.85,bridge_N_F3,surface,144.6875,0.1446875
450.0,2.85,bridge_N_residual,surface,0.0,0.0
450.0,2.85,bridge_N_F0_HF,surface,0.0,0.0
450.0,2.85,bridge_N_F1_HF,surface,0.0,0.0
450.0,2.85,bridge_N_F2_HF,surface,0.0,0.0
450.0,2.85,bridge_N_F3_HF,surface,0.0,0.0
450.0,2.85,pre_SiH2F,surface,0.0,0.0
450.0,2.85,pre_SiH2F_HF,surface,0.0,0.0
450.0,2.85,pre_SiH2F_residual,surface,100.0,0.1
450.0,2.85,pre_SiHF2,surface,23.734375,0.023734375
450.0,2.85,pre_SiHF2_HF,surface,0.0,0.0
450.0,2.85,pre_SiHF2_residual,surface,76.265625,0.076265625
450.0,2.85,Si_Si_F1,surface,0.0078125,7.8125e-06
450.0,2.85,Si_Si_F1_HF,surface,0.0,0.0
450.0,2.85,Si_Si_cleaved_F2_H,surface,99.9921875,0.0999921875
450.0,2.85,HF,reservoir_net,-2363.0234375,-2.3630234375
450.0,2.85,H2,gas_product,0.0,0.0
450.0,2.85,NH3,gas_product,447.2578125,0.4472578125
450.0,2.85,SiF4,gas_product,296.140625,0.296140625
450.0,2.85,SiH2F2,gas_product,100.0,0.1
450.0,2.85,SiHF3,gas_product,76.265625,0.076265625
450.0,2.9000000000000004,bridge_NH_F0,surface,0.015625,1.5625e-05
450.0,2.9000000000000004,bridge_NH_F1,surface,0.1015625,0.0001015625
450.0,2.9000000000000004,bridge_NH_F2,surface,0.9765625,0.0009765625
450.0,2.9000000000000004,bridge_NH_F3,surface,2.765625,0.002765625
450.0,2.9000000000000004,bridge_NH_residual,surface,296.140625,0.296140625
450.0,2.9000000000000004,bridge_NH_F0_HF,surface,0.0,0.0
450.0,2.9000000000000004,bridge_NH_F1_HF,surface,0.0,0.0
450.0,2.9000000000000004,bridge_NH_F2_HF,surface,0.0,0.0
450.0,2.9000000000000004,bridge_NH_F3_HF,surface,0.0,0.0
450.0,2.9000000000000004,terminal_NH2_F0,surface,0.015625,1.5625e-05
450.0,2.9000000000000004,terminal_NH2_F1,surface,0.0859375,8.59375e-05
450.0,2.9000000000000004,terminal_NH2_F2,surface,2.5234375,0.0025234375
450.0,2.9000000000000004,terminal_NH2_F3,surface,147.375,0.147375
450.0,2.9000000000000004,terminal_NH2_residual,surface,0.0,0.0
450.0,2.9000000000000004,terminal_NH2_F0_HF,surface,0.0,0.0
450.0,2.9000000000000004,terminal_NH2_F1_HF,surface,0.0,0.0
450.0,2.9000000000000004,terminal_NH2_F2_HF,surface,0.0,0.0
450.0,2.9000000000000004,terminal_NH2_F3_HF,surface,0.0,0.0
450.0,2.9000000000000004,Si_H_rich_F0,surface,100.0,0.1
450.0,2.9000000000000004,Si_H_rich_F1,surface,0.0,0.0
450.0,2.9000000000000004,Si_H_rich_F2,surface,0.0,0.0
450.0,2.9000000000000004,Si_H_rich_F3,surface,0.0,0.0
450.0,2.9000000000000004,Si_H_rich_residual,surface,0.0,0.0
450.0,2.9000000000000004,Si_H_rich_F0_HF,surface,0.0,0.0
450.0,2.9000000000000004,Si_H_rich_F1_HF,surface,0.0,0.0
450.0,2.9000000000000004,Si_H_rich_F2_HF,surface,0.0,0.0
450.0,2.9000000000000004,Si_H_rich_F3_HF,surface,0.0,0.0
450.0,2.9000000000000004,bridge_N_F0,surface,0.0,0.0
450.0,2.9000000000000004,bridge_N_F1,surface,0.09375,9.375e-05
450.0,2.9000000000000004,bridge_N_F2,surface,5.21875,0.00521875
450.0,2.9000000000000004,bridge_N_F3,surface,144.6875,0.1446875
450.0,2.9000000000000004,bridge_N_residual,surface,0.0,0.0
450.0,2.9000000000000004,bridge_N_F0_HF,surface,0.0,0.0
450.0,2.9000000000000004,bridge_N_F1_HF,surface,0.0,0.0
450.0,2.9000000000000004,bridge_N_F2_HF,surface,0.0,0.0
450.0,2.9000000000000004,bridge_N_F3_HF,surface,0.0,0.0
450.0,2.9000000000000004,pre_SiH2F,surface,0.0,0.0
450.0,2.9000000000000004,pre_SiH2F_HF,surface,0.0,0.0
450.0,2.9000000000000004,pre_SiH2F_residual,surface,100.0,0.1
450.0,2.9000000000000004,pre_SiHF2,surface,23.734375,0.023734375
450.0,2.9000000000000004,pre_SiHF2_HF,surface,0.0,0.0
450.0,2.9000000000000004,pre_SiHF2_residual,surface,76.265625,0.076265625
450.0,2.9000000000000004,Si_Si_F1,surface,0.0078125,7.8125e-06
450.0,2.9000000000000004,Si_Si_F1_HF,surface,0.0,0.0
450.0,2.9000000000000004,Si_Si_cleaved_F2_H,surface,99.9921875,0.0999921875
450.0,2.9000000000000004,HF,reservoir_net,-2363.0234375,-2.3630234375
450.0,2.9000000000000004,H2,gas_product,0.0,0.0
450.0,2.9000000000000004,NH3,gas_product,447.2578125,0.4472578125
450.0,2.9000000000000004,SiF4,gas_product,296.140625,0.296140625
450.0,2.9000000000000004,SiH2F2,gas_product,100.0,0.1
450.0,2.9000000000000004,SiHF3,gas_product,76.265625,0.076265625
450.0,2.95,bridge_NH_F0,surface,0.015625,1.5625e-05
450.0,2.95,bridge_NH_F1,surface,0.1015625,0.0001015625
450.0,2.95,bridge_NH_F2,surface,0.9765625,0.0009765625
450.0,2.95,bridge_NH_F3,surface,2.765625,0.002765625
450.0,2.95,bridge_NH_residual,surface,296.140625,0.296140625
450.0,2.95,bridge_NH_F0_HF,surface,0.0,0.0
450.0,2.95,bridge_NH_F1_HF,surface,0.0,0.0
450.0,2.95,bridge_NH_F2_HF,surface,0.0,0.0
450.0,2.95,bridge_NH_F3_HF,surface,0.0,0.0
450.0,2.95,terminal_NH2_F0,surface,0.015625,1.5625e-05
450.0,2.95,terminal_NH2_F1,surface,0.0859375,8.59375e-05
450.0,2.95,terminal_NH2_F2,surface,2.5234375,0.0025234375
450.0,2.95,terminal_NH2_F3,surface,147.375,0.147375
450.0,2.95,terminal_NH2_residual,surface,0.0,0.0
450.0,2.95,terminal_NH2_F0_HF,surface,0.0,0.0
450.0,2.95,terminal_NH2_F1_HF,surface,0.0,0.0
450.0,2.95,terminal_NH2_F2_HF,surface,0.0,0.0
450.0,2.95,terminal_NH2_F3_HF,surface,0.0,0.0
450.0,2.95,Si_H_rich_F0,surface,100.0,0.1
450.0,2.95,Si_H_rich_F1,surface,0.0,0.0
450.0,2.95,Si_H_rich_F2,surface,0.0,0.0
450.0,2.95,Si_H_rich_F3,surface,0.0,0.0
450.0,2.95,Si_H_rich_residual,surface,0.0,0.0
450.0,2.95,Si_H_rich_F0_HF,surface,0.0,0.0
450.0,2.95,Si_H_rich_F1_HF,surface,0.0,0.0
450.0,2.95,Si_H_rich_F2_HF,surface,0.0,0.0
450.0,2.95,Si_H_rich_F3_HF,surface,0.0,0.0
450.0,2.95,bridge_N_F0,surface,0.0,0.0
450.0,2.95,bridge_N_F1,surface,0.09375,9.375e-05
450.0,2.95,bridge_N_F2,surface,5.21875,0.00521875
450.0,2.95,bridge_N_F3,surface,144.6875,0.1446875
450.0,2.95,bridge_N_residual,surface,0.0,0.0
450.0,2.95,bridge_N_F0_HF,surface,0.0,0.0
450.0,2.95,bridge_N_F1_HF,surface,0.0,0.0
450.0,2.95,bridge_N_F2_HF,surface,0.0,0.0
450.0,2.95,bridge_N_F3_HF,surface,0.0,0.0
450.0,2.95,pre_SiH2F,surface,0.0,0.0
450.0,2.95,pre_SiH2F_HF,surface,0.0,0.0
450.0,2.95,pre_SiH2F_residual,surface,100.0,0.1
450.0,2.95,pre_SiHF2,surface,23.734375,0.023734375
450.0,2.95,pre_SiHF2_HF,surface,0.0,0.0
450.0,2.95,pre_SiHF2_residual,surface,76.265625,0.076265625
450.0,2.95,Si_Si_F1,surface,0.0078125,7.8125e-06
450.0,2.95,Si_Si_F1_HF,surface,0.0,0.0
450.0,2.95,Si_Si_cleaved_F2_H,surface,99.9921875,0.0999921875
450.0,2.95,HF,reservoir_net,-2363.0234375,-2.3630234375
450.0,2.95,H2,gas_product,0.0,0.0
450.0,2.95,NH3,gas_product,447.2578125,0.4472578125
450.0,2.95,SiF4,gas_product,296.140625,0.296140625
450.0,2.95,SiH2F2,gas_product,100.0,0.1
450.0,2.95,SiHF3,gas_product,76.265625,0.076265625
450.0,3.0,bridge_NH_F0,surface,0.015625,1.5625e-05
450.0,3.0,bridge_NH_F1,surface,0.1015625,0.0001015625
450.0,3.0,bridge_NH_F2,surface,0.9765625,0.0009765625
450.0,3.0,bridge_NH_F3,surface,2.765625,0.002765625
450.0,3.0,bridge_NH_residual,surface,296.140625,0.296140625
450.0,3.0,bridge_NH_F0_HF,surface,0.0,0.0
450.0,3.0,bridge_NH_F1_HF,surface,0.0,0.0
450.0,3.0,bridge_NH_F2_HF,surface,0.0,0.0
450.0,3.0,bridge_NH_F3_HF,surface,0.0,0.0
450.0,3.0,terminal_NH2_F0,surface,0.015625,1.5625e-05
450.0,3.0,terminal_NH2_F1,surface,0.0859375,8.59375e-05
450.0,3.0,terminal_NH2_F2,surface,2.5234375,0.0025234375
450.0,3.0,terminal_NH2_F3,surface,147.375,0.147375
450.0,3.0,terminal_NH2_residual,surface,0.0,0.0
450.0,3.0,terminal_NH2_F0_HF,surface,0.0,0.0
450.0,3.0,terminal_NH2_F1_HF,surface,0.0,0.0
450.0,3.0,terminal_NH2_F2_HF,surface,0.0,0.0
450.0,3.0,terminal_NH2_F3_HF,surface,0.0,0.0
450.0,3.0,Si_H_rich_F0,surface,100.0,0.1
450.0,3.0,Si_H_rich_F1,surface,0.0,0.0
450.0,3.0,Si_H_rich_F2,surface,0.0,0.0
450.0,3.0,Si_H_rich_F3,surface,0.0,0.0
450.0,3.0,Si_H_rich_residual,surface,0.0,0.0
450.0,3.0,Si_H_rich_F0_HF,surface,0.0,0.0
450.0,3.0,Si_H_rich_F1_HF,surface,0.0,0.0
450.0,3.0,Si_H_rich_F2_HF,surface,0.0,0.0
450.0,3.0,Si_H_rich_F3_HF,surface,0.0,0.0
450.0,3.0,bridge_N_F0,surface,0.0,0.0
450.0,3.0,bridge_N_F1,surface,0.09375,9.375e-05
450.0,3.0,bridge_N_F2,surface,5.21875,0.00521875
450.0,3.0,bridge_N_F3,surface,144.6875,0.1446875
450.0,3.0,bridge_N_residual,surface,0.0,0.0
450.0,3.0,bridge_N_F0_HF,surface,0.0,0.0
450.0,3.0,bridge_N_F1_HF,surface,0.0,0.0
450.0,3.0,bridge_N_F2_HF,surface,0.0,0.0
450.0,3.0,bridge_N_F3_HF,surface,0.0,0.0
450.0,3.0,pre_SiH2F,surface,0.0,0.0
450.0,3.0,pre_SiH2F_HF,surface,0.0,0.0
450.0,3.0,pre_SiH2F_residual,surface,100.0,0.1
450.0,3.0,pre_SiHF2,surface,23.734375,0.023734375
450.0,3.0,pre_SiHF2_HF,surface,0.0,0.0
450.0,3.0,pre_SiHF2_residual,surface,76.265625,0.076265625
450.0,3.0,Si_Si_F1,surface,0.0078125,7.8125e-06
450.0,3.0,Si_Si_F1_HF,surface,0.0,0.0
450.0,3.0,Si_Si_cleaved_F2_H,surface,99.9921875,0.0999921875
450.0,3.0,HF,reservoir_net,-2363.0234375,-2.3630234375
450.0,3.0,H2,gas_product,0.0,0.0
450.0,3.0,NH3,gas_product,447.2578125,0.4472578125
450.0,3.0,SiF4,gas_product,296.140625,0.296140625
450.0,3.0,SiH2F2,gas_product,100.0,0.1
450.0,3.0,SiHF3,gas_product,76.265625,0.076265625
